<?xml version="1.0" encoding="utf-8"?>
<root type="0" typeName="View" time="0" x="0" y="0" width="1280" height="720" visible="true" fillParentWidth="true" fillParentHeight="true" nodeAlign="8">
  <bg type="1" typeName="Image" time="90656128" x="0" y="0" width="900" height="580" visible="true" fillParentWidth="false" fillParentHeight="false" nodeAlign="0" file="room/game_review_list_page_background_back.png" packFile="" gridLeft="11" gridRight="11" gridTop="11" gridBottom="11">
    <Image1 type="1" typeName="Image" time="90831436" x="2" y="50" width="896" height="450" visible="true" fillParentWidth="false" fillParentHeight="false" nodeAlign="8" file="room/game_review_list_page_background_up.png" packFile="" gridLeft="2" gridRight="2" gridTop="2" gridBottom="2"/>
    <Image2 type="1" typeName="Image" time="90831632" x="150" y="52" width="150" height="447" visible="true" fillParentWidth="false" fillParentHeight="false" nodeAlign="8" file="room/game_review_list_page_background_up_dark.png" packFile="" gridLeft="0" gridRight="0" gridTop="0" gridBottom="0"/>
    <Image3 type="1" typeName="Image" time="90831878" x="450" y="52" width="150" height="447" visible="true" fillParentWidth="false" fillParentHeight="false" nodeAlign="8" file="room/game_review_list_page_background_up_dark.png" packFile="" gridLeft="0" gridRight="0" gridTop="0" gridBottom="0"/>
    <Image4 type="1" typeName="Image" time="90831908" x="750" y="52" width="148" height="447" visible="true" fillParentWidth="false" fillParentHeight="false" nodeAlign="8" file="room/game_review_list_page_background_up_dark.png" packFile="" gridLeft="0" gridRight="0" gridTop="0" gridBottom="0"/>
    <Image5 type="1" typeName="Image" time="90832032" x="150" y="0" width="150" height="50" visible="true" fillParentWidth="false" fillParentHeight="false" nodeAlign="8" file="room/game_review_list_page_background_top_dark.png" packFile="" gridLeft="0" gridRight="0" gridTop="0" gridBottom="0"/>
    <Image6 type="1" typeName="Image" time="90832214" x="450" y="0" width="150" height="50" visible="true" fillParentWidth="false" fillParentHeight="false" nodeAlign="8" file="room/game_review_list_page_background_top_dark.png" packFile="" gridLeft="0" gridRight="0" gridTop="0" gridBottom="0"/>
    <Image7 type="1" typeName="Image" time="90832297" x="750" y="0" width="148" height="50" visible="true" fillParentWidth="false" fillParentHeight="false" nodeAlign="8" file="room/game_review_list_page_background_top_dark.png" packFile="" gridLeft="0" gridRight="0" gridTop="0" gridBottom="0"/>
    <Image8 type="1" typeName="Image" time="90832411" x="150" y="500" width="150" height="78" visible="true" fillParentWidth="false" fillParentHeight="false" nodeAlign="8" file="room/game_review_list_page_background_top_dark.png" packFile="" gridLeft="0" gridRight="0" gridTop="0" gridBottom="0"/>
    <Image9 type="1" typeName="Image" time="90832536" x="450" y="500" width="150" height="78" visible="true" fillParentWidth="false" fillParentHeight="false" nodeAlign="8" file="room/game_review_list_page_background_top_dark.png" packFile="" gridLeft="0" gridRight="0" gridTop="0" gridBottom="0"/>
    <Image10 type="1" typeName="Image" time="90832543" x="750" y="500" width="148" height="77" visible="true" fillParentWidth="false" fillParentHeight="false" nodeAlign="8" file="room/game_review_list_page_background_top_dark.png" packFile="" gridLeft="0" gridRight="0" gridTop="0" gridBottom="0"/>
    <top_label1 type="4" typeName="Text" time="90832686" x="0" y="0" width="150" height="50" visible="true" fillParentWidth="false" fillParentHeight="false" nodeAlign="8" fontName="" fontSize="20" textAlign="0" color="0xB2B2B2" string="Text1"/>
    <top_label2 type="4" typeName="Text" time="90833064" x="150" y="0" width="150" height="50" visible="true" fillParentWidth="false" fillParentHeight="false" nodeAlign="8" fontName="" fontSize="20" textAlign="0" color="0xB2B2B2" string="Text1"/>
    <top_label3 type="4" typeName="Text" time="90833066" x="300" y="0" width="150" height="50" visible="true" fillParentWidth="false" fillParentHeight="false" nodeAlign="8" fontName="" fontSize="20" textAlign="0" color="0xB2B2B2" string="Text1"/>
    <top_label4 type="4" typeName="Text" time="90833067" x="450" y="0" width="150" height="50" visible="true" fillParentWidth="false" fillParentHeight="false" nodeAlign="8" fontName="" fontSize="20" textAlign="0" color="0xB2B2B2" string="Text1"/>
    <top_label5 type="4" typeName="Text" time="90833069" x="600" y="0" width="150" height="50" visible="true" fillParentWidth="false" fillParentHeight="false" nodeAlign="8" fontName="" fontSize="20" textAlign="0" color="0xB2B2B2" string="Text1"/>
    <top_label6 type="4" typeName="Text" time="90833070" x="750" y="0" width="150" height="50" visible="true" fillParentWidth="false" fillParentHeight="false" nodeAlign="8" fontName="" fontSize="20" textAlign="0" color="0xB2B2B2" string="Text1"/>
    <public_card_label type="4" typeName="Text" time="90833333" x="0" y="500" width="150" height="80" visible="true" fillParentWidth="false" fillParentHeight="false" nodeAlign="8" fontName="" fontSize="20" textAlign="0" color="0xB2B2B2" string="Text1"/>
    <btn_close type="2" typeName="Button" time="90656302" x="868" y="-25" width="58" height="61" visible="true" fillParentWidth="false" fillParentHeight="false" nodeAlign="8" file="common/dialog/common_close_btn_up.png" file2="" packFile="" gridLeft="0" gridRight="0" gridTop="0" gridBottom="0"/>
  </bg>
</root>
