<?xml version="1.0" encoding="utf-8"?>
<root type="0" typeName="View" time="0" x="0" y="0" width="1280" height="720" visible="true" fillParentWidth="true" fillParentHeight="true" nodeAlign="8">
  <bg type="1" typeName="Image" time="88916146" x="320" y="170" width="640" height="380" visible="true" fillParentWidth="false" fillParentHeight="false" nodeAlign="8" file="common/dialog/common_pop_up_background_back.png" packFile="" gridLeft="11" gridRight="11" gridTop="11" gridBottom="11">
    <img_center_bg type="1" typeName="Image" time="88916663" x="2" y="64" width="636" height="226" visible="true" fillParentWidth="false" fillParentHeight="false" nodeAlign="8" file="common/dialog/common_pop_up_background_up_dark.png" packFile="" gridLeft="0" gridRight="0" gridTop="2" gridBottom="0">
      <img_chip type="1" typeName="Image" time="88917374" x="1" y="0" width="234" height="128" visible="true" fillParentWidth="false" fillParentHeight="false" nodeAlign="7" file="common/common-win-dialog-chips.png" packFile="" gridLeft="0" gridRight="0" gridTop="0" gridBottom="0">
        <img_time_bg type="1" typeName="Image" time="88918198" x="-2" y="-28" width="95" height="65" visible="true" fillParentWidth="false" fillParentHeight="false" nodeAlign="1" file="store/store_user_crash_background.png" packFile="" gridLeft="0" gridRight="0" gridTop="0" gridBottom="0">
          <txt_percent type="4" typeName="Text" time="88918354" x="2" y="9" width="91" height="24" visible="true" fillParentWidth="false" fillParentHeight="false" nodeAlign="8" fontName="" fontSize="20" textAlign="0" color="0x0C0C79" string="+0.85%"/>
          <txt_time type="4" typeName="Text" time="88918489" x="23" y="34" width="72" height="24" visible="true" fillParentWidth="false" fillParentHeight="false" nodeAlign="8" fontName="" fontSize="16" textAlign="7" color="0xFFFFFF" string="00:00:00"/>
        </img_time_bg>
      </img_chip>
      <txt_reason type="5" typeName="TextView" time="88918955" x="2" y="1" width="375" height="128" visible="true" fillParentWidth="false" fillParentHeight="false" nodeAlign="3" fontName="" fontSize="24" textAlign="8" color="0xFFFFFF" string="胜败乃兵家常事，不要灰心，我们可赠送您当日优惠一次。机不可失！"/>
    </img_center_bg>
    <btn_buy_chips type="2" typeName="Button" time="88917629" x="0" y="15" width="216" height="60" visible="true" fillParentWidth="false" fillParentHeight="false" nodeAlign="5" file="common/dialog/common_green_btn_up.png" file2="" packFile="" gridLeft="10" gridRight="10" gridTop="10" gridBottom="10">
      <txt_buy_chips type="4" typeName="Text" time="88917691" x="0" y="0" width="216" height="60" visible="true" fillParentWidth="false" fillParentHeight="false" nodeAlign="0" fontName="" fontSize="28" textAlign="0" color="0xFFFFFF" string="立即购买"/>
    </btn_buy_chips>
    <txt_title type="4" typeName="Text" time="88917980" x="0" y="0" width="640" height="64" visible="true" fillParentWidth="false" fillParentHeight="false" nodeAlign="1" fontName="" fontSize="32" textAlign="0" color="0xFFFFFF" string="很遗憾,您破产了！"/>
    <btn_close type="2" typeName="Button" time="88919351" x="609" y="-21" width="58" height="61" visible="true" fillParentWidth="false" fillParentHeight="false" nodeAlign="8" file="common/dialog/common_close_btn_up.png" file2="" packFile="" gridLeft="0" gridRight="0" gridTop="0" gridBottom="0"/>
  </bg>
</root>
