<?xml version="1.0" encoding="utf-8"?>
<root type="0" typeName="View" time="0" x="0" y="0" width="1280" height="720" visible="true" fillParentWidth="true" fillParentHeight="true" nodeAlign="8" name="">
  <bg type="1" typeName="Image" time="87816502" x="0" y="0" width="776" height="490" visible="true" fillParentWidth="false" fillParentHeight="false" nodeAlign="0" file="common/dialog/common_pop_up_background_back.png" packFile="" gridLeft="11" gridRight="11" gridTop="11" gridBottom="11" name="">
    <head_face type="1" typeName="Image" time="87816864" x="66" y="19" width="150" height="150" visible="true" fillParentWidth="false" fillParentHeight="false" nodeAlign="8" file="userinfo/imgface_8.jpg" packFile="" gridLeft="0" gridRight="0" gridTop="0" gridBottom="0" name="">
      <head_frame type="1" typeName="Image" time="87816921" x="0" y="0" width="154" height="154" visible="true" fillParentWidth="false" fillParentHeight="false" nodeAlign="0" file="userinfo/user_info_photo_frame_female.png" packFile="" gridLeft="9" gridRight="9" gridTop="9" gridBottom="9" name="" />
      <vip type="0" typeName="Image" time="91540655" x="1" y="1" width="40" height="24" nodeAlign="8" visible="true" fillParentWidth="false" fillParentHeight="false" file="store/vip_icon_1.png" name="" />
    </head_face>
    <btn_kick type="0" typeName="Button" time="91541012" x="206" y="37" width="68" height="68" nodeAlign="8" visible="true" fillParentWidth="false" fillParentHeight="false" file="room/user-info-kick-btn-up.png" file2="room/user-info-kick-btn-down.png" name="" />
    <btn_operation type="2" typeName="Button" time="87965535" x="31" y="419" width="217" height="58" visible="true" fillParentWidth="false" fillParentHeight="false" nodeAlign="8" file="userinfo/user_info_add_friend_btn_up.png" file2="userinfo/user_info_add_friend_btn_down.png" packFile="" gridLeft="27" gridRight="28" gridTop="27" gridBottom="28" name="">
      <icon type="1" typeName="Image" time="91185538" x="42" y="0" width="25" height="32" visible="true" fillParentWidth="false" fillParentHeight="false" nodeAlign="7" file="room/user-info-send-gift-btn-icon.png" packFile="" gridLeft="0" gridRight="0" gridTop="0" gridBottom="0" name="" />
      <label type="4" typeName="Text" time="87965916" x="63" y="0" width="200" height="32" visible="true" fillParentWidth="false" fillParentHeight="false" nodeAlign="0" fontName="" fontSize="24" textAlign="7" color="0xF5F5F5" string="text1" name="" />
    </btn_operation>
    <mask type="1" typeName="Image" time="87966332" x="280" y="17" width="480" height="334" visible="true" fillParentWidth="false" fillParentHeight="false" nodeAlign="8" file="common/dialog/common_pop_up_background_up.png" packFile="" gridLeft="10" gridRight="9" gridTop="10" gridBottom="9" name="" />
    <btn_close type="2" typeName="Button" time="87816546" x="745" y="-26" width="58" height="61" visible="true" fillParentWidth="false" fillParentHeight="false" nodeAlign="8" file="common/dialog/common_close_btn_up.png" file2="common/dialog/common_close_btn_down.png" packFile="" gridLeft="0" gridRight="0" gridTop="0" gridBottom="0" name="" />
    <uid type="4" typeName="Text" time="91184956" x="41" y="173" width="200" height="24" visible="true" fillParentWidth="false" fillParentHeight="false" nodeAlign="8" fontName="" fontSize="20" textAlign="0" color="0xF5F5F5" string="uid" name="" />
    <username type="4" typeName="Text" time="91185003" x="43" y="200" width="200" height="32" visible="true" fillParentWidth="false" fillParentHeight="false" nodeAlign="8" fontName="" fontSize="28" textAlign="0" color="0xF5F5F5" string="怡谊" name="" />
    <Image1 type="1" typeName="Image" time="91185067" x="26" y="240" width="29" height="29" visible="true" fillParentWidth="false" fillParentHeight="false" nodeAlign="8" file="main/icon_chip.png" packFile="" gridLeft="0" gridRight="0" gridTop="0" gridBottom="0" name="" />
    <Image2 type="1" typeName="Image" time="91185220" x="27" y="284" width="29" height="34" visible="true" fillParentWidth="false" fillParentHeight="false" nodeAlign="8" file="main/icon_level.png" packFile="" gridLeft="0" gridRight="0" gridTop="0" gridBottom="0" name="" />
    <chip type="4" typeName="Text" time="91185243" x="66" y="236" width="200" height="32" visible="true" fillParentWidth="false" fillParentHeight="false" nodeAlign="8" fontName="" fontSize="28" textAlign="7" color="0xFFFFFF" string="Text1" name="" />
    <level type="4" typeName="Text" time="91185399" x="66" y="283" width="200" height="32" visible="true" fillParentWidth="false" fillParentHeight="false" nodeAlign="8" fontName="" fontSize="28" textAlign="7" color="0xFFFFFF" string="Text1" name="" />
    <win_rate type="4" typeName="Text" time="91185426" x="28" y="321" width="200" height="32" visible="true" fillParentWidth="false" fillParentHeight="false" nodeAlign="8" fontName="" fontSize="24" textAlign="7" color="0xFFFFFF" string="Text1" name="" />
    <ranking type="4" typeName="Text" time="91185481" x="28" y="355" width="200" height="32" visible="true" fillParentWidth="false" fillParentHeight="false" nodeAlign="8" fontName="" fontSize="24" textAlign="7" color="0xFFFFFF" string="Text1" name="" />
    <sendchip_panel type="1" typeName="Image" time="91186449" x="280" y="367" width="480" height="107" visible="true" fillParentWidth="false" fillParentHeight="false" nodeAlign="8" file="common/dialog/common_pop_up_background_up.png" packFile="" gridLeft="10" gridRight="9" gridTop="10" gridBottom="9" name="">
      <btn_send type="2" typeName="Button" time="91186575" x="377" y="9" width="94" height="85" visible="true" fillParentWidth="false" fillParentHeight="false" nodeAlign="8" file="common/dialog/common_green_btn_up.png" file2="common/dialog/common_green_btn_down.png" packFile="" gridLeft="9" gridRight="10" gridTop="9" gridBottom="10" name="">
        <Image3 type="1" typeName="Image" time="91186790" x="0" y="12" width="81" height="31" visible="true" fillParentWidth="false" fillParentHeight="false" nodeAlign="1" file="room/user-info-send-chip-text-bg.png" packFile="" gridLeft="15" gridRight="15" gridTop="15" gridBottom="15" name="" />
        <label_chip type="4" typeName="Text" time="91186968" x="0" y="10" width="200" height="32" visible="true" fillParentWidth="false" fillParentHeight="false" nodeAlign="1" fontName="" fontSize="20" textAlign="0" color="0xFFFFFF" string="Text1" name="" />
        <label_send type="4" typeName="Text" time="91186741" x="0" y="18" width="200" height="32" visible="true" fillParentWidth="false" fillParentHeight="false" nodeAlign="0" fontName="" fontSize="24" textAlign="0" color="0xFFFFFF" string="赠送" name="" />
      </btn_send>
      <slider type="0" typeName="Image" time="91569811" x="35" y="0" width="310" height="30" nodeAlign="7" visible="false" fillParentWidth="false" fillParentHeight="false" file="ui/image.png" name="" />
    </sendchip_panel>
  </bg>
</root>