<?xml version="1.0" encoding="utf-8"?>
<root type="0" typeName="View" time="0" x="0" y="0" width="1280" height="720" visible="true" fillParentWidth="true" fillParentHeight="true" nodeAlign="8">
  <bg type="1" typeName="Image" time="88162100" x="0" y="0" width="620" height="352" visible="true" fillParentWidth="false" fillParentHeight="false" nodeAlign="0" file="common/dialog/common_pop_up_background_back.png" packFile="" gridLeft="11" gridRight="11" gridTop="11" gridBottom="11">
    <btn_close type="2" typeName="Button" time="88162236" x="589" y="-26" width="58" height="61" visible="true" fillParentWidth="false" fillParentHeight="false" nodeAlign="8" file="common/dialog/common_close_btn_up.png" file2="" packFile="" gridLeft="0" gridRight="0" gridTop="0" gridBottom="0"/>
    <head_face type="1" typeName="Image" time="88162366" x="34" y="35" width="155" height="155" visible="true" fillParentWidth="false" fillParentHeight="false" nodeAlign="8" file="userinfo/imgface_8.jpg" packFile="" gridLeft="0" gridRight="0" gridTop="0" gridBottom="0">
      <head_frame type="1" typeName="Image" time="88162637" x="0" y="0" width="155" height="155" visible="true" fillParentWidth="false" fillParentHeight="false" nodeAlign="0" file="userinfo/user_info_photo_frame_male.png" packFile="" gridLeft="9" gridRight="9" gridTop="9" gridBottom="9"/>
      <vip type="1" typeName="Image" time="91165373" x="4" y="4" width="40" height="24" visible="true" fillParentWidth="false" fillParentHeight="false" nodeAlign="8" file="store/vip_icon_1.png" packFile="" gridLeft="0" gridRight="0" gridTop="0" gridBottom="0"/>
    </head_face>
    <username type="4" typeName="Text" time="88162843" x="203" y="41" width="200" height="24" visible="true" fillParentWidth="false" fillParentHeight="false" nodeAlign="8" fontName="" fontSize="24" textAlign="7" color="0xFFFFFF" string="用户名"/>
    <chip_icon type="1" typeName="Image" time="88162885" x="199" y="77" width="34" height="34" visible="true" fillParentWidth="false" fillParentHeight="false" nodeAlign="8" file="userinfo/user_info_chip_icon.png" packFile="" gridLeft="0" gridRight="0" gridTop="0" gridBottom="0"/>
    <chip_label type="4" typeName="Text" time="88162921" x="243" y="84" width="150" height="24" visible="true" fillParentWidth="false" fillParentHeight="false" nodeAlign="8" fontName="" fontSize="24" textAlign="7" color="0xFFFFFF" string="cash"/>
    <level_icon type="1" typeName="Image" time="88162965" x="419" y="81" width="29" height="34" visible="true" fillParentWidth="false" fillParentHeight="false" nodeAlign="8" file="userinfo/icon_level.png" packFile="" gridLeft="0" gridRight="0" gridTop="0" gridBottom="0"/>
    <level_label type="4" typeName="Text" time="88162993" x="458" y="82" width="150" height="24" visible="true" fillParentWidth="false" fillParentHeight="false" nodeAlign="8" fontName="" fontSize="24" textAlign="7" color="0xFFFFFF" string="level"/>
    <ranking type="4" typeName="Text" time="88163034" x="202" y="121" width="200" height="24" visible="true" fillParentWidth="false" fillParentHeight="false" nodeAlign="8" fontName="" fontSize="24" textAlign="7" color="0xFFFFFF" string="排名:"/>
    <score type="4" typeName="Text" time="88163091" x="420" y="121" width="200" height="24" visible="true" fillParentWidth="false" fillParentHeight="false" nodeAlign="8" fontName="" fontSize="24" textAlign="7" color="0xFFFFFF" string="积分:"/>
    <win_rate type="4" typeName="Text" time="88163244" x="202" y="159" width="200" height="24" visible="true" fillParentWidth="false" fillParentHeight="false" nodeAlign="8" fontName="" fontSize="24" textAlign="7" color="0xFFFFFF" string="胜率:"/>
    <uid type="4" typeName="Text" time="91166331" x="11" y="198" width="200" height="32" visible="true" fillParentWidth="false" fillParentHeight="false" nodeAlign="8" fontName="" fontSize="24" textAlign="0" color="0xFFFFFF" string="uid"/>
    <btn_myfriend type="2" typeName="Button" time="88163497" x="23" y="272" width="186" height="56" visible="true" fillParentWidth="false" fillParentHeight="false" nodeAlign="8" file="userinfo/user_info_add_friend_btn_up.png" file2="" packFile="" gridLeft="27" gridRight="28" gridTop="27" gridBottom="28">
      <icon type="1" typeName="Image" time="88163984" x="24" y="0" width="29" height="26" visible="true" fillParentWidth="false" fillParentHeight="false" nodeAlign="7" file="userinfo/user_info_my_friend_btn_icon.png" packFile="" gridLeft="0" gridRight="0" gridTop="0" gridBottom="0"/>
      <btnlabel_myfriend type="4" typeName="Text" time="88164018" x="20" y="0" width="0" height="24" visible="true" fillParentWidth="false" fillParentHeight="false" nodeAlign="0" fontName="" fontSize="24" textAlign="7" color="0xFFFFFF" string="我的好友"/>
    </btn_myfriend>
    <btn_my_prop type="2" typeName="Button" time="88163574" x="0" y="125" width="181" height="56" visible="true" fillParentWidth="false" fillParentHeight="false" nodeAlign="0" file="common/dialog/common_blue_btn_up.png" file2="" packFile="" gridLeft="9" gridRight="9" gridTop="10" gridBottom="10">
      <btnlabel_my_prop type="4" typeName="Text" time="88164110" x="0" y="0" width="200" height="24" visible="true" fillParentWidth="false" fillParentHeight="false" nodeAlign="0" fontName="" fontSize="24" textAlign="0" color="0xFFFFFF" string="我的道具"/>
    </btn_my_prop>
    <btn_my_gift type="2" typeName="Button" time="88163681" x="413" y="272" width="181" height="56" visible="true" fillParentWidth="false" fillParentHeight="false" nodeAlign="8" file="common/dialog/common_green_btn_up.png" file2="" packFile="" gridLeft="9" gridRight="9" gridTop="10" gridBottom="10">
      <btnlabel_my_gift type="4" typeName="Text" time="88164112" x="0" y="0" width="200" height="24" visible="true" fillParentWidth="false" fillParentHeight="false" nodeAlign="0" fontName="" fontSize="24" textAlign="0" color="0xFFFFFF" string="我的礼物"/>
    </btn_my_gift>
  </bg>
</root>
