<?xml version="1.0" encoding="utf-8"?>
<root type="0" typeName="View" time="0" x="0" y="0" width="328" height="640" visible="true" fillParentWidth="false" fillParentHeight="false" nodeAlign="8">
  <bg type="1" typeName="Image" time="91087443" x="0" y="0" width="328" height="640" visible="true" fillParentWidth="false" fillParentHeight="false" nodeAlign="8" file="room/calculator/interactive-pane-background.png" packFile="" gridLeft="9" gridRight="9" gridTop="9" gridBottom="12">
    <txt_title type="4" typeName="Text" time="91093241" x="0" y="4" width="328" height="24" visible="true" fillParentWidth="false" fillParentHeight="false" nodeAlign="8" fontName="" fontSize="24" textAlign="0" color="0xF5F5F5" string="算牌器"/>
    <unit_container type="0" typeName="View" time="91093573" x="4" y="46" width="320" height="592" visible="true" fillParentWidth="false" fillParentHeight="false" nodeAlign="8">
      <item1 type="0" typeName="View" time="91093642" x="0" y="0" width="320" height="64" visible="true" fillParentWidth="false" fillParentHeight="false" nodeAlign="8"/>
      <item2 type="0" typeName="View" time="91093753" x="0" y="74" width="320" height="64" visible="true" fillParentWidth="false" fillParentHeight="false" nodeAlign="8"/>
      <item3 type="0" typeName="View" time="91093759" x="0" y="148" width="320" height="64" visible="true" fillParentWidth="false" fillParentHeight="false" nodeAlign="8"/>
      <item4 type="0" typeName="View" time="91093760" x="0" y="222" width="320" height="64" visible="true" fillParentWidth="false" fillParentHeight="false" nodeAlign="8"/>
      <item5 type="0" typeName="View" time="91093761" x="0" y="296" width="320" height="64" visible="true" fillParentWidth="false" fillParentHeight="false" nodeAlign="8"/>
      <item6 type="0" typeName="View" time="91093762" x="0" y="370" width="320" height="64" visible="true" fillParentWidth="false" fillParentHeight="false" nodeAlign="8"/>
      <item7 type="0" typeName="View" time="91093763" x="0" y="444" width="320" height="64" visible="true" fillParentWidth="false" fillParentHeight="false" nodeAlign="8"/>
      <item8 type="0" typeName="View" time="91093764" x="0" y="518" width="320" height="64" visible="true" fillParentWidth="false" fillParentHeight="false" nodeAlign="8"/>
    </unit_container>
  </bg>
</root>
