<?xml version="1.0" encoding="utf-8"?>
<root type="0" typeName="View" time="0" x="0" y="0" width="1280" height="720" visible="true" fillParentWidth="false" fillParentHeight="false" nodeAlign="8">
  <bg type="1" typeName="Image" time="89867591" x="0" y="0" width="772" height="490" visible="true" fillParentWidth="false" fillParentHeight="false" nodeAlign="0" file="common/dialog/common_pop_up_background_back.png" packFile="" gridLeft="11" gridRight="11" gridTop="11" gridBottom="11">
    <btn_close type="2" typeName="Button" time="89867678" x="739" y="-27" width="58" height="61" visible="true" fillParentWidth="false" fillParentHeight="false" nodeAlign="8" file="common/dialog/common_close_btn_up.png" file2="" packFile="" gridLeft="0" gridRight="0" gridTop="0" gridBottom="0"/>
    <mask type="1" typeName="Image" time="89867710" x="5" y="67" width="763" height="395" visible="true" fillParentWidth="false" fillParentHeight="false" nodeAlign="8" file="common/dialog/common_pop_up_background_up_dark.png" packFile="" gridLeft="0" gridRight="0" gridTop="2" gridBottom="0"/>
    <title type="4" typeName="Text" time="89867817" x="0" y="17" width="200" height="2" visible="true" fillParentWidth="false" fillParentHeight="false" nodeAlign="1" fontName="" fontSize="32" textAlign="0" color="0xFFFFFF" string="title"/>
    <btn_previous type="2" typeName="Button" time="89867882" x="23" y="156" width="32" height="34" visible="true" fillParentWidth="false" fillParentHeight="false" nodeAlign="8" file="room/previous-Up.png" file2="" packFile="" gridLeft="0" gridRight="0" gridTop="0" gridBottom="0"/>
    <btn_next type="2" typeName="Button" time="89867991" x="717" y="156" width="32" height="34" visible="true" fillParentWidth="false" fillParentHeight="false" nodeAlign="8" file="room/next-Up.png" file2="" packFile="" gridLeft="0" gridRight="0" gridTop="0" gridBottom="0"/>
    <describe type="4" typeName="Text" time="89868159" x="0" y="40" width="200" height="32" visible="true" fillParentWidth="false" fillParentHeight="false" nodeAlign="0" fontName="" fontSize="32" textAlign="0" color="0xEEB28A" string="秋香：古典大氣，楚楚動人"/>
    <describe_tip type="4" typeName="Text" time="89868282" x="0" y="72" width="200" height="32" visible="true" fillParentWidth="false" fillParentHeight="false" nodeAlign="0" fontName="" fontSize="32" textAlign="0" color="0xA26A4C" string="每局收取"/>
    <btn_share type="2" typeName="Button" time="89868442" x="74" y="390" width="298" height="58" visible="true" fillParentWidth="false" fillParentHeight="false" nodeAlign="8" file="common/dialog/common_green_btn_up.png" file2="" packFile="" gridLeft="9" gridRight="9" gridTop="10" gridBottom="10">
      <share type="4" typeName="Text" time="89868500" x="0" y="0" width="200" height="40" visible="true" fillParentWidth="false" fillParentHeight="false" nodeAlign="0" fontName="" fontSize="32" textAlign="0" color="0xFFFFFF" string="share"/>
    </btn_share>
    <btn_confirm type="2" typeName="Button" time="89868575" x="405" y="390" width="298" height="58" visible="true" fillParentWidth="false" fillParentHeight="false" nodeAlign="8" file="common/dialog/common_orange_btn_up.png" file2="" packFile="" gridLeft="9" gridRight="9" gridTop="10" gridBottom="10">
      <confirm type="4" typeName="Text" time="89868576" x="0" y="0" width="200" height="40" visible="true" fillParentWidth="false" fillParentHeight="false" nodeAlign="0" fontName="" fontSize="32" textAlign="0" color="0xFFFFFF" string="我的荷官"/>
    </btn_confirm>
  </bg>
</root>
