<?xml version="1.0" encoding="utf-8"?>
<root type="0" typeName="View" time="0" x="0" y="0" width="320" height="64" visible="true" fillParentWidth="false" fillParentHeight="false" nodeAlign="8">
  <container type="0" typeName="View" time="91088495" x="0" y="0" width="320" height="64" visible="true" fillParentWidth="false" fillParentHeight="false" nodeAlign="8">
    <img_frame type="1" typeName="Image" time="91087727" x="0" y="0" width="320" height="64" visible="true" fillParentWidth="false" fillParentHeight="false" nodeAlign="8" file="room/calculator/calculator-yellow-frame.png" packFile="" gridLeft="8" gridRight="8" gridTop="0" gridBottom="0"/>
    <card_container type="0" typeName="View" time="91088119" x="0" y="0" width="190" height="64" visible="true" fillParentWidth="false" fillParentHeight="false" nodeAlign="8">
      <item1 type="0" typeName="View" time="91088149" x="6" y="4" width="44" height="58" visible="true" fillParentWidth="false" fillParentHeight="false" nodeAlign="8"/>
      <item2 type="0" typeName="View" time="91088209" x="41" y="4" width="44" height="58" visible="true" fillParentWidth="false" fillParentHeight="false" nodeAlign="8"/>
      <item3 type="0" typeName="View" time="91088220" x="76" y="4" width="44" height="58" visible="true" fillParentWidth="false" fillParentHeight="false" nodeAlign="8"/>
      <item4 type="0" typeName="View" time="91088221" x="111" y="4" width="44" height="58" visible="true" fillParentWidth="false" fillParentHeight="false" nodeAlign="8"/>
      <item5 type="0" typeName="View" time="91088225" x="146" y="4" width="44" height="58" visible="true" fillParentWidth="false" fillParentHeight="false" nodeAlign="8"/>
    </card_container>
    <img_overlay type="1" typeName="Image" time="91088559" x="6" y="42" width="184" height="24" visible="true" fillParentWidth="false" fillParentHeight="false" nodeAlign="8" file="room/calculator/calculator-grey-overlay.png" packFile="" gridLeft="8" gridRight="8" gridTop="0" gridBottom="0">
      <txt_card type="4" typeName="Text" time="91089980" x="0" y="3" width="184" height="20" visible="true" fillParentWidth="false" fillParentHeight="false" nodeAlign="8" fontName="" fontSize="20" textAlign="0" color="0xCCCAC0" string="牌型"/>
    </img_overlay>
    <txt_title type="4" typeName="Text" time="91088901" x="188" y="4" width="132" height="28" visible="true" fillParentWidth="false" fillParentHeight="false" nodeAlign="8" fontName="" fontSize="20" textAlign="0" color="0x9D9A8D" string="成牌概率："/>
    <txt_probability type="4" typeName="Text" time="91090084" x="188" y="33" width="132" height="28" visible="true" fillParentWidth="false" fillParentHeight="false" nodeAlign="8" fontName="" fontSize="28" textAlign="0" color="0x9D9A8D" string="0.0%"/>
  </container>
</root>
