<?xml version="1.0" encoding="utf-8"?>
<root type="0" typeName="View" time="0" x="0" y="0" width="1280" height="720" visible="true" fillParentWidth="true" fillParentHeight="true" nodeAlign="8">
  <bg type="1" typeName="Image" time="88744591" x="0" y="0" width="280" height="560" visible="true" fillParentWidth="false" fillParentHeight="false" nodeAlign="8" file="room/raise/room-raise-panel-bg.png" packFile="" gridLeft="20" gridRight="20" gridTop="20" gridBottom="20">
    <img_trace_bg type="1" typeName="Image" time="88744833" x="222" y="94" width="24" height="430" visible="true" fillParentWidth="false" fillParentHeight="false" nodeAlign="8" file="room/raise/room-raise-track-bg.png" packFile="" gridLeft="12" gridRight="12" gridTop="12" gridBottom="12">
      <img_trace_bg_overlay type="1" typeName="Image" time="88746318" x="1" y="0" width="12" height="418" visible="true" fillParentWidth="false" fillParentHeight="false" nodeAlign="0" file="room/raise/room-raise-track-bg-overlay.png" packFile="" gridLeft="8" gridRight="8" gridTop="8" gridBottom="8"/>
      <img_yellow_trace type="1" typeName="Image" time="88749421" x="0" y="5" width="12" height="335" visible="false" fillParentWidth="false" fillParentHeight="false" nodeAlign="5" file="room/raise/room-raise-yellow-track-bg.png" packFile="" gridLeft="8" gridRight="8" gridTop="8" gridBottom="8"/>
      <img_blue_trace type="1" typeName="Image" time="88749964" x="6" y="343" width="12" height="83" visible="true" fillParentWidth="false" fillParentHeight="false" nodeAlign="8" file="room/raise/room-raise-blue-track-bg.png" packFile="" gridLeft="8" gridRight="8" gridTop="8" gridBottom="8"/>
      <btn_slider type="2" typeName="Button" time="88756516" x="-26" y="254" width="78" height="176" visible="true" fillParentWidth="false" fillParentHeight="false" nodeAlign="8" file="common/common-slider-thumb-vertical.png" file2="" packFile="" gridLeft="0" gridRight="0" gridTop="0" gridBottom="0"/>
    </img_trace_bg>
    <img_chip_bg type="1" typeName="Image" time="88745805" x="14" y="18" width="252" height="58" visible="true" fillParentWidth="false" fillParentHeight="false" nodeAlign="8" file="room/raise/room-raise-bar-chip-text-bg.png" packFile="" gridLeft="8" gridRight="8" gridTop="8" gridBottom="8">
      <txt_chip type="4" typeName="Text" time="88745924" x="0" y="0" width="252" height="58" visible="true" fillParentWidth="false" fillParentHeight="false" nodeAlign="0" fontName="" fontSize="24" textAlign="0" color="0xFFFFFF" string="$850"/>
    </img_chip_bg>
    <img_split1 type="1" typeName="Image" time="88746041" x="14" y="87" width="252" height="4" visible="true" fillParentWidth="false" fillParentHeight="false" nodeAlign="8" file="room/raise/room-raise-split-line.png" packFile="" gridLeft="0" gridRight="0" gridTop="0" gridBottom="0"/>
    <img_split2 type="1" typeName="Image" time="88746096" x="14" y="537" width="252" height="4" visible="true" fillParentWidth="false" fillParentHeight="false" nodeAlign="8" file="room/raise/room-raise-split-line.png" packFile="" gridLeft="0" gridRight="0" gridTop="0" gridBottom="0"/>
    <btn_all_pot type="2" typeName="Button" time="88748071" x="15" y="120" width="180" height="80" visible="true" fillParentWidth="false" fillParentHeight="false" nodeAlign="8" file="room/raise/room-raise-btn-up.png" file2="room/raise/room-raise-btn-down.png" packFile="" gridLeft="20" gridRight="20" gridTop="20" gridBottom="20">
      <txt1 type="4" typeName="Text" time="88748500" x="0" y="0" width="180" height="80" visible="true" fillParentWidth="false" fillParentHeight="false" nodeAlign="0" fontName="" fontSize="20" textAlign="0" color="0xBBB1AB" string="全部奖池"/>
    </btn_all_pot>
    <btn_three_quarter_pot type="2" typeName="Button" time="88748334" x="15" y="224" width="180" height="80" visible="true" fillParentWidth="false" fillParentHeight="false" nodeAlign="8" file="room/raise/room-raise-btn-up.png" file2="room/raise/room-raise-btn-down.png" packFile="" gridLeft="20" gridRight="20" gridTop="20" gridBottom="20">
      <txt1 type="4" typeName="Text" time="88748574" x="0" y="0" width="180" height="80" visible="true" fillParentWidth="false" fillParentHeight="false" nodeAlign="0" fontName="" fontSize="20" textAlign="0" color="0xBBB1AB" string="3/4奖池"/>
    </btn_three_quarter_pot>
    <btn_half_pot type="2" typeName="Button" time="88748336" x="15" y="325" width="180" height="80" visible="true" fillParentWidth="false" fillParentHeight="false" nodeAlign="8" file="room/raise/room-raise-btn-up.png" file2="room/raise/room-raise-btn-down.png" packFile="" gridLeft="20" gridRight="20" gridTop="20" gridBottom="20">
      <txt1 type="4" typeName="Text" time="88748580" x="0" y="0" width="180" height="80" visible="true" fillParentWidth="false" fillParentHeight="false" nodeAlign="0" fontName="" fontSize="20" textAlign="0" color="0xBBB1AB" string="1/2奖池"/>
    </btn_half_pot>
    <btn_triple type="2" typeName="Button" time="88748337" x="15" y="427" width="180" height="80" visible="true" fillParentWidth="false" fillParentHeight="false" nodeAlign="8" file="room/raise/room-raise-btn-up.png" file2="room/raise/room-raise-btn-down.png" packFile="" gridLeft="20" gridRight="20" gridTop="20" gridBottom="20">
      <txt1 type="4" typeName="Text" time="88748585" x="-1" y="0" width="180" height="80" visible="true" fillParentWidth="false" fillParentHeight="false" nodeAlign="0" fontName="" fontSize="20" textAlign="0" color="0xBBB1AB" string="三倍返加"/>
    </btn_triple>
    <btn_all_in type="2" typeName="Button" time="88749101" x="14" y="18" width="252" height="58" visible="false" fillParentWidth="false" fillParentHeight="false" nodeAlign="8" file="room/raise/room-raise-all-in-btn-up.png" file2="" packFile="" gridLeft="8" gridRight="8" gridTop="8" gridBottom="8">
      <img_all_in type="1" typeName="Image" time="88749207" x="0" y="0" width="71" height="23" visible="true" fillParentWidth="false" fillParentHeight="false" nodeAlign="0" file="room/raise/room-raise-all-in-icon2.png" packFile="" gridLeft="0" gridRight="0" gridTop="0" gridBottom="0"/>
      <img_icon1 type="1" typeName="Image" time="88749232" x="15" y="0" width="24" height="25" visible="true" fillParentWidth="false" fillParentHeight="false" nodeAlign="7" file="room/raise/room-raise-all-in-icon1.png" packFile="" gridLeft="0" gridRight="0" gridTop="0" gridBottom="0"/>
      <img_icon2 type="1" typeName="Image" time="88749235" x="15" y="0" width="24" height="25" visible="true" fillParentWidth="false" fillParentHeight="false" nodeAlign="3" file="room/raise/room-raise-all-in-icon1.png" packFile="" gridLeft="0" gridRight="0" gridTop="0" gridBottom="0"/>
    </btn_all_in>
  </bg>
</root>
