<?xml version="1.0" encoding="utf-8"?>
<root type="0" typeName="View" time="0" x="0" y="0" width="1280" height="720" visible="true" fillParentWidth="true" fillParentHeight="true" nodeAlign="8">
  <bg type="1" typeName="Image" time="91699799" x="290" y="120" width="700" height="480" visible="true" fillParentWidth="false" fillParentHeight="false" nodeAlign="8" file="common/common-pop-up-background-back.png" packFile="" gridLeft="12" gridRight="12" gridTop="12" gridBottom="12">
    <bg_up type="1" typeName="Image" time="91700106" x="4" y="64" width="692" height="400" visible="true" fillParentWidth="false" fillParentHeight="false" nodeAlign="8" file="common/common-pop-up-background-up.png" packFile="" gridLeft="2" gridRight="2" gridTop="2" gridBottom="2"/>
    <img_top_light type="1" typeName="Image" time="91700216" x="0" y="0" width="700" height="64" visible="true" fillParentWidth="false" fillParentHeight="false" nodeAlign="8" file="common/match-top-light.png" packFile="" gridLeft="0" gridRight="0" gridTop="0" gridBottom="0"/>
    <btn_close type="2" typeName="Button" time="91700325" x="671" y="-30" width="58" height="61" visible="true" fillParentWidth="false" fillParentHeight="false" nodeAlign="8" file="common/common-close-btn-up.png" file2="common/common-close-btn-down.png" packFile="" gridLeft="0" gridRight="0" gridTop="0" gridBottom="0"/>
    <txt_title type="4" typeName="Text" time="91700464" x="200" y="15" width="300" height="30" visible="true" fillParentWidth="false" fillParentHeight="false" nodeAlign="8" fontName="" fontSize="28" textAlign="0" color="0xF5F5F5" string=""/>
    <friend_container type="0" typeName="View" time="91700794" x="0" y="64" width="700" height="400" visible="true" fillParentWidth="false" fillParentHeight="false" nodeAlign="8"/>
    <load_anim_container type="0" typeName="View" time="91781290" x="0" y="0" width="44" height="44" visible="true" fillParentWidth="false" fillParentHeight="false" nodeAlign="0"/>
  </bg>
</root>
