<?xml version="1.0" encoding="utf-8"?>
<root type="0" typeName="View" time="0" x="0" y="0" width="1280" height="720" visible="true" fillParentWidth="true" fillParentHeight="true" nodeAlign="8" name="">
  <bg type="1" typeName="Image" time="88588436" x="2" y="2" width="409" height="346" visible="true" fillParentWidth="false" fillParentHeight="false" nodeAlign="8" file="quicksetting/interactive_pane_background.png" packFile="" gridLeft="20" gridRight="20" gridTop="20" gridBottom="20" name="">
    <split1 type="1" typeName="Image" time="88589417" x="3" y="85" width="398" height="2" visible="true" fillParentWidth="false" fillParentHeight="false" nodeAlign="8" file="quicksetting/setting_panel_split.png" packFile="" gridLeft="0" gridRight="0" gridTop="0" gridBottom="0" name="" />
    <split2 type="1" typeName="Image" time="88589668" x="0" y="0" width="398" height="2" visible="true" fillParentWidth="false" fillParentHeight="false" nodeAlign="0" file="quicksetting/setting_panel_split.png" packFile="" gridLeft="0" gridRight="0" gridTop="0" gridBottom="0" name="" />
    <split3 type="1" typeName="Image" time="88589671" x="7" y="253" width="398" height="2" visible="true" fillParentWidth="false" fillParentHeight="false" nodeAlign="8" file="quicksetting/setting_panel_split.png" packFile="" gridLeft="0" gridRight="0" gridTop="0" gridBottom="0" name="" />
    <btn_back_to_hall type="2" typeName="Button" time="88588948" x="5" y="2" width="398" height="83" visible="true" fillParentWidth="false" fillParentHeight="false" nodeAlign="8" file="common/transparent.png" file2="quicksetting/setting_panel_back_to_hall_bg_bottom.png" packFile="" gridLeft="9" gridRight="9" gridTop="10" gridBottom="10" name="">
      <icon type="1" typeName="Image" time="88590037" x="20" y="0" width="33" height="35" visible="true" fillParentWidth="false" fillParentHeight="false" nodeAlign="7" file="quicksetting/icon_back_to_hall_up.png" packFile="" gridLeft="0" gridRight="0" gridTop="0" gridBottom="0" name="" />
      <backtohall type="4" typeName="Text" time="88590081" x="0" y="0" width="200" height="36" visible="true" fillParentWidth="false" fillParentHeight="false" nodeAlign="0" fontName="" fontSize="32" textAlign="0" color="0xFFFFFF" string="返回大厅" name="" />
    </btn_back_to_hall>
    <btn_game_review type="2" typeName="Button" time="88590158" x="5" y="87" width="398" height="83" visible="true" fillParentWidth="false" fillParentHeight="false" nodeAlign="8" file="common/transparent.png" file2="quicksetting/setting_panel_back_to_hall_bg_bottom.png" packFile="" gridLeft="9" gridRight="9" gridTop="10" gridBottom="10" name="">
      <icon type="1" typeName="Image" time="88590159" x="22" y="0" width="32" height="29" visible="true" fillParentWidth="false" fillParentHeight="false" nodeAlign="7" file="quicksetting/icon_game_review_up.png" packFile="" gridLeft="0" gridRight="0" gridTop="0" gridBottom="0" name="" />
      <gamereview type="4" typeName="Text" time="88590160" x="0" y="0" width="200" height="36" visible="true" fillParentWidth="false" fillParentHeight="false" nodeAlign="0" fontName="" fontSize="32" textAlign="0" color="0xFFFFFF" string="牌局回顾" name="" />
    </btn_game_review>
    <Image1 type="1" typeName="Image" time="88590455" x="24" y="198" width="16" height="28" visible="true" fillParentWidth="false" fillParentHeight="false" nodeAlign="8" file="quicksetting/icon_sound_min.png" packFile="" gridLeft="0" gridRight="0" gridTop="0" gridBottom="0" name="" />
    <Image2 type="1" typeName="Image" time="88590470" x="351" y="193" width="37" height="36" visible="true" fillParentWidth="false" fillParentHeight="false" nodeAlign="8" file="quicksetting/icon_sound_max.png" packFile="" gridLeft="0" gridRight="0" gridTop="0" gridBottom="0" name="" />
    <sound_slider type="0" typeName="Slider" time="88590522" x="65" y="209" width="260" height="5" visible="true" fillParentWidth="false" fillParentHeight="false" nodeAlign="8" name="" />
    <Image3 type="1" typeName="Image" time="88590854" x="18" y="280" width="35" height="31" visible="true" fillParentWidth="false" fillParentHeight="false" nodeAlign="8" file="quicksetting/icon_vibrate.png" packFile="" gridLeft="0" gridRight="0" gridTop="0" gridBottom="0" name="" />
    <vibrate type="0" typeName="Switch" time="88624766" x="283" y="280" width="40" height="40" nodeAlign="8" visible="true" fillParentWidth="false" fillParentHeight="false" name="" />
  </bg>
</root>