<?xml version="1.0" encoding="utf-8"?>
<root type="0" typeName="View" time="0" x="0" y="0" width="1280" height="720" visible="true" fillParentWidth="true" fillParentHeight="true" nodeAlign="8">
  <slotmachine type="0" typeName="View" time="91699801" x="0" y="0" width="385" height="300" visible="true" fillParentWidth="false" fillParentHeight="false" nodeAlign="3">
    <operation_panel type="0" typeName="View" time="91680471" x="0" y="0" width="385" height="300" visible="true" fillParentWidth="false" fillParentHeight="false" nodeAlign="8">
      <bg_top type="1" typeName="Image" time="91679980" x="0" y="0" width="384" height="86" visible="true" fillParentWidth="false" fillParentHeight="false" nodeAlign="8" file="room/slot/slot-bg-top.png" packFile="" gridLeft="10" gridRight="0" gridTop="16" gridBottom="0"/>
      <bg_middle type="0" typeName="View" time="91680231" x="0" y="82" width="200" height="150" visible="true" fillParentWidth="false" fillParentHeight="false" nodeAlign="8">
        <bg_middle type="1" typeName="Image" time="91680134" x="0" y="0" width="20" height="208" visible="true" fillParentWidth="false" fillParentHeight="false" nodeAlign="8" file="room/slot/slot-bg-middle.png" packFile="" gridLeft="0" gridRight="0" gridTop="0" gridBottom="0"/>
        <bg_middle1 type="1" typeName="Image" time="91680196" x="20" y="0" width="20" height="208" visible="true" fillParentWidth="false" fillParentHeight="false" nodeAlign="8" file="room/slot/slot-bg-middle.png" packFile="" gridLeft="0" gridRight="0" gridTop="0" gridBottom="0"/>
        <bg_middle2 type="1" typeName="Image" time="91680200" x="40" y="0" width="20" height="208" visible="true" fillParentWidth="false" fillParentHeight="false" nodeAlign="8" file="room/slot/slot-bg-middle.png" packFile="" gridLeft="0" gridRight="0" gridTop="0" gridBottom="0"/>
        <bg_middle21 type="1" typeName="Image" time="91680287" x="60" y="0" width="20" height="208" visible="true" fillParentWidth="false" fillParentHeight="false" nodeAlign="8" file="room/slot/slot-bg-middle.png" packFile="" gridLeft="0" gridRight="0" gridTop="0" gridBottom="0"/>
        <bg_middle22 type="1" typeName="Image" time="91680288" x="80" y="0" width="20" height="208" visible="true" fillParentWidth="false" fillParentHeight="false" nodeAlign="8" file="room/slot/slot-bg-middle.png" packFile="" gridLeft="0" gridRight="0" gridTop="0" gridBottom="0"/>
        <bg_middle23 type="1" typeName="Image" time="91680290" x="100" y="0" width="20" height="208" visible="true" fillParentWidth="false" fillParentHeight="false" nodeAlign="8" file="room/slot/slot-bg-middle.png" packFile="" gridLeft="0" gridRight="0" gridTop="0" gridBottom="0"/>
        <bg_middle24 type="1" typeName="Image" time="91680292" x="120" y="0" width="20" height="208" visible="true" fillParentWidth="false" fillParentHeight="false" nodeAlign="8" file="room/slot/slot-bg-middle.png" packFile="" gridLeft="0" gridRight="0" gridTop="0" gridBottom="0"/>
        <bg_middle25 type="1" typeName="Image" time="91680295" x="140" y="0" width="20" height="208" visible="true" fillParentWidth="false" fillParentHeight="false" nodeAlign="8" file="room/slot/slot-bg-middle.png" packFile="" gridLeft="0" gridRight="0" gridTop="0" gridBottom="0"/>
        <bg_middle26 type="1" typeName="Image" time="91680296" x="160" y="0" width="20" height="208" visible="true" fillParentWidth="false" fillParentHeight="false" nodeAlign="8" file="room/slot/slot-bg-middle.png" packFile="" gridLeft="0" gridRight="0" gridTop="0" gridBottom="0"/>
        <bg_middle27 type="1" typeName="Image" time="91680298" x="180" y="0" width="20" height="208" visible="true" fillParentWidth="false" fillParentHeight="false" nodeAlign="8" file="room/slot/slot-bg-middle.png" packFile="" gridLeft="0" gridRight="0" gridTop="0" gridBottom="0"/>
        <bg_middle271 type="1" typeName="Image" time="91680370" x="200" y="0" width="20" height="208" visible="true" fillParentWidth="false" fillParentHeight="false" nodeAlign="8" file="room/slot/slot-bg-middle.png" packFile="" gridLeft="0" gridRight="0" gridTop="0" gridBottom="0"/>
        <bg_middle272 type="1" typeName="Image" time="91680375" x="220" y="0" width="20" height="208" visible="true" fillParentWidth="false" fillParentHeight="false" nodeAlign="8" file="room/slot/slot-bg-middle.png" packFile="" gridLeft="0" gridRight="0" gridTop="0" gridBottom="0"/>
        <bg_middle273 type="1" typeName="Image" time="91680376" x="240" y="0" width="20" height="208" visible="true" fillParentWidth="false" fillParentHeight="false" nodeAlign="8" file="room/slot/slot-bg-middle.png" packFile="" gridLeft="0" gridRight="0" gridTop="0" gridBottom="0"/>
        <bg_middle274 type="1" typeName="Image" time="91680377" x="260" y="0" width="20" height="208" visible="true" fillParentWidth="false" fillParentHeight="false" nodeAlign="8" file="room/slot/slot-bg-middle.png" packFile="" gridLeft="0" gridRight="0" gridTop="0" gridBottom="0"/>
        <bg_middle275 type="1" typeName="Image" time="91680379" x="280" y="0" width="20" height="208" visible="true" fillParentWidth="false" fillParentHeight="false" nodeAlign="8" file="room/slot/slot-bg-middle.png" packFile="" gridLeft="0" gridRight="0" gridTop="0" gridBottom="0"/>
        <bg_middle276 type="1" typeName="Image" time="91680381" x="300" y="0" width="20" height="208" visible="true" fillParentWidth="false" fillParentHeight="false" nodeAlign="8" file="room/slot/slot-bg-middle.png" packFile="" gridLeft="0" gridRight="0" gridTop="0" gridBottom="0"/>
        <bg_middle277 type="1" typeName="Image" time="91680382" x="320" y="0" width="20" height="208" visible="true" fillParentWidth="false" fillParentHeight="false" nodeAlign="8" file="room/slot/slot-bg-middle.png" packFile="" gridLeft="0" gridRight="0" gridTop="0" gridBottom="0"/>
        <bg_middle278 type="1" typeName="Image" time="91680390" x="340" y="0" width="20" height="208" visible="true" fillParentWidth="false" fillParentHeight="false" nodeAlign="8" file="room/slot/slot-bg-middle.png" packFile="" gridLeft="0" gridRight="0" gridTop="0" gridBottom="0"/>
        <bg_middle279 type="1" typeName="Image" time="91680391" x="360" y="0" width="20" height="208" visible="true" fillParentWidth="false" fillParentHeight="false" nodeAlign="8" file="room/slot/slot-bg-middle.png" packFile="" gridLeft="0" gridRight="0" gridTop="0" gridBottom="0"/>
        <bg_middle2791 type="1" typeName="Image" time="91684784" x="380" y="0" width="20" height="208" visible="true" fillParentWidth="false" fillParentHeight="false" nodeAlign="8" file="room/slot/slot-bg-middle.png" packFile="" gridLeft="0" gridRight="0" gridTop="0" gridBottom="0"/>
      </bg_middle>
      <bg_leftbottom type="1" typeName="Image" time="91680942" x="0" y="215" width="248" height="89" visible="true" fillParentWidth="false" fillParentHeight="false" nodeAlign="8" file="room/slot/slot-bg-left-bottom.png" packFile="" gridLeft="16" gridRight="36" gridTop="16" gridBottom="30"/>
      <bg_left type="1" typeName="Image" time="91680582" x="0" y="81" width="20" height="136" visible="true" fillParentWidth="false" fillParentHeight="false" nodeAlign="8" file="room/slot/slot-bg-left.png" packFile="" gridLeft="0" gridRight="0" gridTop="0" gridBottom="0"/>
      <bg_bottom type="1" typeName="Image" time="91684529" x="247" y="281" width="137" height="23" visible="true" fillParentWidth="false" fillParentHeight="false" nodeAlign="8" file="room/slot/slot-bg-bottom.png" packFile="" gridLeft="3" gridRight="3" gridTop="4" gridBottom="7"/>
      <bg_pokers type="1" typeName="Image" time="91684811" x="12" y="100" width="324" height="100" visible="true" fillParentWidth="false" fillParentHeight="false" nodeAlign="8" file="room/slot/slot-pokers-bg.png" packFile="" gridLeft="12" gridRight="12" gridTop="12" gridBottom="17"/>
      <btn_help type="2" typeName="Button" time="91684993" x="6" y="19" width="44" height="44" visible="true" fillParentWidth="false" fillParentHeight="false" nodeAlign="8" file="room/slot/slot-help-btn-up.png" file2="room/slot/slot-help-btn-down.png" packFile="" gridLeft="0" gridRight="0" gridTop="0" gridBottom="0"/>
      <flashbar type="1" typeName="Image" time="91685281" x="55" y="9" width="278" height="64" visible="true" fillParentWidth="false" fillParentHeight="false" nodeAlign="8" file="room/slot/slot-flash-dark.png" packFile="" gridLeft="0" gridRight="0" gridTop="0" gridBottom="0">
        <jackpot_label type="4" typeName="Text" time="91685617" x="0" y="0" width="200" height="32" visible="true" fillParentWidth="false" fillParentHeight="false" nodeAlign="0" fontName="" fontSize="20" textAlign="0" color="0x5EE8F7" string="Text1"/>
      </flashbar>
      <slot_pokers type="0" typeName="View" time="91696998" x="12" y="100" width="200" height="150" visible="true" fillParentWidth="false" fillParentHeight="false" nodeAlign="8">
        <pokers type="0" typeName="View" time="91771595" x="8" y="8" width="308" height="81" visible="true" fillParentWidth="false" fillParentHeight="false" nodeAlign="8"/>
        <overlay type="1" typeName="Image" time="91686545" x="3" y="4" width="318" height="86" visible="true" fillParentWidth="false" fillParentHeight="false" nodeAlign="8" file="room/slot/slot-pokers-overlay.png" packFile="" gridLeft="8" gridRight="8" gridTop="8" gridBottom="8"/>
      </slot_pokers>
      <btn_auto type="2" typeName="Button" time="91694791" x="240" y="220" width="140" height="56" visible="true" fillParentWidth="false" fillParentHeight="false" nodeAlign="8" file="room/slot/slot-auto-check-up.png" file2="room/slot/slot-auto-check-down.png" packFile="" gridLeft="30" gridRight="30" gridTop="30" gridBottom="24">
        <check type="1" typeName="Image" time="91694969" x="24" y="22" width="18" height="19" visible="true" fillParentWidth="false" fillParentHeight="false" nodeAlign="8" file="room/slot/slot-auto-check-icon.png" packFile="" gridLeft="0" gridRight="0" gridTop="0" gridBottom="0"/>
        <label type="4" typeName="Text" time="91695020" x="55" y="3" width="200" height="32" visible="true" fillParentWidth="false" fillParentHeight="false" nodeAlign="7" fontName="" fontSize="18" textAlign="7" color="0xF5F5F5" string="Text1"/>
        <select type="1" typeName="Image" time="91695178" x="23" y="12" width="28" height="29" visible="true" fillParentWidth="false" fillParentHeight="false" nodeAlign="8" file="common/dialog/common_check_selected_icon.png" packFile="" gridLeft="0" gridRight="0" gridTop="0" gridBottom="0"/>
      </btn_auto>
      <handle type="0" typeName="View" time="91695575" x="332" y="54" width="200" height="150" visible="true" fillParentWidth="false" fillParentHeight="false" nodeAlign="8">
        <base type="1" typeName="Image" time="91695487" x="0" y="64" width="33" height="69" visible="true" fillParentWidth="false" fillParentHeight="false" nodeAlign="8" file="room/slot/slot-handle-base.png" packFile="" gridLeft="0" gridRight="0" gridTop="0" gridBottom="0"/>
        <handgrip type="1" typeName="Image" time="91695649" x="0" y="24" width="25" height="65" visible="true" fillParentWidth="false" fillParentHeight="false" nodeAlign="8" file="room/slot/slot-handle-handgrip.png" packFile="" gridLeft="0" gridRight="0" gridTop="0" gridBottom="0"/>
        <knob type="1" typeName="Image" time="91695661" x="0" y="0" width="40" height="39" visible="true" fillParentWidth="false" fillParentHeight="false" nodeAlign="8" file="room/slot/slot-handle-knob.png" packFile="" gridLeft="0" gridRight="0" gridTop="0" gridBottom="0"/>
        <lightwater1 type="1" typeName="Image" time="91786597" x="-7" y="30" width="56" height="29" visible="true" fillParentWidth="false" fillParentHeight="false" nodeAlign="8" file="room/slot/slot-light-water-icon.png" packFile="" gridLeft="0" gridRight="0" gridTop="0" gridBottom="0"/>
        <lightwater2 type="1" typeName="Image" time="91786669" x="-7" y="60" width="56" height="29" visible="true" fillParentWidth="false" fillParentHeight="false" nodeAlign="8" file="room/slot/slot-light-water-icon.png" packFile="" gridLeft="0" gridRight="0" gridTop="0" gridBottom="0"/>
        <lightwater3 type="1" typeName="Image" time="91786671" x="-7" y="90" width="56" height="29" visible="true" fillParentWidth="false" fillParentHeight="false" nodeAlign="8" file="room/slot/slot-light-water-icon.png" packFile="" gridLeft="0" gridRight="0" gridTop="0" gridBottom="0"/>
        <lightwater4 type="1" typeName="Image" time="91786672" x="-7" y="120" width="56" height="29" visible="true" fillParentWidth="false" fillParentHeight="false" nodeAlign="8" file="room/slot/slot-light-water-icon.png" packFile="" gridLeft="0" gridRight="0" gridTop="0" gridBottom="0"/>
      </handle>
      <bet_chip1 type="0" typeName="View" time="91696204" x="16" y="226" width="80" height="80" visible="true" fillParentWidth="false" fillParentHeight="false" nodeAlign="8">
        <glow type="1" typeName="Image" time="91696389" x="-5" y="-5" width="69" height="69" visible="true" fillParentWidth="false" fillParentHeight="false" nodeAlign="8" file="room/slot/slot-bet-chip-glow.png" packFile="" gridLeft="0" gridRight="0" gridTop="0" gridBottom="0"/>
        <chip type="1" typeName="Image" time="91696422" x="0" y="0" width="59" height="58" visible="true" fillParentWidth="false" fillParentHeight="false" nodeAlign="8" file="room/slot/slot-bet-chip-1.png" packFile="" gridLeft="0" gridRight="0" gridTop="0" gridBottom="0"/>
        <label type="4" typeName="Text" time="91696436" x="-20" y="8" width="100" height="32" visible="true" fillParentWidth="false" fillParentHeight="false" nodeAlign="8" fontName="" fontSize="18" textAlign="0" color="0xF5F5F5" string="text1"/>
        <overlay type="1" typeName="Image" time="91696628" x="0" y="0" width="59" height="57" visible="true" fillParentWidth="false" fillParentHeight="false" nodeAlign="8" file="room/slot/slot-bet-chip-overlay.png" packFile="" gridLeft="0" gridRight="0" gridTop="0" gridBottom="0"/>
      </bet_chip1>
      <bet_chip2 type="0" typeName="View" time="91696890" x="83" y="226" width="80" height="80" visible="true" fillParentWidth="false" fillParentHeight="false" nodeAlign="8">
        <glow type="1" typeName="Image" time="91696891" x="-5" y="-5" width="69" height="69" visible="true" fillParentWidth="false" fillParentHeight="false" nodeAlign="8" file="room/slot/slot-bet-chip-glow.png" packFile="" gridLeft="0" gridRight="0" gridTop="0" gridBottom="0"/>
        <chip type="1" typeName="Image" time="91696892" x="0" y="0" width="59" height="58" visible="true" fillParentWidth="false" fillParentHeight="false" nodeAlign="8" file="room/slot/slot-bet-chip-2.png" packFile="" gridLeft="0" gridRight="0" gridTop="0" gridBottom="0"/>
        <label type="4" typeName="Text" time="91696893" x="-20" y="8" width="100" height="32" visible="true" fillParentWidth="false" fillParentHeight="false" nodeAlign="8" fontName="" fontSize="18" textAlign="0" color="0xF5F5F5" string="Text1"/>
        <overlay type="1" typeName="Image" time="91696894" x="0" y="0" width="59" height="57" visible="true" fillParentWidth="false" fillParentHeight="false" nodeAlign="8" file="room/slot/slot-bet-chip-overlay.png" packFile="" gridLeft="0" gridRight="0" gridTop="0" gridBottom="0"/>
      </bet_chip2>
      <bet_chip3 type="0" typeName="View" time="91696895" x="150" y="226" width="80" height="80" visible="true" fillParentWidth="false" fillParentHeight="false" nodeAlign="8">
        <glow type="1" typeName="Image" time="91696896" x="-5" y="-5" width="69" height="69" visible="true" fillParentWidth="false" fillParentHeight="false" nodeAlign="8" file="room/slot/slot-bet-chip-glow.png" packFile="" gridLeft="0" gridRight="0" gridTop="0" gridBottom="0"/>
        <chip type="1" typeName="Image" time="91696897" x="0" y="0" width="59" height="58" visible="true" fillParentWidth="false" fillParentHeight="false" nodeAlign="8" file="room/slot/slot-bet-chip-3.png" packFile="" gridLeft="0" gridRight="0" gridTop="0" gridBottom="0"/>
        <label type="4" typeName="Text" time="91696898" x="-20" y="8" width="100" height="32" visible="true" fillParentWidth="false" fillParentHeight="false" nodeAlign="8" fontName="" fontSize="18" textAlign="0" color="0xF5F5F5" string="Text1"/>
        <overlay type="1" typeName="Image" time="91696899" x="0" y="0" width="59" height="57" visible="true" fillParentWidth="false" fillParentHeight="false" nodeAlign="8" file="room/slot/slot-bet-chip-overlay.png" packFile="" gridLeft="0" gridRight="0" gridTop="0" gridBottom="0"/>
      </bet_chip3>
    </operation_panel>
    <btn_side type="1" typeName="Image" time="91697140" x="-36" y="107" width="37" height="85" visible="true" fillParentWidth="false" fillParentHeight="false" nodeAlign="8" file="room/slot/slot-side-btn-bg.png" packFile="" gridLeft="0" gridRight="0" gridTop="0" gridBottom="0">
      <icon type="1" typeName="Image" time="91697434" x="3" y="25" width="29" height="30" visible="true" fillParentWidth="false" fillParentHeight="false" nodeAlign="8" file="room/slot/slot-side-btn-icon-up.png" packFile="" gridLeft="0" gridRight="0" gridTop="0" gridBottom="0"/>
      <hit type="1" typeName="Image" time="91697512" x="0" y="0" width="140" height="140" visible="true" fillParentWidth="false" fillParentHeight="false" nodeAlign="0" file="common/transparent.png" packFile="" gridLeft="0" gridRight="0" gridTop="0" gridBottom="0"/>
    </btn_side>
  </slotmachine>
</root>
