<?xml version="1.0" encoding="utf-8"?>
<root type="0" typeName="View" time="0" x="0" y="0" width="1280" height="720" visible="true" fillParentWidth="true" fillParentHeight="true" nodeAlign="8">
  <lotto type="0" typeName="View" time="92300417" x="0" y="0" width="712" height="603" visible="true" fillParentWidth="false" fillParentHeight="false" nodeAlign="0">
    <coin_icon type="1" typeName="Image" time="92300436" x="0" y="0" width="401" height="141" visible="true" fillParentWidth="false" fillParentHeight="false" nodeAlign="1" file="room/superlotto/lotto-pop-up-coin-icon.png" packFile="" gridLeft="0" gridRight="0" gridTop="0" gridBottom="0"/>
    <bg_left type="1" typeName="Image" time="92300756" x="0" y="141" width="620" height="462" visible="true" fillParentWidth="false" fillParentHeight="false" nodeAlign="8" file="room/superlotto/lotto-pop-up-bg.png" packFile="" gridLeft="84" gridRight="0" gridTop="0" gridBottom="0"/>
    <bg_right type="1" typeName="Image" time="92301528" x="620" y="141" width="92" height="462" visible="true" fillParentWidth="false" fillParentHeight="false" nodeAlign="8" file="room/superlotto/lotto-pop-up-bg2.png" packFile="" gridLeft="0" gridRight="0" gridTop="0" gridBottom="0"/>
    <title type="1" typeName="Image" time="92302801" x="0" y="58" width="238" height="83" visible="true" fillParentWidth="false" fillParentHeight="false" nodeAlign="1" file="room/superlotto/lotto-title.png" packFile="" gridLeft="0" gridRight="0" gridTop="0" gridBottom="0"/>
    <btn_help type="2" typeName="Button" time="92303010" x="81" y="155" width="44" height="44" visible="true" fillParentWidth="false" fillParentHeight="false" nodeAlign="8" file="room/slot/slot-help-btn-up.png" file2="room/slot/slot-help-btn-down.png" packFile="" gridLeft="0" gridRight="0" gridTop="0" gridBottom="0"/>
    <btn_return type="2" typeName="Button" time="92311291" x="81" y="155" width="44" height="44" visible="true" fillParentWidth="false" fillParentHeight="false" nodeAlign="8" file="room/superlotto/lotto-return-up.png" file2="room/superlotto/lotto-return-down.png" packFile="" gridLeft="0" gridRight="0" gridTop="0" gridBottom="0"/>
    <btn_close type="2" typeName="Button" time="92303600" x="625" y="111" width="58" height="61" visible="true" fillParentWidth="false" fillParentHeight="false" nodeAlign="8" file="common/dialog/common_close_btn_up.png" file2="common/dialog/common_close_btn_down.png" packFile="" gridLeft="0" gridRight="0" gridTop="0" gridBottom="0"/>
    <current_pool type="4" typeName="Text" time="92303669" x="164" y="160" width="0" height="0" visible="true" fillParentWidth="false" fillParentHeight="false" nodeAlign="8" fontName="" fontSize="28" textAlign="7" color="0x0000DB" string="Text1"/>
    <pool_label type="4" typeName="Text" time="92303821" x="263" y="160" width="0" height="0" visible="true" fillParentWidth="false" fillParentHeight="false" nodeAlign="8" fontName="" fontSize="32" textAlign="7" color="0x0000DB" string="Text1"/>
    <content type="0" typeName="View" time="92311196" x="72" y="233" width="200" height="150" visible="true" fillParentWidth="false" fillParentHeight="false" nodeAlign="8">
      <buyinContainer type="0" typeName="View" time="92375231" x="0" y="0" width="568" height="348" visible="false" fillParentWidth="false" fillParentHeight="false" nodeAlign="8">
        <lotto_text type="5" typeName="TextView" time="92387981" x="0" y="0" width="568" height="120" visible="true" fillParentWidth="false" fillParentHeight="false" nodeAlign="1" fontName="" fontSize="20" textAlign="0" color="0xEFC5AD" string="TextView1"/>
        <btn_buyin type="2" typeName="Button" time="92376799" x="264" y="272" width="200" height="56" visible="true" fillParentWidth="false" fillParentHeight="false" nodeAlign="8" file="room/superlotto/lotto-buy-in-up.png" file2="room/superlotto/lotto-buy-in-disabled.png" packFile="" gridLeft="30" gridRight="30" gridTop="32" gridBottom="22">
          <label type="4" typeName="Text" time="92377084" x="0" y="2" width="200" height="50" visible="true" fillParentWidth="false" fillParentHeight="false" nodeAlign="0" fontName="" fontSize="24" textAlign="0" color="0xF5F5F5" string="Text1"/>
        </btn_buyin>
        <autobuyin type="0" typeName="View" time="92377803" x="96" y="282" width="34" height="34" visible="true" fillParentWidth="false" fillParentHeight="false" nodeAlign="8">
          <bg type="1" typeName="Image" time="92377764" x="0" y="0" width="34" height="34" visible="true" fillParentWidth="false" fillParentHeight="false" nodeAlign="8" file="common/dialog/common_check_unselected.png" packFile="" gridLeft="0" gridRight="0" gridTop="0" gridBottom="0"/>
          <checkGroup type="0" typeName="CheckBoxGroup" time="92376363" x="0" y="0" width="200" height="150" visible="true" fillParentWidth="false" fillParentHeight="false" nodeAlign="8">
            <check type="0" typeName="CheckBox" time="92376373" x="4" y="4" width="32" height="32" visible="true" fillParentWidth="false" fillParentHeight="false" nodeAlign="8" file="common/transparent.png" file2="common/dialog/common_check_selected_icon.png" packFile="" gridLeft="0" gridRight="0" gridTop="0" gridBottom="0"/>
          </checkGroup>
          <label type="4" typeName="Text" time="92376554" x="47" y="0" width="200" height="50" visible="true" fillParentWidth="false" fillParentHeight="false" nodeAlign="7" fontName="" fontSize="28" textAlign="7" color="0xF5F5F5" string="Text1"/>
        </autobuyin>
      </buyinContainer>
      <ruleContainer type="0" typeName="View" time="92392923" x="0" y="0" width="568" height="348" visible="true" fillParentWidth="false" fillParentHeight="false" nodeAlign="8">
        <reward type="5" typeName="TextView" time="92393348" x="16" y="32" width="536" height="100" visible="true" fillParentWidth="false" fillParentHeight="false" nodeAlign="8" fontName="" fontSize="20" textAlign="8" color="0xEFC5AD" string="TextView1"/>
        <tips type="5" typeName="TextView" time="92392954" x="16" y="116" width="536" height="150" visible="true" fillParentWidth="false" fillParentHeight="false" nodeAlign="8" fontName="" fontSize="20" textAlign="8" color="0xEEA353" string="TextView2"/>
      </ruleContainer>
    </content>
    <btn_rewardlist type="2" typeName="Button" time="92303173" x="489" y="212" width="152" height="39" visible="true" fillParentWidth="false" fillParentHeight="false" nodeAlign="8" file="room/superlotto/lotto-reward-up.png" file2="" packFile="" gridLeft="36" gridRight="36" gridTop="0" gridBottom="0">
      <label type="4" typeName="Text" time="92303384" x="0" y="-6" width="200" height="50" visible="true" fillParentWidth="false" fillParentHeight="false" nodeAlign="0" fontName="" fontSize="20" textAlign="0" color="0x1A1A1A" string="Text1"/>
    </btn_rewardlist>
  </lotto>
</root>
