<?xml version="1.0" encoding="utf-8"?>
<root type="0" typeName="View" time="0" x="0" y="0" width="0" height="0" visible="true" fillParentWidth="true" fillParentHeight="true" nodeAlign="8">
  <bg type="1" typeName="Image" time="87622226" x="0" y="0" width="1280" height="720" visible="true" fillParentWidth="true" fillParentHeight="true" nodeAlign="8" file="room/common_background.jpg" packFile="" gridLeft="0" gridRight="0" gridTop="0" gridBottom="0">
    <table_container type="0" typeName="View" time="91631729" x="0" y="0" width="1280" height="720" visible="true" fillParentWidth="true" fillParentHeight="true" nodeAlign="8">
      <img_table type="1" typeName="Image" time="91632602" x="0" y="0" width="904" height="429" visible="true" fillParentWidth="false" fillParentHeight="false" nodeAlign="0" file="room/table.png" packFile="" gridLeft="0" gridRight="0" gridTop="0" gridBottom="0">
        <room_info_label type="4" typeName="Text" time="91632603" x="116" y="137" width="680" height="22" visible="true" fillParentWidth="false" fillParentHeight="false" nodeAlign="8" fontName="" fontSize="22" textAlign="0" color="0x5E993D" string=""/>
        <dealer_container type="0" typeName="View" time="91632604" x="0" y="-100" width="360" height="150" visible="true" fillParentWidth="false" fillParentHeight="false" nodeAlign="1">
          <img_dealer type="1" typeName="Image" time="91632605" x="0" y="-22" width="136" height="173" visible="true" fillParentWidth="false" fillParentHeight="false" nodeAlign="5" file="room/room-dealer-6.png" packFile="" gridLeft="0" gridRight="0" gridTop="0" gridBottom="0"/>
          <chat_bubble_container type="0" typeName="View" time="91632606" x="200" y="0" width="200" height="50" visible="true" fillParentWidth="false" fillParentHeight="false" nodeAlign="8"/>
        </dealer_container>
      </img_table>
    </table_container>
    <btn_chat type="2" typeName="Button" time="87632497" x="10" y="8" width="380" height="75" visible="true" fillParentWidth="false" fillParentHeight="false" nodeAlign="6" file="room/chat-chat-btn-up.png" file2="" packFile="" gridLeft="10" gridRight="10" gridTop="10" gridBottom="10">
      <img_smile_image type="1" typeName="Image" time="87632601" x="11" y="1" width="49" height="50" visible="false" fillParentWidth="false" fillParentHeight="false" nodeAlign="7" file="room/chat-emt-btn-up.png" packFile="" gridLeft="0" gridRight="0" gridTop="0" gridBottom="0"/>
      <btn_emt type="2" typeName="Button" time="90399565" x="11" y="1" width="49" height="50" visible="true" fillParentWidth="false" fillParentHeight="false" nodeAlign="7" file="room/chat-emt-btn-up.png" file2="room/chat-emt-btn-down.png" packFile="" gridLeft="0" gridRight="0" gridTop="0" gridBottom="0"/>
      <img_input_bg type="1" typeName="Image" time="87632670" x="69" y="10" width="300" height="55" visible="true" fillParentWidth="false" fillParentHeight="false" nodeAlign="8" file="room/chat-chat-log-bg.png" packFile="" gridLeft="8" gridRight="8" gridTop="8" gridBottom="8">
        <chat_log type="4" typeName="Text" time="90399266" x="0" y="0" width="300" height="52" visible="true" fillParentWidth="false" fillParentHeight="false" nodeAlign="0" fontName="" fontSize="20" textAlign="7" color="0x6E6760" string="chatLog"/>
      </img_input_bg>
    </btn_chat>
    <btn_calculator type="2" typeName="Button" time="87626557" x="15" y="89" width="66" height="67" visible="true" fillParentWidth="false" fillParentHeight="false" nodeAlign="6" file="room/calculator-btn-up.png" file2="" packFile="" gridLeft="0" gridRight="0" gridTop="0" gridBottom="0"/>
    <txt_max_card_tip type="4" typeName="Text" time="91107671" x="83" y="591" width="200" height="20" visible="true" fillParentWidth="false" fillParentHeight="false" nodeAlign="8" fontName="" fontSize="20" textAlign="7" color="0xE5E5E5" string="皇家同花顺:100.0%"/>
    <top_btn_container type="0" typeName="View" time="89967629" x="0" y="0" width="1280" height="80" visible="true" fillParentWidth="false" fillParentHeight="false" nodeAlign="8">
      <btn_return type="2" typeName="Button" time="87626379" x="16" y="11" width="65" height="55" visible="true" fillParentWidth="false" fillParentHeight="false" nodeAlign="8" file="room/room-head-icon-return.png" file2="" packFile="" gridLeft="0" gridRight="0" gridTop="0" gridBottom="0"/>
      <btn_stand type="2" typeName="Button" time="87626385" x="99" y="11" width="65" height="55" visible="true" fillParentWidth="false" fillParentHeight="false" nodeAlign="8" file="room/room-head-icon-stand.png" file2="" packFile="" gridLeft="0" gridRight="0" gridTop="0" gridBottom="0"/>
      <btn_switch type="2" typeName="Button" time="87707768" x="99" y="11" width="65" height="54" visible="false" fillParentWidth="false" fillParentHeight="false" nodeAlign="8" file="room/room-head-icon-switch.png" file2="" packFile="" gridLeft="0" gridRight="0" gridTop="0" gridBottom="0"/>
      <btn_task type="2" typeName="Button" time="87626387" x="1109" y="11" width="61" height="63" visible="true" fillParentWidth="false" fillParentHeight="false" nodeAlign="8" file="room/room-head-icon-task.png" file2="" packFile="" gridLeft="0" gridRight="0" gridTop="0" gridBottom="0"/>
      <btn_store type="2" typeName="Button" time="87626389" x="1193" y="11" width="69" height="65" visible="true" fillParentWidth="false" fillParentHeight="false" nodeAlign="8" file="room/room-head-icon-cash.png" file2="" packFile="" gridLeft="0" gridRight="0" gridTop="0" gridBottom="0"/>
      <txt_time type="4" typeName="Text" time="87972736" x="700" y="12" width="70" height="27" visible="true" fillParentWidth="false" fillParentHeight="false" nodeAlign="8" fontName="" fontSize="26" textAlign="7" color="0xFFFFFF" string="12:52"/>
    </top_btn_container>
    <bottom_btn_container type="0" typeName="View" time="87633789" x="13" y="9" width="870" height="75" visible="true" fillParentWidth="false" fillParentHeight="false" nodeAlign="4">
      <txt_room_info1 type="4" typeName="Text" time="88694943" x="-5" y="11" width="492" height="24" visible="true" fillParentWidth="false" fillParentHeight="false" nodeAlign="8" fontName="" fontSize="24" textAlign="0" color="0x996633" string="房间ID：20629"/>
      <txt_room_info2 type="4" typeName="Text" time="89801758" x="-2" y="39" width="492" height="24" visible="true" fillParentWidth="false" fillParentHeight="false" nodeAlign="8" fontName="" fontSize="24" textAlign="0" color="0x996633" string="小大盲注：100/200"/>
      <btn_call type="2" typeName="Button" time="88693879" x="0" y="1" width="280" height="75" visible="false" fillParentWidth="false" fillParentHeight="false" nodeAlign="7" file="room/room_operation_btn_up.png" file2="" packFile="" gridLeft="10" gridRight="10" gridTop="10" gridBottom="10">
        <img_call_unable type="1" typeName="Image" time="88826186" x="0" y="0" width="64" height="64" visible="true" fillParentWidth="true" fillParentHeight="true" nodeAlign="8" file="room/room_operation_check_down.png" packFile="" gridLeft="0" gridRight="0" gridTop="0" gridBottom="0"/>
        <txt_call type="4" typeName="Text" time="88693880" x="0" y="0" width="280" height="75" visible="true" fillParentWidth="false" fillParentHeight="false" nodeAlign="8" fontName="" fontSize="24" textAlign="0" color="0xFFFFFF" string="跟  注"/>
      </btn_call>
      <btn_check type="2" typeName="Button" time="87633925" x="0" y="0" width="280" height="75" visible="false" fillParentWidth="false" fillParentHeight="false" nodeAlign="7" file="room/room_operation_btn_up.png" file2="" packFile="" gridLeft="10" gridRight="10" gridTop="10" gridBottom="10">
        <img_check_unable type="1" typeName="Image" time="88826277" x="0" y="0" width="64" height="64" visible="true" fillParentWidth="true" fillParentHeight="true" nodeAlign="8" file="room/room_operation_check_down.png" packFile="" gridLeft="0" gridRight="0" gridTop="0" gridBottom="0"/>
        <txt_check type="4" typeName="Text" time="87634450" x="0" y="0" width="280" height="75" visible="true" fillParentWidth="false" fillParentHeight="false" nodeAlign="8" fontName="" fontSize="24" textAlign="0" color="0xFFFFFF" string="看  牌"/>
      </btn_check>
      <btn_fold type="2" typeName="Button" time="87634370" x="0" y="0" width="280" height="75" visible="false" fillParentWidth="false" fillParentHeight="false" nodeAlign="0" file="room/room_operation_btn_up.png" file2="" packFile="" gridLeft="10" gridRight="10" gridTop="10" gridBottom="10">
        <img_fold_unable type="1" typeName="Image" time="88826280" x="0" y="0" width="64" height="64" visible="true" fillParentWidth="true" fillParentHeight="true" nodeAlign="8" file="room/room_operation_check_down.png" packFile="" gridLeft="0" gridRight="0" gridTop="0" gridBottom="0"/>
        <txt_fold type="4" typeName="Text" time="87634505" x="0" y="0" width="280" height="75" visible="true" fillParentWidth="false" fillParentHeight="false" nodeAlign="8" fontName="" fontSize="24" textAlign="0" color="0xFFFFFF" string="弃  牌"/>
      </btn_fold>
      <btn_raise type="2" typeName="Button" time="87634371" x="0" y="0" width="280" height="75" visible="false" fillParentWidth="false" fillParentHeight="false" nodeAlign="3" file="room/room_operation_btn_up.png" file2="" packFile="" gridLeft="10" gridRight="10" gridTop="10" gridBottom="10">
        <img_raise_unable type="1" typeName="Image" time="88826288" x="0" y="0" width="64" height="64" visible="true" fillParentWidth="true" fillParentHeight="true" nodeAlign="8" file="room/room_operation_check_down.png" packFile="" gridLeft="0" gridRight="0" gridTop="0" gridBottom="0"/>
        <txt_raise type="4" typeName="Text" time="87634510" x="0" y="0" width="280" height="75" visible="true" fillParentWidth="false" fillParentHeight="false" nodeAlign="8" fontName="" fontSize="24" textAlign="0" color="0xFFFFFF" string="加  注"/>
      </btn_raise>
      <btn_confirm type="2" typeName="Button" time="88694071" x="0" y="0" width="280" height="75" visible="false" fillParentWidth="false" fillParentHeight="false" nodeAlign="3" file="room/room_operation_btn_up.png" file2="" packFile="" gridLeft="10" gridRight="10" gridTop="10" gridBottom="10">
        <img_confirm_unable type="1" typeName="Image" time="88826294" x="0" y="0" width="64" height="64" visible="true" fillParentWidth="true" fillParentHeight="true" nodeAlign="8" file="room/room_operation_check_down.png" packFile="" gridLeft="0" gridRight="0" gridTop="0" gridBottom="0"/>
        <txt_confirm type="4" typeName="Text" time="88694072" x="0" y="0" width="280" height="75" visible="true" fillParentWidth="false" fillParentHeight="false" nodeAlign="8" fontName="" fontSize="24" textAlign="0" color="0xFFFFFF" string="确  定"/>
      </btn_confirm>
      <btn_show_hand_card type="2" typeName="Button" time="88694171" x="492" y="0" width="384" height="76" visible="false" fillParentWidth="false" fillParentHeight="false" nodeAlign="8" file="room/room-operation-check-down.png" file2="" packFile="" gridLeft="10" gridRight="10" gridTop="10" gridBottom="10">
        <img_show_hand_card_icon type="1" typeName="Image" time="88694330" x="48" y="25" width="35" height="34" visible="true" fillParentWidth="false" fillParentHeight="false" nodeAlign="8" file="room/show_hand_card_icon.png" packFile="" gridLeft="0" gridRight="0" gridTop="0" gridBottom="0"/>
        <txt_show_hand_card type="4" typeName="Text" time="88694578" x="0" y="0" width="200" height="75" visible="true" fillParentWidth="false" fillParentHeight="false" nodeAlign="0" fontName="" fontSize="24" textAlign="0" color="0xFFFFFF" string="亮出手牌"/>
      </btn_show_hand_card>
      <btn_quick_sitdown type="2" typeName="Button" time="88694715" x="492" y="0" width="384" height="76" visible="true" fillParentWidth="false" fillParentHeight="false" nodeAlign="8" file="room/room-operation-check-down.png" file2="" packFile="" gridLeft="10" gridRight="10" gridTop="10" gridBottom="10">
        <txt_quick_sitdown type="4" typeName="Text" time="88694717" x="0" y="-12" width="200" height="22" visible="true" fillParentWidth="false" fillParentHeight="false" nodeAlign="0" fontName="" fontSize="22" textAlign="0" color="0xF5F5F5" string="快速开始"/>
        <txt_quick_sitdown_chips type="4" typeName="Text" time="88749163" x="0" y="10" width="200" height="20" visible="true" fillParentWidth="false" fillParentHeight="false" nodeAlign="0" fontName="" fontSize="20" textAlign="0" color="0x0BCEEC" string="买入$2000筹码"/>
        <img_quick_stidown type="1" typeName="Image" time="88749616" x="71" y="18" width="33" height="40" visible="true" fillParentWidth="false" fillParentHeight="false" nodeAlign="8" file="room/room_quick_sit_icon.png" packFile="" gridLeft="0" gridRight="0" gridTop="0" gridBottom="0"/>
      </btn_quick_sitdown>
      <btn_buy_in_again type="2" typeName="Button" time="88759947" x="492" y="0" width="384" height="76" visible="false" fillParentWidth="false" fillParentHeight="false" nodeAlign="8" file="room/room-operation-check-down.png" file2="" packFile="" gridLeft="10" gridRight="10" gridTop="10" gridBottom="10">
        <img_buy_in_again type="1" typeName="Image" time="88759950" x="71" y="18" width="33" height="40" visible="true" fillParentWidth="false" fillParentHeight="false" nodeAlign="8" file="room/room_buy_in_again_icon.png" packFile="" gridLeft="0" gridRight="0" gridTop="0" gridBottom="0"/>
        <txt_buy_in_again type="4" typeName="Text" time="88759948" x="0" y="-12" width="200" height="22" visible="true" fillParentWidth="false" fillParentHeight="false" nodeAlign="0" fontName="" fontSize="22" textAlign="0" color="0xF5F5F5" string="重新买入"/>
        <txt_buy_in_again_chips type="4" typeName="Text" time="88759949" x="0" y="10" width="200" height="20" visible="true" fillParentWidth="false" fillParentHeight="false" nodeAlign="0" fontName="" fontSize="20" textAlign="0" color="0x0BCEEC" string="买入$2000筹码"/>
      </btn_buy_in_again>
      <check_box_group type="0" typeName="CheckBoxGroup" time="88680418" x="0" y="0" width="870" height="75" visible="false" fillParentWidth="false" fillParentHeight="false" nodeAlign="4">
        <btn_auto_call type="0" typeName="CheckBox" time="88695157" x="0" y="0" width="280" height="75" visible="true" fillParentWidth="false" fillParentHeight="false" nodeAlign="8" file="room/room_unchecked_button_width_icon.png" file2="room/room_check_button_width_icon.png" packFile="" gridLeft="0" gridRight="0" gridTop="0" gridBottom="0">
          <txt_auto_call type="4" typeName="Text" time="88695158" x="68" y="1" width="200" height="75" visible="true" fillParentWidth="false" fillParentHeight="false" nodeAlign="8" fontName="" fontSize="24" textAlign="0" color="0xFFFFFF" string="自动看牌"/>
        </btn_auto_call>
        <btn_auto_check type="0" typeName="CheckBox" time="88680427" x="0" y="0" width="280" height="75" visible="true" fillParentWidth="false" fillParentHeight="false" nodeAlign="8" file="room/room_unchecked_button_width_icon.png" file2="room/room_check_button_width_icon.png" packFile="" gridLeft="20" gridRight="20" gridTop="14" gridBottom="14">
          <txt_auto_check type="4" typeName="Text" time="88680853" x="68" y="1" width="200" height="75" visible="true" fillParentWidth="false" fillParentHeight="false" nodeAlign="8" fontName="" fontSize="24" textAlign="0" color="0xFFFFFF" string="自动看牌"/>
        </btn_auto_check>
        <btn_auto_check_or_fold type="0" typeName="CheckBox" time="88680432" x="296" y="0" width="280" height="75" visible="true" fillParentWidth="false" fillParentHeight="false" nodeAlign="8" file="room/room_unchecked_button_width_icon.png" file2="room/room_check_button_width_icon.png" packFile="" gridLeft="0" gridRight="0" gridTop="0" gridBottom="0">
          <txt_auto_check_or_fold type="4" typeName="Text" time="88681019" x="69" y="1" width="200" height="75" visible="true" fillParentWidth="false" fillParentHeight="false" nodeAlign="8" fontName="" fontSize="24" textAlign="0" color="0xFFFFFF" string="看或弃"/>
        </btn_auto_check_or_fold>
        <btn_auto_call_any type="0" typeName="CheckBox" time="88680435" x="592" y="0" width="280" height="75" visible="true" fillParentWidth="false" fillParentHeight="false" nodeAlign="8" file="room/room_unchecked_button_width_icon.png" file2="room/room_check_button_width_icon.png" packFile="" gridLeft="0" gridRight="0" gridTop="0" gridBottom="0">
          <txt_auto_call_any type="4" typeName="Text" time="88681078" x="72" y="2" width="200" height="75" visible="true" fillParentWidth="false" fillParentHeight="false" nodeAlign="8" fontName="" fontSize="24" textAlign="0" color="0xFFFFFF" string="跟任何注"/>
        </btn_auto_call_any>
      </check_box_group>
    </bottom_btn_container>
    <calculator_container type="0" typeName="View" time="91102120" x="0" y="40" width="328" height="640" visible="false" fillParentWidth="false" fillParentHeight="false" nodeAlign="8"/>
    <seat_container type="0" typeName="View" time="91631823" x="20" y="23" width="1280" height="720" visible="true" fillParentWidth="true" fillParentHeight="true" nodeAlign="8">
      <seat_pos_container type="0" typeName="View" time="91634455" x="0" y="0" width="0" height="0" visible="false" fillParentWidth="true" fillParentHeight="true" nodeAlign="8">
        <seat_pos_1 type="1" typeName="Image" time="91631792" x="808" y="52" width="108" height="164" visible="true" fillParentWidth="false" fillParentHeight="false" nodeAlign="8" file="room/room_seat_background.png" packFile="" gridLeft="20" gridRight="20" gridTop="20" gridBottom="20"/>
        <seat_pos_2 type="1" typeName="Image" time="91632087" x="996" y="116" width="108" height="164" visible="true" fillParentWidth="false" fillParentHeight="false" nodeAlign="8" file="room/room_seat_background.png" packFile="" gridLeft="20" gridRight="20" gridTop="20" gridBottom="20"/>
        <seat_pos_3 type="1" typeName="Image" time="91632089" x="996" y="340" width="108" height="164" visible="true" fillParentWidth="false" fillParentHeight="false" nodeAlign="8" file="room/room_seat_background.png" packFile="" gridLeft="20" gridRight="20" gridTop="20" gridBottom="20"/>
        <seat_pos_4 type="1" typeName="Image" time="91632091" x="808" y="424" width="108" height="164" visible="true" fillParentWidth="false" fillParentHeight="false" nodeAlign="8" file="room/room_seat_background.png" packFile="" gridLeft="20" gridRight="20" gridTop="20" gridBottom="20"/>
        <seat_pos_5 type="1" typeName="Image" time="91632092" x="586" y="424" width="108" height="164" visible="true" fillParentWidth="false" fillParentHeight="false" nodeAlign="8" file="room/room_seat_background.png" packFile="" gridLeft="20" gridRight="20" gridTop="20" gridBottom="20"/>
        <seat_pos_6 type="1" typeName="Image" time="91632094" x="364" y="424" width="108" height="164" visible="true" fillParentWidth="false" fillParentHeight="false" nodeAlign="8" file="room/room_seat_background.png" packFile="" gridLeft="20" gridRight="20" gridTop="20" gridBottom="20"/>
        <seat_pos_7 type="1" typeName="Image" time="91632095" x="176" y="340" width="108" height="164" visible="true" fillParentWidth="false" fillParentHeight="false" nodeAlign="8" file="room/room_seat_background.png" packFile="" gridLeft="20" gridRight="20" gridTop="20" gridBottom="20"/>
        <seat_pos_8 type="1" typeName="Image" time="91632097" x="176" y="116" width="108" height="164" visible="true" fillParentWidth="false" fillParentHeight="false" nodeAlign="8" file="room/room_seat_background.png" packFile="" gridLeft="20" gridRight="20" gridTop="20" gridBottom="20"/>
        <seat_pos_9 type="1" typeName="Image" time="91632126" x="364" y="52" width="108" height="164" visible="true" fillParentWidth="false" fillParentHeight="false" nodeAlign="8" file="room/room_seat_background.png" packFile="" gridLeft="20" gridRight="20" gridTop="20" gridBottom="20"/>
      </seat_pos_container>
      <chip_pos_container type="0" typeName="View" time="91634466" x="0" y="0" width="0" height="0" visible="false" fillParentWidth="true" fillParentHeight="true" nodeAlign="8">
        <chip_pos_1 type="1" typeName="Image" time="91632964" x="862" y="248" width="34" height="33" visible="true" fillParentWidth="false" fillParentHeight="false" nodeAlign="8" file="chip/room_chip_even_1.png" packFile="" gridLeft="0" gridRight="0" gridTop="0" gridBottom="0"/>
        <chip_pos_2 type="1" typeName="Image" time="91632993" x="912" y="298" width="34" height="33" visible="true" fillParentWidth="false" fillParentHeight="false" nodeAlign="8" file="chip/room_chip_even_1.png" packFile="" gridLeft="0" gridRight="0" gridTop="0" gridBottom="0"/>
        <chip_pos_3 type="1" typeName="Image" time="91632995" x="862" y="348" width="34" height="33" visible="true" fillParentWidth="false" fillParentHeight="false" nodeAlign="8" file="chip/room_chip_even_1.png" packFile="" gridLeft="0" gridRight="0" gridTop="0" gridBottom="0"/>
        <chip_pos_4 type="1" typeName="Image" time="91632996" x="810" y="396" width="34" height="33" visible="true" fillParentWidth="false" fillParentHeight="false" nodeAlign="8" file="chip/room_chip_even_1.png" packFile="" gridLeft="0" gridRight="0" gridTop="0" gridBottom="0"/>
        <chip_pos_5 type="1" typeName="Image" time="91632998" x="702" y="424" width="34" height="33" visible="true" fillParentWidth="false" fillParentHeight="false" nodeAlign="8" file="chip/room_chip_even_1.png" packFile="" gridLeft="0" gridRight="0" gridTop="0" gridBottom="0"/>
        <chip_pos_6 type="1" typeName="Image" time="91632999" x="398" y="396" width="34" height="33" visible="true" fillParentWidth="false" fillParentHeight="false" nodeAlign="8" file="chip/room_chip_even_1.png" packFile="" gridLeft="0" gridRight="0" gridTop="0" gridBottom="0"/>
        <chip_pos_7 type="1" typeName="Image" time="91633001" x="346" y="348" width="34" height="33" visible="true" fillParentWidth="false" fillParentHeight="false" nodeAlign="8" file="chip/room_chip_even_1.png" packFile="" gridLeft="0" gridRight="0" gridTop="0" gridBottom="0"/>
        <chip_pos_8 type="1" typeName="Image" time="91633002" x="296" y="298" width="34" height="33" visible="true" fillParentWidth="false" fillParentHeight="false" nodeAlign="8" file="chip/room_chip_even_1.png" packFile="" gridLeft="0" gridRight="0" gridTop="0" gridBottom="0"/>
        <chip_pos_9 type="1" typeName="Image" time="91633004" x="346" y="248" width="34" height="33" visible="true" fillParentWidth="false" fillParentHeight="false" nodeAlign="8" file="chip/room_chip_even_1.png" packFile="" gridLeft="0" gridRight="0" gridTop="0" gridBottom="0"/>
      </chip_pos_container>
      <pot_pos_container type="0" typeName="View" time="91634471" x="0" y="0" width="0" height="0" visible="false" fillParentWidth="true" fillParentHeight="true" nodeAlign="8">
        <pot_pos_1 type="1" typeName="Image" time="91633930" x="604" y="248" width="34" height="33" visible="true" fillParentWidth="false" fillParentHeight="false" nodeAlign="8" file="chip/room_chip_even_1.png" packFile="" gridLeft="0" gridRight="0" gridTop="0" gridBottom="0"/>
        <pot_pos_2 type="1" typeName="Image" time="91633941" x="528" y="248" width="34" height="33" visible="true" fillParentWidth="false" fillParentHeight="false" nodeAlign="8" file="chip/room_chip_even_1.png" packFile="" gridLeft="0" gridRight="0" gridTop="0" gridBottom="0"/>
        <pot_pos_3 type="1" typeName="Image" time="91633943" x="680" y="248" width="34" height="33" visible="true" fillParentWidth="false" fillParentHeight="false" nodeAlign="8" file="chip/room_chip_even_1.png" packFile="" gridLeft="0" gridRight="0" gridTop="0" gridBottom="0"/>
        <pot_pos_4 type="1" typeName="Image" time="91633944" x="452" y="248" width="34" height="33" visible="true" fillParentWidth="false" fillParentHeight="false" nodeAlign="8" file="chip/room_chip_even_1.png" packFile="" gridLeft="0" gridRight="0" gridTop="0" gridBottom="0"/>
        <pot_pos_5 type="1" typeName="Image" time="91633946" x="756" y="248" width="34" height="33" visible="true" fillParentWidth="false" fillParentHeight="false" nodeAlign="8" file="chip/room_chip_even_1.png" packFile="" gridLeft="0" gridRight="0" gridTop="0" gridBottom="0"/>
        <pot_pos_6 type="1" typeName="Image" time="91633948" x="566" y="224" width="34" height="33" visible="true" fillParentWidth="false" fillParentHeight="false" nodeAlign="8" file="chip/room_chip_even_1.png" packFile="" gridLeft="0" gridRight="0" gridTop="0" gridBottom="0"/>
        <pot_pos_7 type="1" typeName="Image" time="91633950" x="642" y="224" width="34" height="33" visible="true" fillParentWidth="false" fillParentHeight="false" nodeAlign="8" file="chip/room_chip_even_1.png" packFile="" gridLeft="0" gridRight="0" gridTop="0" gridBottom="0"/>
        <pot_pos_8 type="1" typeName="Image" time="91633953" x="488" y="224" width="34" height="33" visible="true" fillParentWidth="false" fillParentHeight="false" nodeAlign="8" file="chip/room_chip_even_1.png" packFile="" gridLeft="0" gridRight="0" gridTop="0" gridBottom="0"/>
        <pot_pos_9 type="1" typeName="Image" time="91633957" x="720" y="224" width="34" height="33" visible="true" fillParentWidth="false" fillParentHeight="false" nodeAlign="8" file="chip/room_chip_even_1.png" packFile="" gridLeft="0" gridRight="0" gridTop="0" gridBottom="0"/>
      </pot_pos_container>
      <d_pos_container type="0" typeName="View" time="91634649" x="0" y="0" width="0" height="0" visible="false" fillParentWidth="true" fillParentHeight="true" nodeAlign="8">
        <d_pos_1 type="1" typeName="Image" time="91634347" x="764" y="184" width="28" height="28" visible="true" fillParentWidth="false" fillParentHeight="false" nodeAlign="8" file="room/room-table-dealer.png" packFile="" gridLeft="0" gridRight="0" gridTop="0" gridBottom="0"/>
        <d_pos_2 type="1" typeName="Image" time="91635030" x="952" y="248" width="28" height="28" visible="true" fillParentWidth="false" fillParentHeight="false" nodeAlign="8" file="room/room-table-dealer.png" packFile="" gridLeft="0" gridRight="0" gridTop="0" gridBottom="0"/>
        <d_pos_3 type="1" typeName="Image" time="91635032" x="952" y="340" width="28" height="28" visible="true" fillParentWidth="false" fillParentHeight="false" nodeAlign="8" file="room/room-table-dealer.png" packFile="" gridLeft="0" gridRight="0" gridTop="0" gridBottom="0"/>
        <d_pos_4 type="1" typeName="Image" time="91635033" x="924" y="424" width="28" height="28" visible="true" fillParentWidth="false" fillParentHeight="false" nodeAlign="8" file="room/room-table-dealer.png" packFile="" gridLeft="0" gridRight="0" gridTop="0" gridBottom="0"/>
        <d_pos_5 type="1" typeName="Image" time="91635034" x="542" y="424" width="28" height="28" visible="true" fillParentWidth="false" fillParentHeight="false" nodeAlign="8" file="room/room-table-dealer.png" packFile="" gridLeft="0" gridRight="0" gridTop="0" gridBottom="0"/>
        <d_pos_6 type="1" typeName="Image" time="91635036" x="320" y="424" width="28" height="28" visible="true" fillParentWidth="false" fillParentHeight="false" nodeAlign="8" file="room/room-table-dealer.png" packFile="" gridLeft="0" gridRight="0" gridTop="0" gridBottom="0"/>
        <d_pos_7 type="1" typeName="Image" time="91635038" x="292" y="340" width="28" height="28" visible="true" fillParentWidth="false" fillParentHeight="false" nodeAlign="8" file="room/room-table-dealer.png" packFile="" gridLeft="0" gridRight="0" gridTop="0" gridBottom="0"/>
        <d_pos_8 type="1" typeName="Image" time="91635040" x="340" y="248" width="28" height="28" visible="true" fillParentWidth="false" fillParentHeight="false" nodeAlign="8" file="room/room-table-dealer.png" packFile="" gridLeft="0" gridRight="0" gridTop="0" gridBottom="0"/>
        <d_pos_9 type="1" typeName="Image" time="91635041" x="480" y="184" width="28" height="28" visible="true" fillParentWidth="false" fillParentHeight="false" nodeAlign="8" file="room/room-table-dealer.png" packFile="" gridLeft="0" gridRight="0" gridTop="0" gridBottom="0"/>
        <d_pos_10 type="1" typeName="Image" time="91635043" x="628" y="224" width="28" height="28" visible="true" fillParentWidth="false" fillParentHeight="false" nodeAlign="8" file="room/room-table-dealer.png" packFile="" gridLeft="0" gridRight="0" gridTop="0" gridBottom="0"/>
      </d_pos_container>
      <send_pos_container type="0" typeName="View" time="91699959" x="0" y="0" width="1280" height="720" visible="false" fillParentWidth="true" fillParentHeight="true" nodeAlign="8">
        <send_pos_1 type="0" typeName="View" time="91700123" x="858" y="123" width="10" height="10" visible="true" fillParentWidth="false" fillParentHeight="false" nodeAlign="8"/>
        <send_pos_2 type="0" typeName="View" time="91700122" x="1047" y="190" width="10" height="10" visible="true" fillParentWidth="false" fillParentHeight="false" nodeAlign="8"/>
        <send_pos_3 type="0" typeName="View" time="91700121" x="1047" y="423" width="10" height="10" visible="true" fillParentWidth="false" fillParentHeight="false" nodeAlign="8"/>
        <send_pos_4 type="0" typeName="View" time="91700120" x="859" y="505" width="10" height="10" visible="true" fillParentWidth="false" fillParentHeight="false" nodeAlign="8"/>
        <send_pos_5 type="0" typeName="View" time="91701040" x="637" y="504" width="10" height="10" visible="true" fillParentWidth="false" fillParentHeight="false" nodeAlign="8"/>
        <send_pos_6 type="0" typeName="View" time="91700118" x="414" y="504" width="10" height="10" visible="true" fillParentWidth="false" fillParentHeight="false" nodeAlign="8"/>
        <send_pos_7 type="0" typeName="View" time="91700117" x="225" y="422" width="10" height="10" visible="true" fillParentWidth="false" fillParentHeight="false" nodeAlign="8"/>
        <send_pos_8 type="0" typeName="View" time="91700066" x="225" y="190" width="10" height="10" visible="true" fillParentWidth="false" fillParentHeight="false" nodeAlign="8"/>
        <send_pos_9 type="0" typeName="View" time="91700124" x="414" y="123" width="10" height="10" visible="true" fillParentWidth="false" fillParentHeight="false" nodeAlign="8"/>
        <send_pos_10 type="0" typeName="View" time="91700116" x="637" y="123" width="10" height="10" visible="true" fillParentWidth="false" fillParentHeight="false" nodeAlign="8"/>
      </send_pos_container>
      <center_point type="0" typeName="View" time="91698667" x="640" y="360" width="1" height="1" visible="false" fillParentWidth="false" fillParentHeight="false" nodeAlign="8"/>
    </seat_container>
  </bg>
</root>
