<?xml version="1.0" encoding="utf-8"?>
<root type="0" typeName="View" time="0" x="0" y="0" width="1280" height="720" visible="true" fillParentWidth="true" fillParentHeight="true" nodeAlign="8" name="">
  <bg type="1" typeName="Image" time="89869294" x="0" y="-109" width="298" height="190" visible="true" fillParentWidth="false" fillParentHeight="false" nodeAlign="0" file="room/interactive-pane-background.png" packFile="" gridLeft="10" gridRight="10" gridTop="10" gridBottom="10" name="">
    <btn_change_dealer type="2" typeName="Button" time="89869930" x="14" y="15" width="126" height="84" visible="true" fillParentWidth="false" fillParentHeight="false" nodeAlign="8" file="common/dialog/common_blue_btn_up.png" file2="" packFile="" gridLeft="9" gridRight="9" gridTop="10" gridBottom="10" name="">
      <Image1 type="1" typeName="Image" time="89870107" x="0" y="4" width="43" height="44" visible="true" fillParentWidth="false" fillParentHeight="false" nodeAlign="1" file="room/change-dealer-up-icon.png" packFile="" gridLeft="0" gridRight="0" gridTop="0" gridBottom="0" name="" />
      <change_dealer type="4" typeName="Text" time="89870144" x="0" y="4" width="128" height="32" visible="true" fillParentWidth="false" fillParentHeight="false" nodeAlign="5" fontName="" fontSize="24" textAlign="0" color="0xFFFFFF" string="换荷官" name="" />
    </btn_change_dealer>
    <btn_give_tips type="2" typeName="Button" time="89873715" x="154" y="15" width="126" height="84" visible="true" fillParentWidth="false" fillParentHeight="false" nodeAlign="8" file="common/dialog/common_green_btn_up.png" file2="" packFile="" gridLeft="9" gridRight="9" gridTop="10" gridBottom="10" name="">
      <Image1 type="1" typeName="Image" time="89873716" x="0" y="4" width="43" height="44" visible="true" fillParentWidth="false" fillParentHeight="false" nodeAlign="1" file="room/user-send-tips-up-icon.png" packFile="" gridLeft="0" gridRight="0" gridTop="0" gridBottom="0" name="" />
      <give_tips type="4" typeName="Text" time="89873717" x="0" y="4" width="128" height="32" visible="true" fillParentWidth="false" fillParentHeight="false" nodeAlign="5" fontName="" fontSize="24" textAlign="0" color="0xFFFFFF" string="给小费" name="" />
    </btn_give_tips>
    <bg_hddj type="1" typeName="Image" time="89879103" x="0" y="46" width="278" height="78" visible="true" fillParentWidth="false" fillParentHeight="false" nodeAlign="0" file="room/room-dealer-hddj-background.png" packFile="" gridLeft="5" gridRight="5" gridTop="5" gridBottom="5" name="">
      <hddj_scroll type="0" typeName="ScrollView" time="89879374" x="0" y="0" width="200" height="150" visible="true" fillParentWidth="true" fillParentHeight="true" nodeAlign="8" name="" />
    </bg_hddj>
  </bg>
</root>