<?xml version="1.0" encoding="utf-8"?>
<root type="0" typeName="View" time="0" x="0" y="0" width="1280" height="720" visible="true" fillParentWidth="true" fillParentHeight="true" nodeAlign="8" name="">
  <bg type="1" typeName="Image" time="87816502" x="0" y="0" width="736" height="448" visible="true" fillParentWidth="false" fillParentHeight="false" nodeAlign="0" file="common/dialog/common_pop_up_background_back.png" packFile="" gridLeft="11" gridRight="11" gridTop="11" gridBottom="11" name="">
    <mask type="1" typeName="Image" time="87966332" x="3" y="0" width="420" height="414" visible="true" fillParentWidth="false" fillParentHeight="false" nodeAlign="7" file="common/dialog/common-pop-up-background-up-side.png" packFile="" gridLeft="0" gridRight="0" gridTop="2" gridBottom="0" name="">
      <title type="4" typeName="Text" time="91957075" x="0" y="26" width="200" height="32" visible="true" fillParentWidth="false" fillParentHeight="false" nodeAlign="1" fontName="" fontSize="24" textAlign="0" color="0x5EE8F7" string="牌型與獎金賠率" name="" />
      <slot_help type="4" typeName="Text" time="91957216" x="0" y="54" width="200" height="24" visible="true" fillParentWidth="false" fillParentHeight="false" nodeAlign="1" fontName="" fontSize="20" textAlign="0" color="0xE6A54E" string="您的獎金=" name="" />
      <splitlines type="0" typeName="View" time="91958098" x="-9" y="0" width="0" height="0" visible="true" fillParentWidth="false" fillParentHeight="false" nodeAlign="1" name="">
        <splitline1 type="1" typeName="Image" time="91957296" x="0" y="100" width="368" height="2" visible="true" fillParentWidth="false" fillParentHeight="false" nodeAlign="1" file="room/slot/slot-popup-split-line.png" packFile="" gridLeft="0" gridRight="0" gridTop="0" gridBottom="0" name="" />
        <splitline2 type="1" typeName="Image" time="91958072" x="0" y="132" width="368" height="2" visible="true" fillParentWidth="false" fillParentHeight="false" nodeAlign="1" file="room/slot/slot-popup-split-line.png" packFile="" gridLeft="0" gridRight="0" gridTop="0" gridBottom="0" name="" />
        <splitline3 type="1" typeName="Image" time="91958074" x="0" y="164" width="368" height="2" visible="true" fillParentWidth="false" fillParentHeight="false" nodeAlign="1" file="room/slot/slot-popup-split-line.png" packFile="" gridLeft="0" gridRight="0" gridTop="0" gridBottom="0" name="" />
        <splitline4 type="1" typeName="Image" time="91958076" x="0" y="196" width="368" height="2" visible="true" fillParentWidth="false" fillParentHeight="false" nodeAlign="1" file="room/slot/slot-popup-split-line.png" packFile="" gridLeft="0" gridRight="0" gridTop="0" gridBottom="0" name="" />
        <splitline5 type="1" typeName="Image" time="91958077" x="0" y="228" width="368" height="2" visible="true" fillParentWidth="false" fillParentHeight="false" nodeAlign="1" file="room/slot/slot-popup-split-line.png" packFile="" gridLeft="0" gridRight="0" gridTop="0" gridBottom="0" name="" />
        <splitline6 type="1" typeName="Image" time="91958078" x="0" y="260" width="368" height="2" visible="true" fillParentWidth="false" fillParentHeight="false" nodeAlign="1" file="room/slot/slot-popup-split-line.png" packFile="" gridLeft="0" gridRight="0" gridTop="0" gridBottom="0" name="" />
        <splitline7 type="1" typeName="Image" time="91958080" x="0" y="292" width="368" height="2" visible="true" fillParentWidth="false" fillParentHeight="false" nodeAlign="1" file="room/slot/slot-popup-split-line.png" packFile="" gridLeft="0" gridRight="0" gridTop="0" gridBottom="0" name="" />
        <splitline8 type="1" typeName="Image" time="91958082" x="0" y="324" width="368" height="2" visible="true" fillParentWidth="false" fillParentHeight="false" nodeAlign="1" file="room/slot/slot-popup-split-line.png" packFile="" gridLeft="0" gridRight="0" gridTop="0" gridBottom="0" name="" />
        <splitline9 type="1" typeName="Image" time="91958084" x="0" y="356" width="368" height="2" visible="true" fillParentWidth="false" fillParentHeight="false" nodeAlign="1" file="room/slot/slot-popup-split-line.png" packFile="" gridLeft="0" gridRight="0" gridTop="0" gridBottom="0" name="" />
      </splitlines>
      <odds type="0" typeName="View" time="91958356" x="0" y="0" width="0" height="0" visible="true" fillParentWidth="false" fillParentHeight="false" nodeAlign="8" name="">
        <cardtype1 type="4" typeName="Text" time="91958407" x="43" y="104" width="200" height="24" visible="true" fillParentWidth="false" fillParentHeight="false" nodeAlign="8" fontName="" fontSize="20" textAlign="7" color="0xF5F5F5" string="Text1" name="" />
        <cardtype2 type="4" typeName="Text" time="91958705" x="43" y="136" width="200" height="24" visible="true" fillParentWidth="false" fillParentHeight="false" nodeAlign="8" fontName="" fontSize="20" textAlign="7" color="0xF5F5F5" string="Text1" name="" />
        <cardtype3 type="4" typeName="Text" time="91958711" x="43" y="168" width="200" height="24" visible="true" fillParentWidth="false" fillParentHeight="false" nodeAlign="8" fontName="" fontSize="20" textAlign="7" color="0xF5F5F5" string="Text1" name="" />
        <cardtype4 type="4" typeName="Text" time="91958713" x="43" y="200" width="200" height="24" visible="true" fillParentWidth="false" fillParentHeight="false" nodeAlign="8" fontName="" fontSize="20" textAlign="7" color="0xF5F5F5" string="Text1" name="" />
        <cardtype5 type="4" typeName="Text" time="91958716" x="43" y="232" width="200" height="24" visible="true" fillParentWidth="false" fillParentHeight="false" nodeAlign="8" fontName="" fontSize="20" textAlign="7" color="0xF5F5F5" string="Text1" name="" />
        <cardtype6 type="4" typeName="Text" time="91993432" x="43" y="264" width="200" height="24" visible="true" fillParentWidth="false" fillParentHeight="false" nodeAlign="8" fontName="" fontSize="20" textAlign="7" color="0xF5F5F5" string="Text1" name="" />
        <cardtype7 type="4" typeName="Text" time="91958717" x="43" y="296" width="200" height="24" visible="true" fillParentWidth="false" fillParentHeight="false" nodeAlign="8" fontName="" fontSize="20" textAlign="7" color="0xF5F5F5" string="Text1" name="" />
        <cardtype8 type="4" typeName="Text" time="91958718" x="43" y="328" width="200" height="24" visible="true" fillParentWidth="false" fillParentHeight="false" nodeAlign="8" fontName="" fontSize="20" textAlign="7" color="0xF5F5F5" string="Text1" name="" />
        <cardtype9 type="4" typeName="Text" time="91958719" x="43" y="360" width="200" height="24" visible="true" fillParentWidth="false" fillParentHeight="false" nodeAlign="8" fontName="" fontSize="20" textAlign="7" color="0xF5F5F5" string="Text1" name="" />
        <odds1 type="4" typeName="Text" time="91958486" x="186" y="104" width="200" height="24" visible="true" fillParentWidth="false" fillParentHeight="false" nodeAlign="8" fontName="" fontSize="20" textAlign="3" color="0xF5F5F5" string="Text1" name="" />
        <odds2 type="4" typeName="Text" time="91958737" x="186" y="136" width="200" height="24" visible="true" fillParentWidth="false" fillParentHeight="false" nodeAlign="8" fontName="" fontSize="20" textAlign="3" color="0xF5F5F5" string="Text1" name="" />
        <odds3 type="4" typeName="Text" time="91958738" x="186" y="168" width="200" height="24" visible="true" fillParentWidth="false" fillParentHeight="false" nodeAlign="8" fontName="" fontSize="20" textAlign="3" color="0xF5F5F5" string="Text1" name="" />
        <odds4 type="4" typeName="Text" time="91958739" x="186" y="200" width="200" height="24" visible="true" fillParentWidth="false" fillParentHeight="false" nodeAlign="8" fontName="" fontSize="20" textAlign="3" color="0xF5F5F5" string="Text1" name="" />
        <odds5 type="4" typeName="Text" time="91958740" x="186" y="232" width="200" height="24" visible="true" fillParentWidth="false" fillParentHeight="false" nodeAlign="8" fontName="" fontSize="20" textAlign="3" color="0xF5F5F5" string="Text1" name="" />
        <odds6 type="4" typeName="Text" time="91958741" x="186" y="264" width="200" height="24" visible="true" fillParentWidth="false" fillParentHeight="false" nodeAlign="8" fontName="" fontSize="20" textAlign="3" color="0xF5F5F5" string="Text1" name="" />
        <odds7 type="4" typeName="Text" time="91958742" x="186" y="296" width="200" height="24" visible="true" fillParentWidth="false" fillParentHeight="false" nodeAlign="8" fontName="" fontSize="20" textAlign="3" color="0xF5F5F5" string="Text1" name="" />
        <odds8 type="4" typeName="Text" time="91958743" x="186" y="328" width="200" height="24" visible="true" fillParentWidth="false" fillParentHeight="false" nodeAlign="8" fontName="" fontSize="20" textAlign="3" color="0xF5F5F5" string="Text1" name="" />
        <odds9 type="4" typeName="Text" time="91958744" x="186" y="360" width="200" height="24" visible="true" fillParentWidth="false" fillParentHeight="false" nodeAlign="8" fontName="" fontSize="20" textAlign="3" color="0xF5F5F5" string="Text1" name="" />
      </odds>
    </mask>
    <btn_close type="2" typeName="Button" time="87816546" x="711" y="-28" width="58" height="61" visible="true" fillParentWidth="false" fillParentHeight="false" nodeAlign="8" file="common/dialog/common_close_btn_up.png" file2="common/dialog/common_close_btn_down.png" packFile="" gridLeft="0" gridRight="0" gridTop="0" gridBottom="0" name="" />
    <decoration1 type="1" typeName="Image" time="91959168" x="482" y="32" width="28" height="28" visible="true" fillParentWidth="false" fillParentHeight="false" nodeAlign="8" file="room/slot/slot-pop-decoration1.png" packFile="" gridLeft="0" gridRight="0" gridTop="0" gridBottom="0" name="" />
    <decoration2 type="1" typeName="Image" time="91959170" x="542" y="32" width="28" height="28" visible="true" fillParentWidth="false" fillParentHeight="false" nodeAlign="8" file="room/slot/slot-pop-decoration2.png" packFile="" gridLeft="0" gridRight="0" gridTop="0" gridBottom="0" name="" />
    <decoration3 type="1" typeName="Image" time="91959171" x="602" y="32" width="28" height="28" visible="true" fillParentWidth="false" fillParentHeight="false" nodeAlign="8" file="room/slot/slot-pop-decoration3.png" packFile="" gridLeft="0" gridRight="0" gridTop="0" gridBottom="0" name="" />
    <decoration4 type="1" typeName="Image" time="91959173" x="662" y="32" width="28" height="28" visible="true" fillParentWidth="false" fillParentHeight="false" nodeAlign="8" file="room/slot/slot-pop-decoration4.png" packFile="" gridLeft="0" gridRight="0" gridTop="0" gridBottom="0" name="" />
    <sys_tip1 type="5" typeName="TextView" time="91964551" x="440" y="89" width="280" height="64" visible="true" fillParentWidth="false" fillParentHeight="false" nodeAlign="8" fontName="" fontSize="24" textAlign="1" color="0xFFFFFF" string="TextView1" name="" />
    <sys_tip2 type="4" typeName="Text" time="91959714" x="440" y="315" width="280" height="64" visible="true" fillParentWidth="false" fillParentHeight="false" nodeAlign="8" fontName="" fontSize="24" textAlign="1" color="0xF5F5F5" string="幸運數字不分花色" name="" />
    <check_view type="0" typeName="View" time="91960142" x="467" y="355" width="40" height="40" visible="true" fillParentWidth="false" fillParentHeight="false" nodeAlign="8" name="">
      <bg type="1" typeName="Image" time="91960162" x="0" y="0" width="40" height="40" visible="true" fillParentWidth="false" fillParentHeight="false" nodeAlign="8" file="common/dialog/common_check_unselected.png" packFile="" gridLeft="0" gridRight="0" gridTop="0" gridBottom="0" name="" />
      <checkgroup type="0" typeName="CheckBoxGroup" time="91959808" x="0" y="0" width="54" height="48" visible="true" fillParentWidth="false" fillParentHeight="false" nodeAlign="8" name="">
        <check type="0" typeName="CheckBox" time="91959812" x="0" y="0" width="40" height="40" visible="true" fillParentWidth="false" fillParentHeight="false" nodeAlign="8" file="common/transparent.png" file2="common/dialog/common_check_selected_icon.png" packFile="" gridLeft="0" gridRight="0" gridTop="0" gridBottom="0" name="" />
      </checkgroup>
      <label type="4" typeName="Text" time="91960228" x="50" y="0" width="200" height="24" visible="true" fillParentWidth="false" fillParentHeight="false" nodeAlign="7" fontName="" fontSize="24" textAlign="7" color="0x1A1A1A" string="label" name="" />
    </check_view>
  </bg>
</root>