<?xml version="1.0" encoding="utf-8"?>
<root type="0" typeName="View" time="0" x="0" y="0" width="1280" height="720" visible="true" fillParentWidth="true" fillParentHeight="true" nodeAlign="8">
  <operation_area type="0" typeName="View" time="90407733" x="0" y="0" width="200" height="0" visible="true" fillParentWidth="true" fillParentHeight="false" nodeAlign="5">
    <bg1 type="1" typeName="Image" time="90404832" x="0" y="325" width="1280" height="94" visible="true" fillParentWidth="true" fillParentHeight="false" nodeAlign="6" file="chat/chat-pop-bg-top.png" packFile="" gridLeft="0" gridRight="0" gridTop="0" gridBottom="0">
      <btn_expression type="2" typeName="Button" time="90405164" x="22" y="0" width="70" height="70" visible="true" fillParentWidth="false" fillParentHeight="false" nodeAlign="7" file="chat/chat-expression-up-icon.png" file2="chat/chat-expression-down-icon.png" packFile="" gridLeft="0" gridRight="0" gridTop="0" gridBottom="0"/>
      <chat_input type="1" typeName="Image" time="90405326" x="-41" y="0" width="994" height="64" visible="true" fillParentWidth="false" fillParentHeight="false" nodeAlign="0" file="chat/chat-text-input-bg.png" packFile="" gridLeft="18" gridRight="18" gridTop="16" gridBottom="19">
        <btn_select type="2" typeName="Button" time="90405737" x="8" y="-1" width="93" height="50" visible="true" fillParentWidth="false" fillParentHeight="false" nodeAlign="7" file="chat/chat-type-selector-up.png" file2="chat/chat-type-selector-down.png" packFile="" gridLeft="10" gridRight="3" gridTop="10" gridBottom="5">
          <chat_type_icon type="1" typeName="Image" time="90406021" x="13" y="0" width="31" height="34" visible="true" fillParentWidth="false" fillParentHeight="false" nodeAlign="7" file="chat/chat-quick-chat-icon.png" packFile="" gridLeft="0" gridRight="0" gridTop="0" gridBottom="0"/>
          <Image2 type="1" typeName="Image" time="90406059" x="11" y="0" width="24" height="13" visible="true" fillParentWidth="false" fillParentHeight="false" nodeAlign="3" file="chat/chat-type-selector-icon-not-selected.png" packFile="" gridLeft="0" gridRight="0" gridTop="0" gridBottom="0"/>
        </btn_select>
        <input0 type="6" typeName="EditText" time="90406129" x="103" y="0" width="880" height="60" visible="false" fillParentWidth="false" fillParentHeight="false" nodeAlign="7" fontName="" fontSize="24" textAlign="7" color="0x000000" string="EditText1"/>
        <input type="7" typeName="EditTextView" time="90495711" x="103" y="0" width="880" height="60" visible="true" fillParentWidth="false" fillParentHeight="false" nodeAlign="7" fontName="" fontSize="24" textAlign="7" color="0x000000" string=""/>
      </chat_input>
      <btn_send type="2" typeName="Button" time="90405504" x="30" y="0" width="137" height="61" visible="true" fillParentWidth="false" fillParentHeight="false" nodeAlign="3" file="common/dialog/common_green_btn_up.png" file2="common/dialog/common_green_btn_down.png" packFile="" gridLeft="11" gridRight="11" gridTop="11" gridBottom="11">
        <tx_send type="4" typeName="Text" time="90405667" x="0" y="0" width="151" height="32" visible="true" fillParentWidth="false" fillParentHeight="false" nodeAlign="0" fontName="" fontSize="24" textAlign="0" color="0xFFFFFF" string="發送"/>
      </btn_send>
    </bg1>
    <bg2 type="1" typeName="Image" time="90404916" x="0" y="0" width="1280" height="324" visible="true" fillParentWidth="true" fillParentHeight="false" nodeAlign="6" file="chat/chat-pop-bg-bottom.png" packFile="" gridLeft="0" gridRight="0" gridTop="0" gridBottom="0">
      <arrow_indicator type="1" typeName="Image" time="90406268" x="38" y="-19" width="31" height="19" visible="true" fillParentWidth="false" fillParentHeight="false" nodeAlign="8" file="chat/chat-indicate-arrow-image.png" packFile="" gridLeft="0" gridRight="0" gridTop="0" gridBottom="0"/>
      <page_expression type="1" typeName="Image" time="90406522" x="0" y="0" width="1280" height="84" visible="true" fillParentWidth="true" fillParentHeight="false" nodeAlign="5" file="chat/chat_bg3.png" packFile="" gridLeft="0" gridRight="0" gridTop="0" gridBottom="0">
        <tab_bg type="1" typeName="Image" time="90406628" x="9" y="0" width="148" height="84" visible="true" fillParentWidth="false" fillParentHeight="false" nodeAlign="8" file="chat/chat-expression-tab-bg.png" packFile="" gridLeft="8" gridRight="8" gridTop="2" gridBottom="10"/>
        <Image3 type="1" typeName="Image" time="90407184" x="53" y="0" width="56" height="55" visible="true" fillParentWidth="false" fillParentHeight="false" nodeAlign="7" file="chat/chat-normal-expression-icon.png" packFile="" gridLeft="0" gridRight="0" gridTop="0" gridBottom="0"/>
        <Image4 type="1" typeName="Image" time="90407235" x="185" y="0" width="93" height="49" visible="true" fillParentWidth="false" fillParentHeight="false" nodeAlign="7" file="chat/chat-vip-expression-icon.png" packFile="" gridLeft="0" gridRight="0" gridTop="0" gridBottom="0"/>
        <Image5 type="1" typeName="Image" time="90407249" x="336" y="0" width="80" height="55" visible="true" fillParentWidth="false" fillParentHeight="false" nodeAlign="7" file="chat/chat-vip-bear-expression-icon.png" packFile="" gridLeft="0" gridRight="0" gridTop="0" gridBottom="0"/>
        <expression type="0" typeName="View" time="90554695" x="0" y="-240" width="200" height="150" visible="true" fillParentWidth="true" fillParentHeight="false" nodeAlign="8"/>
      </page_expression>
    </bg2>
  </operation_area>
  <btn_close type="2" typeName="Button" time="90404719" x="0" y="0" width="96" height="75" visible="true" fillParentWidth="false" fillParentHeight="false" nodeAlign="2" file="chat/close-chat-panel-up.png" file2="" packFile="" gridLeft="0" gridRight="0" gridTop="0" gridBottom="0"/>
  <check_panel type="1" typeName="Image" time="90562667" x="0" y="0" width="1280" height="720" visible="true" fillParentWidth="true" fillParentHeight="true" nodeAlign="8" file="common/transparent.png" packFile="" gridLeft="0" gridRight="0" gridTop="0" gridBottom="0">
    <bg type="1" typeName="Image" time="90557929" x="107" y="11" width="300" height="336" visible="true" fillParentWidth="false" fillParentHeight="false" nodeAlign="6" file="chat/interactive-pane-background.png" packFile="" gridLeft="11" gridRight="11" gridTop="11" gridBottom="11">
      <btn_chat_normal type="2" typeName="Button" time="90558346" x="0" y="2" width="296" height="80" visible="true" fillParentWidth="false" fillParentHeight="false" nodeAlign="1" file="common/transparent.png" file2="chat/setting_panel_back_to_hall_bg.png" packFile="" gridLeft="10" gridRight="10" gridTop="12" gridBottom="4">
        <Image6 type="1" typeName="Image" time="90558706" x="20" y="4" width="27" height="28" visible="true" fillParentWidth="false" fillParentHeight="false" nodeAlign="7" file="chat/chat-normal-up-icon.png" packFile="" gridLeft="0" gridRight="0" gridTop="0" gridBottom="0"/>
        <text_normal_chat type="4" typeName="Text" time="90558749" x="65" y="0" width="230" height="80" visible="true" fillParentWidth="false" fillParentHeight="false" nodeAlign="7" fontName="" fontSize="24" textAlign="7" color="0xFFFFFF" string="normal chat"/>
      </btn_chat_normal>
      <split1 type="1" typeName="Image" time="90558944" x="0" y="80" width="300" height="2" visible="true" fillParentWidth="false" fillParentHeight="false" nodeAlign="8" file="room/setting_panel_split.png" packFile="" gridLeft="0" gridRight="0" gridTop="0" gridBottom="0"/>
      <split2 type="1" typeName="Image" time="90558980" x="0" y="160" width="300" height="2" visible="true" fillParentWidth="false" fillParentHeight="false" nodeAlign="8" file="room/setting_panel_split.png" packFile="" gridLeft="0" gridRight="0" gridTop="0" gridBottom="0"/>
      <split3 type="1" typeName="Image" time="90558999" x="0" y="240" width="300" height="2" visible="true" fillParentWidth="false" fillParentHeight="false" nodeAlign="8" file="room/setting_panel_split.png" packFile="" gridLeft="0" gridRight="0" gridTop="0" gridBottom="0"/>
      <btn_small_horn type="2" typeName="Button" time="90559066" x="0" y="80" width="296" height="80" visible="true" fillParentWidth="false" fillParentHeight="false" nodeAlign="1" file="common/transparent.png" file2="chat/setting_panel_back_to_hall_bg.png" packFile="" gridLeft="10" gridRight="10" gridTop="12" gridBottom="4">
        <Image7 type="1" typeName="Image" time="90559298" x="20" y="0" width="27" height="24" visible="true" fillParentWidth="false" fillParentHeight="false" nodeAlign="7" file="chat/chat-xiaolaba-up-icon.png" packFile="" gridLeft="0" gridRight="0" gridTop="0" gridBottom="0"/>
        <text_small_horn type="4" typeName="Text" time="90559349" x="65" y="0" width="230" height="80" visible="true" fillParentWidth="false" fillParentHeight="false" nodeAlign="7" fontName="" fontSize="24" textAlign="7" color="0xFFFFFF" string="小laba"/>
        <num_bg type="1" typeName="Image" time="90559549" x="30" y="0" width="45" height="32" visible="true" fillParentWidth="false" fillParentHeight="false" nodeAlign="3" file="chat/chat-laba-disabled-bg.png" packFile="" gridLeft="16" gridRight="17" gridTop="16" gridBottom="16">
          <text_num type="4" typeName="Text" time="90559714" x="0" y="0" width="100" height="50" visible="true" fillParentWidth="false" fillParentHeight="false" nodeAlign="0" fontName="" fontSize="24" textAlign="0" color="0xFFFFFF" string="0"/>
        </num_bg>
      </btn_small_horn>
      <btn_big_horn type="2" typeName="Button" time="90559104" x="0" y="160" width="296" height="80" visible="true" fillParentWidth="false" fillParentHeight="false" nodeAlign="1" file="common/transparent.png" file2="chat/setting_panel_back_to_hall_bg.png" packFile="" gridLeft="10" gridRight="10" gridTop="12" gridBottom="4">
        <Image71 type="1" typeName="Image" time="90559393" x="20" y="0" width="24" height="23" visible="true" fillParentWidth="false" fillParentHeight="false" nodeAlign="7" file="chat/chat-dalaba-up-icon.png" packFile="" gridLeft="0" gridRight="0" gridTop="0" gridBottom="0"/>
        <text_big_horn type="4" typeName="Text" time="90559398" x="65" y="0" width="230" height="80" visible="true" fillParentWidth="false" fillParentHeight="false" nodeAlign="7" fontName="" fontSize="24" textAlign="7" color="0xFFFFFF" string="大laba"/>
        <num_bg type="1" typeName="Image" time="90559682" x="30" y="0" width="45" height="32" visible="true" fillParentWidth="false" fillParentHeight="false" nodeAlign="3" file="chat/chat-laba-disabled-bg.png" packFile="" gridLeft="16" gridRight="17" gridTop="16" gridBottom="16">
          <text_num type="4" typeName="Text" time="90559755" x="0" y="0" width="100" height="50" visible="true" fillParentWidth="false" fillParentHeight="false" nodeAlign="0" fontName="" fontSize="24" textAlign="0" color="0xFFFFFF" string="0"/>
        </num_bg>
      </btn_big_horn>
      <btn_buy_horn type="2" typeName="Button" time="90559120" x="0" y="20" width="228" height="60" visible="true" fillParentWidth="false" fillParentHeight="false" nodeAlign="5" file="common/dialog/common_green_btn_up.png" file2="common/dialog/common_green_btn_down.png" packFile="" gridLeft="10" gridRight="10" gridTop="10" gridBottom="10">
        <text_buy_horn type="4" typeName="Text" time="90559791" x="0" y="0" width="200" height="50" visible="true" fillParentWidth="false" fillParentHeight="false" nodeAlign="0" fontName="" fontSize="24" textAlign="0" color="0xFFFFFF" string="买喇叭"/>
      </btn_buy_horn>
    </bg>
  </check_panel>
</root>
