<?xml version="1.0" encoding="utf-8"?>
<root type="0" typeName="View" time="0" x="0" y="0" width="0" height="0" visible="true" fillParentWidth="false" fillParentHeight="false" nodeAlign="8" name="">
  <bg type="1" typeName="Image" time="89029237" x="0" y="0" width="108" height="164" visible="true" fillParentWidth="false" fillParentHeight="false" nodeAlign="8" file="room/room_seat_background.png" packFile="" gridLeft="8" gridRight="8" gridTop="12" gridBottom="12" name="">
    <view_seat_timer type="0" typeName="View" time="89282512" x="-10" y="-10" width="128" height="184" visible="true" fillParentWidth="false" fillParentHeight="false" nodeAlign="8" name="" />
    <img_photo_overlay type="1" typeName="Image" time="89030141" x="4" y="32" width="100" height="100" visible="false" fillParentWidth="false" fillParentHeight="false" nodeAlign="8" file="room/room_userseat_photo_overlay.png" packFile="" gridLeft="0" gridRight="0" gridTop="0" gridBottom="0" name="" />
    <view_sitdown_container type="0" typeName="View" time="89030602" x="4" y="32" width="100" height="100" visible="true" fillParentWidth="false" fillParentHeight="false" nodeAlign="8" name="">
      <img_photo_loader type="1" typeName="Image" time="89030849" x="0" y="0" width="100" height="100" visible="true" fillParentWidth="false" fillParentHeight="false" nodeAlign="8" file="room/room-default-male-photo.png" packFile="" gridLeft="0" gridRight="0" gridTop="0" gridBottom="0" name="" />
      <btn_sitdown type="1" typeName="Image" time="91175674" x="0" y="0" width="100" height="100" visible="true" fillParentWidth="false" fillParentHeight="false" nodeAlign="8" file="room/room-sitdown-icon.png" packFile="" gridLeft="0" gridRight="0" gridTop="0" gridBottom="0" name="" />
    </view_sitdown_container>
    <img_sitdown_container_mask type="1" typeName="Image" time="89030769" x="4" y="32" width="100" height="100" visible="false" fillParentWidth="false" fillParentHeight="false" nodeAlign="8" file="room/room_userseat_photo_overlay.png" packFile="" gridLeft="0" gridRight="0" gridTop="0" gridBottom="0" name="" />
    <view_status_container type="0" typeName="View" time="89031955" x="0" y="0" width="108" height="164" visible="true" fillParentWidth="false" fillParentHeight="false" nodeAlign="8" name="">
      <txt_status_label type="4" typeName="Text" time="89032154" x="0" y="10" width="108" height="20" visible="true" fillParentWidth="false" fillParentHeight="false" nodeAlign="8" fontName="" fontSize="20" textAlign="0" color="0x00CCFF" string="status" name="" />
      <txt_name_label type="4" typeName="Text" time="89038409" x="0" y="10" width="108" height="20" visible="true" fillParentWidth="false" fillParentHeight="false" nodeAlign="8" fontName="" fontSize="20" textAlign="0" color="0xC5C5C5" string="name" name="" />
      <txt_chip_label type="4" typeName="Text" time="89032323" x="0" y="136" width="108" height="22" visible="true" fillParentWidth="false" fillParentHeight="false" nodeAlign="8" fontName="" fontSize="22" textAlign="0" color="0xC5C5C5" string="$0" name="" />
      <img_vip_icon type="1" typeName="Image" time="89032949" x="4" y="32" width="32" height="19" visible="true" fillParentWidth="false" fillParentHeight="false" nodeAlign="8" file="store/vip_icon_1.png" packFile="" gridLeft="0" gridRight="0" gridTop="0" gridBottom="0" name="" />
    </view_status_container>
    <view_animation_container type="0" typeName="View" time="89033654" x="-8" y="-10" width="131" height="188" visible="true" fillParentWidth="false" fillParentHeight="false" nodeAlign="8" name="" />
    <view_card_container type="0" typeName="View" time="89301598" x="-12" y="-12" width="131" height="188" visible="true" fillParentWidth="false" fillParentHeight="false" nodeAlign="8" name="" />
    <view_gift_container type="0" typeName="View" time="89033732" x="-39" y="46" width="65" height="65" visible="true" fillParentWidth="false" fillParentHeight="false" nodeAlign="8" name="">
      <btn_gift type="2" typeName="Button" time="89034464" x="10" y="10" width="45" height="45" visible="true" fillParentWidth="false" fillParentHeight="false" nodeAlign="8" file="room/room-gift-btn-default.png" file2="" packFile="" gridLeft="0" gridRight="0" gridTop="0" gridBottom="0" name="" />
    </view_gift_container>
    <btn_invite_friend type="1" typeName="Image" time="91175871" x="16" y="50" width="74" height="64" visible="true" fillParentWidth="false" fillParentHeight="false" nodeAlign="8" file="room/room-invite-friend-icon.png" packFile="" gridLeft="0" gridRight="0" gridTop="0" gridBottom="0" name="" />
    <view_exp_container type="0" typeName="View" time="91117719" x="-105" y="-3" width="230" height="181" visible="true" fillParentWidth="false" fillParentHeight="false" nodeAlign="8" name="" />
  </bg>
</root>