<?xml version="1.0" encoding="utf-8"?>
<root type="0" typeName="View" time="0" x="0" y="0" width="1280" height="720" visible="true" fillParentWidth="true" fillParentHeight="true" nodeAlign="8">
  <bg type="1" typeName="Image" time="88166534" x="0" y="0" width="718" height="462" visible="true" fillParentWidth="false" fillParentHeight="false" nodeAlign="0" file="common/dialog/common_pop_up_background_back.png" packFile="" gridLeft="11" gridRight="11" gridTop="11" gridBottom="11">
    <btn_close type="2" typeName="Button" time="88166648" x="686" y="-25" width="58" height="61" visible="true" fillParentWidth="false" fillParentHeight="false" nodeAlign="8" file="common/dialog/common_close_btn_up.png" file2="" packFile="" gridLeft="0" gridRight="0" gridTop="0" gridBottom="0"/>
    <btn_confirm type="2" typeName="Button" time="88166558" x="0" y="20" width="267" height="70" visible="true" fillParentWidth="false" fillParentHeight="false" nodeAlign="5" file="common/dialog/common_green_btn_up.png" file2="" packFile="" gridLeft="9" gridRight="9" gridTop="10" gridBottom="10">
      <buyin type="4" typeName="Text" time="88170642" x="0" y="0" width="200" height="32" visible="true" fillParentWidth="false" fillParentHeight="false" nodeAlign="0" fontName="" fontSize="32" textAlign="0" color="0xFFFFFF" string="买入坐下"/>
    </btn_confirm>
    <mask type="1" typeName="Image" time="88166794" x="4" y="61" width="710" height="294" visible="true" fillParentWidth="false" fillParentHeight="false" nodeAlign="8" file="common/dialog/common_pop_up_background_up_dark.png" packFile="" gridLeft="0" gridRight="0" gridTop="2" gridBottom="0"/>
    <label_cur_prop type="4" typeName="Text" time="88169762" x="169" y="18" width="200" height="33" visible="true" fillParentWidth="false" fillParentHeight="false" nodeAlign="8" fontName="" fontSize="32" textAlign="3" color="0xFFFFFF" string="当前资产:"/>
    <cur_prop type="4" typeName="Text" time="88169831" x="369" y="18" width="200" height="33" visible="true" fillParentWidth="false" fillParentHeight="false" nodeAlign="8" fontName="" fontSize="32" textAlign="7" color="0xFFFFFF" string="$123"/>
    <label_min_buy type="4" typeName="Text" time="88169983" x="39" y="136" width="200" height="33" visible="true" fillParentWidth="false" fillParentHeight="false" nodeAlign="8" fontName="" fontSize="32" textAlign="7" color="0xFFFFFF" string="最低买入"/>
    <label_max_buy type="4" typeName="Text" time="88170097" x="478" y="136" width="200" height="33" visible="true" fillParentWidth="false" fillParentHeight="false" nodeAlign="8" fontName="" fontSize="32" textAlign="3" color="0xFFFFFF" string="最高买入"/>
    <min_buy type="4" typeName="Text" time="88170143" x="42" y="94" width="200" height="33" visible="true" fillParentWidth="false" fillParentHeight="false" nodeAlign="8" fontName="" fontSize="32" textAlign="7" color="0xFFFFFF" string="$200"/>
    <max_buy type="4" typeName="Text" time="88170148" x="475" y="94" width="200" height="33" visible="true" fillParentWidth="false" fillParentHeight="false" nodeAlign="8" fontName="" fontSize="32" textAlign="3" color="0xFFFFFF" string="$4000"/>
    <btn_min type="2" typeName="Button" time="88170428" x="34" y="184" width="85" height="80" visible="true" fillParentWidth="false" fillParentHeight="false" nodeAlign="8" file="common/dialog/common_blue_btn_up.png" file2="" packFile="" gridLeft="9" gridRight="9" gridTop="10" gridBottom="10">
      <text_min type="4" typeName="Text" time="88170464" x="0" y="0" width="100" height="24" visible="true" fillParentWidth="false" fillParentHeight="false" nodeAlign="0" fontName="" fontSize="24" textAlign="0" color="0xFFFFFF" string="最小"/>
    </btn_min>
    <btn_max type="2" typeName="Button" time="88170560" x="600" y="184" width="85" height="80" visible="true" fillParentWidth="false" fillParentHeight="false" nodeAlign="8" file="common/dialog/common_blue_btn_up.png" file2="" packFile="" gridLeft="9" gridRight="9" gridTop="10" gridBottom="10">
      <text_max type="4" typeName="Text" time="88170561" x="0" y="0" width="100" height="24" visible="true" fillParentWidth="false" fillParentHeight="false" nodeAlign="0" fontName="" fontSize="24" textAlign="0" color="0xFFFFFF" string="最大"/>
    </btn_max>
    <slider type="0" typeName="View" time="88172920" x="0" y="-12" width="418" height="18" visible="true" fillParentWidth="false" fillParentHeight="false" nodeAlign="0">
      <bg_slider type="0" typeName="View" time="88173704" x="1" y="0" width="418" height="18" visible="true" fillParentWidth="true" fillParentHeight="true" nodeAlign="8">
        <Image1 type="1" typeName="Image" time="88173141" x="0" y="0" width="12" height="18" visible="true" fillParentWidth="false" fillParentHeight="false" nodeAlign="8" file="common/slider_track_left.png" packFile="" gridLeft="0" gridRight="0" gridTop="0" gridBottom="0"/>
        <Image2 type="1" typeName="Image" time="88173154" x="0" y="0" width="10" height="18" visible="true" fillParentWidth="false" fillParentHeight="false" nodeAlign="2" file="common/slider_track_right.png" packFile="" gridLeft="0" gridRight="0" gridTop="0" gridBottom="0"/>
      </bg_slider>
      <thumb type="1" typeName="Image" time="88173823" x="0" y="0" width="176" height="78" visible="true" fillParentWidth="false" fillParentHeight="false" nodeAlign="7" file="common/common_slider_thumb_horizontal.png" packFile="" gridLeft="0" gridRight="0" gridTop="0" gridBottom="0">
        <View1 type="0" typeName="View" time="88174144" x="-2" y="-103" width="176" height="102" visible="true" fillParentWidth="false" fillParentHeight="false" nodeAlign="8">
          <Image3 type="1" typeName="Image" time="88174152" x="0" y="0" width="176" height="86" visible="true" fillParentWidth="false" fillParentHeight="false" nodeAlign="8" file="common/common_chip_text_top.png" packFile="" gridLeft="11" gridRight="10" gridTop="10" gridBottom="13"/>
          <Image4 type="1" typeName="Image" time="88174188" x="0" y="0" width="30" height="22" visible="true" fillParentWidth="false" fillParentHeight="false" nodeAlign="5" file="common/common_chip_text_bottom.png" packFile="" gridLeft="0" gridRight="0" gridTop="0" gridBottom="0"/>
          <cur_buy type="4" typeName="Text" time="88174486" x="0" y="-11" width="200" height="33" visible="true" fillParentWidth="false" fillParentHeight="false" nodeAlign="0" fontName="" fontSize="32" textAlign="0" color="0xFFFFFF" string="$1800"/>
        </View1>
      </thumb>
    </slider>
    <check_view type="0" typeName="View" time="88225148" x="209" y="284" width="307" height="40" visible="true" fillParentWidth="false" fillParentHeight="false" nodeAlign="8">
      <Image5 type="1" typeName="Image" time="88225635" x="0" y="0" width="40" height="40" visible="true" fillParentWidth="false" fillParentHeight="false" nodeAlign="7" file="common/dialog/common_check_unselected.png" packFile="" gridLeft="0" gridRight="0" gridTop="0" gridBottom="0"/>
      <check_autobuyin type="0" typeName="CheckBoxGroup" time="88225083" x="0" y="0" width="50" height="40" visible="true" fillParentWidth="false" fillParentHeight="false" nodeAlign="8">
        <check type="0" typeName="CheckBox" time="88225093" x="1" y="0" width="38" height="39" visible="true" fillParentWidth="false" fillParentHeight="false" nodeAlign="7" file="common/transparent.png" file2="common/dialog/common_check_selected_icon.png" packFile="" gridLeft="0" gridRight="0" gridTop="0" gridBottom="0"/>
      </check_autobuyin>
      <autobuyin type="4" typeName="Text" time="88225199" x="40" y="0" width="288" height="36" visible="true" fillParentWidth="false" fillParentHeight="false" nodeAlign="0" fontName="" fontSize="30" textAlign="7" color="0xFFFFFF" string="筹码不足时自动买入"/>
    </check_view>
  </bg>
</root>
