<?xml version="1.0" encoding="utf-8"?>
<root type="0" typeName="View" time="0" x="0" y="0" width="1280" height="720" visible="true" fillParentWidth="true" fillParentHeight="true" nodeAlign="8">
  <bg type="1" typeName="Image" time="90656128" x="0" y="0" width="900" height="580" visible="true" fillParentWidth="false" fillParentHeight="false" nodeAlign="0" file="common/dialog/common_pop_up_background_back.png" packFile="" gridLeft="11" gridRight="11" gridTop="11" gridBottom="11">
    <btn_close type="2" typeName="Button" time="90656302" x="868" y="-25" width="58" height="61" visible="true" fillParentWidth="false" fillParentHeight="false" nodeAlign="8" file="common/dialog/common_close_btn_up.png" file2="" packFile="" gridLeft="0" gridRight="0" gridTop="0" gridBottom="0"/>
    <title type="4" typeName="Text" time="90656341" x="0" y="17" width="200" height="32" visible="true" fillParentWidth="false" fillParentHeight="false" nodeAlign="1" fontName="" fontSize="24" textAlign="0" color="0xF5F5F5" string="牌局回顧"/>
    <btn_detail type="2" typeName="Button" time="90656470" x="2" y="2" width="148" height="64" visible="true" fillParentWidth="false" fillParentHeight="false" nodeAlign="8" file="common/dialog/new-message-delete-button-background-up.png" file2="common/dialog/new-message-delete-button-background-down.png" packFile="" gridLeft="8" gridRight="5" gridTop="12" gridBottom="5">
      <text type="4" typeName="Text" time="90657102" x="0" y="0" width="200" height="40" visible="true" fillParentWidth="false" fillParentHeight="false" nodeAlign="0" fontName="" fontSize="24" textAlign="0" color="0xFFFFFF" string="游戲詳情"/>
    </btn_detail>
    <mask type="1" typeName="Image" time="90657209" x="3" y="65" width="894" height="485" visible="true" fillParentWidth="false" fillParentHeight="false" nodeAlign="8" file="common/dialog/common_pop_up_background_up_dark.png" packFile="" gridLeft="0" gridRight="0" gridTop="2" gridBottom="0"/>
    <btn_prev type="2" typeName="Button" time="90657888" x="2" y="0" width="45" height="186" visible="true" fillParentWidth="false" fillParentHeight="false" nodeAlign="7" file="room/game_review_next_btn_up.png" file2="room/game_review_next_btn_down.png" packFile="" gridLeft="4" gridRight="10" gridTop="4" gridBottom="10">
      <Image1 type="1" typeName="Image" time="90658157" x="0" y="0" width="11" height="20" visible="true" fillParentWidth="false" fillParentHeight="false" nodeAlign="0" file="room/game_review_next_btn_icon.png" packFile="" gridLeft="0" gridRight="0" gridTop="0" gridBottom="0"/>
    </btn_prev>
    <btn_next type="2" typeName="Button" time="90658186" x="2" y="0" width="45" height="186" visible="true" fillParentWidth="false" fillParentHeight="false" nodeAlign="3" file="room/game_review_next_btn_up.png" file2="room/game_review_next_btn_down.png" packFile="" gridLeft="4" gridRight="10" gridTop="4" gridBottom="10">
      <Image1 type="1" typeName="Image" time="90658187" x="0" y="0" width="11" height="20" visible="true" fillParentWidth="false" fillParentHeight="false" nodeAlign="0" file="room/game_review_next_btn_icon.png" packFile="" gridLeft="0" gridRight="0" gridTop="0" gridBottom="0"/>
    </btn_next>
  </bg>
</root>
