<?xml version="1.0" encoding="utf-8"?>
<root type="0" typeName="View" time="0" x="0" y="0" width="0" height="0" visible="true" nodeAlign="8" fillParentWidth="false" fillParentHeight="false" name="">
  <quaterTL type="0" typeName="Image" time="89827731" x="0" y="0" width="21" height="20" nodeAlign="8" visible="true" fillParentWidth="false" fillParentHeight="false" file="room/cornerMask.png" name="" />
  <horiTL type="0" typeName="Image" time="89827761" x="20" y="0" width="44" height="10" nodeAlign="8" visible="true" fillParentWidth="false" fillParentHeight="false" file="room/horizontalMask.png" name="" />
  <horiTR type="0" typeName="Image" time="89827797" x="64" y="0" width="44" height="10" nodeAlign="8" visible="true" fillParentWidth="false" fillParentHeight="false" file="room/horizontalMask.png" name="" />
  <quaterTR type="0" typeName="Image" time="89827853" x="108" y="0" width="20" height="21" nodeAlign="8" visible="true" fillParentWidth="false" fillParentHeight="false" file="room/cornerMask2.png" name="" />
  <vertiL type="0" typeName="Image" time="89827877" x="0" y="20" width="11" height="144" nodeAlign="8" visible="true" fillParentWidth="false" fillParentHeight="false" file="room/verticalMask.png" name="" />
  <vertiR type="0" typeName="Image" time="89827948" x="117" y="20" width="11" height="144" nodeAlign="8" visible="true" fillParentWidth="false" fillParentHeight="false" file="room/verticalMask.png" name="" />
  <horiB type="0" typeName="Image" time="89827993" x="20" y="174" width="88" height="10" nodeAlign="8" visible="true" fillParentWidth="false" fillParentHeight="false" file="room/horizontalMask.png" name="" />
  <quaterBL type="0" typeName="Image" time="89828047" x="0" y="164" width="20" height="20" nodeAlign="8" visible="true" fillParentWidth="false" fillParentHeight="false" file="room/cornerMask4.png" name="" />
  <quaterBR type="0" typeName="Image" time="89828092" x="108" y="164" width="20" height="20" nodeAlign="8" visible="true" fillParentWidth="false" fillParentHeight="false" file="room/cornerMask3.png" name="" />
</root>