<?xml version="1.0" encoding="utf-8"?>
<root type="0" typeName="View" time="0" x="0" y="0" width="1280" height="720" visible="true" fillParentWidth="true" fillParentHeight="true" nodeAlign="8">
  <bg type="1" typeName="Image" time="87549718" x="0" y="0" width="867" height="570" visible="true" fillParentWidth="false" fillParentHeight="false" nodeAlign="0" file="common/dialog/common_pop_up_background_back.png" packFile="" gridLeft="11" gridRight="11" gridTop="11" gridBottom="11">
    <btn_close type="2" typeName="Button" time="87549741" x="830" y="-25" width="58" height="61" visible="true" fillParentWidth="false" fillParentHeight="false" nodeAlign="8" file="common/dialog/common_close_btn_up.png" file2="" packFile="" gridLeft="0" gridRight="0" gridTop="0" gridBottom="0"/>
    <mask type="1" typeName="Image" time="87635683" x="3" y="61" width="860" height="492" visible="true" fillParentWidth="false" fillParentHeight="false" nodeAlign="8" file="common/dialog/common_pop_up_background_up_dark.png" packFile="" gridLeft="0" gridRight="0" gridTop="2" gridBottom="0">
      <Image1 type="1" typeName="Image" time="87644166" x="0" y="0" width="230" height="47" visible="true" fillParentWidth="false" fillParentHeight="false" nodeAlign="8" file="common/dialog/common_pop_up_background_up.png" packFile="" gridLeft="9" gridRight="9" gridTop="9" gridBottom="9">
        <Image2 type="1" typeName="Image" time="87644346" x="0" y="0" width="108" height="32" visible="true" fillParentWidth="false" fillParentHeight="false" nodeAlign="0" file="store/store_pop_up_user_chips_background.png" packFile="" gridLeft="15" gridRight="15" gridTop="14" gridBottom="15">
          <Image3 type="1" typeName="Image" time="87644461" x="8" y="0" width="23" height="23" visible="true" fillParentWidth="false" fillParentHeight="false" nodeAlign="7" file="store/small_chip_icon.png" packFile="" gridLeft="0" gridRight="0" gridTop="0" gridBottom="0"/>
          <user_chip type="4" typeName="Text" time="87644509" x="32" y="4" width="200" height="24" visible="true" fillParentWidth="false" fillParentHeight="false" nodeAlign="8" fontName="" fontSize="20" textAlign="7" color="0xFFFFFF" string="15,232"/>
        </Image2>
      </Image1>
      <Image11 type="1" typeName="Image" time="87644755" x="0" y="285" width="230" height="47" visible="true" fillParentWidth="false" fillParentHeight="false" nodeAlign="8" file="common/dialog/common_pop_up_background_up.png" packFile="" gridLeft="9" gridRight="9" gridTop="9" gridBottom="9">
        <Text1 type="4" typeName="Text" time="87644790" x="0" y="0" width="0" height="24" visible="true" fillParentWidth="false" fillParentHeight="false" nodeAlign="0" fontName="" fontSize="24" textAlign="7" color="0xFFFFFF" string="帐户管理"/>
      </Image11>
      <tab01 type="1" typeName="Image" time="87703148" x="0" y="47" width="230" height="64" visible="false" fillParentWidth="false" fillParentHeight="false" nodeAlign="8" file="store/page_pop_up_tab_bg.png" packFile="" gridLeft="0" gridRight="0" gridTop="0" gridBottom="0">
        <tab01_text type="4" typeName="Text" time="87704230" x="0" y="0" width="230" height="64" visible="true" fillParentWidth="false" fillParentHeight="false" nodeAlign="0" fontName="" fontSize="24" textAlign="0" color="0xFFFFFF" string="筹码"/>
      </tab01>
      <tab02 type="1" typeName="Image" time="87703960" x="0" y="111" width="230" height="64" visible="false" fillParentWidth="false" fillParentHeight="false" nodeAlign="8" file="store/page_pop_up_tab_bg.png" packFile="" gridLeft="0" gridRight="0" gridTop="0" gridBottom="0">
        <tab02_text type="4" typeName="Text" time="87704283" x="0" y="0" width="230" height="64" visible="true" fillParentWidth="false" fillParentHeight="false" nodeAlign="0" fontName="" fontSize="24" textAlign="0" color="0xFFFFFF" string="金币"/>
      </tab02>
      <tab03 type="1" typeName="Image" time="87703962" x="0" y="175" width="230" height="64" visible="false" fillParentWidth="false" fillParentHeight="false" nodeAlign="8" file="store/page_pop_up_tab_bg.png" packFile="" gridLeft="0" gridRight="0" gridTop="0" gridBottom="0">
        <tab03_text type="4" typeName="Text" time="87704284" x="0" y="0" width="230" height="64" visible="true" fillParentWidth="false" fillParentHeight="false" nodeAlign="0" fontName="" fontSize="24" textAlign="0" color="0xFFFFFF" string="道具"/>
      </tab03>
      <tab04 type="1" typeName="Image" time="87703969" x="0" y="239" width="230" height="64" visible="false" fillParentWidth="false" fillParentHeight="false" nodeAlign="8" file="store/page_pop_up_tab_bg.png" packFile="" gridLeft="0" gridRight="0" gridTop="0" gridBottom="0">
        <tab04_text type="4" typeName="Text" time="87704286" x="0" y="0" width="230" height="64" visible="true" fillParentWidth="false" fillParentHeight="false" nodeAlign="0" fontName="" fontSize="24" textAlign="0" color="0xFFFFFF" string="贵宾卡"/>
      </tab04>
      <tab05 type="1" typeName="Image" time="87703971" x="0" y="349" width="230" height="64" visible="false" fillParentWidth="false" fillParentHeight="false" nodeAlign="8" file="store/page_pop_up_tab_bg.png" packFile="" gridLeft="0" gridRight="0" gridTop="0" gridBottom="0">
        <tab05_text type="4" typeName="Text" time="87704288" x="0" y="0" width="230" height="64" visible="true" fillParentWidth="false" fillParentHeight="false" nodeAlign="0" fontName="" fontSize="24" textAlign="0" color="0xFFFFFF" string="我的道具"/>
      </tab05>
      <tab06 type="1" typeName="Image" time="87703972" x="0" y="413" width="230" height="64" visible="false" fillParentWidth="false" fillParentHeight="false" nodeAlign="8" file="store/page_pop_up_tab_bg.png" packFile="" gridLeft="0" gridRight="0" gridTop="0" gridBottom="0">
        <tab06_text type="4" typeName="Text" time="87704290" x="0" y="0" width="230" height="64" visible="true" fillParentWidth="false" fillParentHeight="false" nodeAlign="0" fontName="" fontSize="24" textAlign="0" color="0xFFFFFF" string="购买记录"/>
      </tab06>
    </mask>
    <title type="4" typeName="Text" time="87638039" x="0" y="2" width="867" height="59" visible="true" fillParentWidth="false" fillParentHeight="false" nodeAlign="8" fontName="" fontSize="24" textAlign="0" color="0xFFFFFF" string="商城"/>
  </bg>
</root>
