<?xml version="1.0" encoding="utf-8"?>
<root type="0" typeName="View" time="0" x="0" y="0" width="0" height="0" visible="true" fillParentWidth="true" fillParentHeight="true" nodeAlign="8">
  <container type="0" typeName="View" time="92493469" x="200" y="268" width="106" height="106" visible="true" fillParentWidth="false" fillParentHeight="false" nodeAlign="8">
    <photo_container type="0" typeName="View" time="92494019" x="3" y="3" width="100" height="100" visible="true" fillParentWidth="false" fillParentHeight="false" nodeAlign="8"/>
    <img_male_frame type="1" typeName="Image" time="92493487" x="0" y="0" width="106" height="106" visible="true" fillParentWidth="false" fillParentHeight="false" nodeAlign="8" file="head-image-frame/head_scale9image_frame_male.png" packFile="" gridLeft="10" gridRight="10" gridTop="8" gridBottom="8"/>
    <img_female_frame type="1" typeName="Image" time="92493507" x="0" y="0" width="106" height="106" visible="true" fillParentWidth="false" fillParentHeight="false" nodeAlign="8" file="head-image-frame/head_scale9image_frame_female.png" packFile="" gridLeft="10" gridRight="10" gridTop="8" gridBottom="8"/>
    <img_male_icon type="1" typeName="Image" time="92493752" x="1" y="72" width="35" height="35" visible="true" fillParentWidth="false" fillParentHeight="false" nodeAlign="8" file="userinfo/user_info_gender_label_male.png" packFile="" gridLeft="0" gridRight="0" gridTop="0" gridBottom="0"/>
    <img_female_icon type="1" typeName="Image" time="92493824" x="7" y="72" width="24" height="37" visible="true" fillParentWidth="false" fillParentHeight="false" nodeAlign="8" file="userinfo/user_info_gender_label_female.png" packFile="" gridLeft="0" gridRight="0" gridTop="0" gridBottom="0"/>
    <img_edit_icon type="1" typeName="Image" time="92493884" x="0" y="73" width="35" height="35" visible="true" fillParentWidth="false" fillParentHeight="false" nodeAlign="8" file="head-image-frame/head_frame_edit_icon_up.png" packFile="" gridLeft="0" gridRight="0" gridTop="0" gridBottom="0"/>
  </container>
</root>
