<?xml version="1.0" encoding="utf-8"?>
<root type="0" typeName="View" time="0" x="0" y="0" width="1280" height="720" visible="true" fillParentWidth="true" fillParentHeight="true" nodeAlign="8">
  <bg type="1" typeName="Image" time="88570713" x="0" y="0" width="540" height="360" visible="true" fillParentWidth="false" fillParentHeight="false" nodeAlign="0" file="common/dialog/common_pop_up_background_back.png" packFile="" gridLeft="11" gridRight="11" gridTop="11" gridBottom="11">
    <btn_close type="2" typeName="Button" time="88570780" x="509" y="-26" width="58" height="61" visible="true" fillParentWidth="false" fillParentHeight="false" nodeAlign="8" file="common/dialog/common_close_btn_up.png" file2="" packFile="" gridLeft="0" gridRight="0" gridTop="0" gridBottom="0"/>
    <title type="4" typeName="Text" time="88571528" x="0" y="11" width="500" height="36" visible="true" fillParentWidth="false" fillParentHeight="false" nodeAlign="1" fontName="" fontSize="36" textAlign="0" color="0xFFFFFF" string="title"/>
    <mask type="1" typeName="Image" time="88571591" x="3" y="55" width="534" height="290" visible="true" fillParentWidth="false" fillParentHeight="false" nodeAlign="8" file="common/dialog/common_pop_up_background_up_dark.png" packFile="" gridLeft="0" gridRight="0" gridTop="2" gridBottom="0"/>
    <message type="5" typeName="TextView" time="88572508" x="0" y="-23" width="450" height="150" visible="true" fillParentWidth="false" fillParentHeight="false" nodeAlign="0" fontName="" fontSize="28" textAlign="0" color="0xFFFFFF" string="abc\ndef"/>
    <btn_cancel type="2" typeName="Button" time="88572909" x="40" y="258" width="212" height="70" visible="true" fillParentWidth="false" fillParentHeight="false" nodeAlign="8" file="common/dialog/common_blue_btn_up.png" file2="" packFile="" gridLeft="9" gridRight="9" gridTop="10" gridBottom="10">
      <text_cancel type="4" typeName="Text" time="88573111" x="0" y="0" width="200" height="40" visible="true" fillParentWidth="false" fillParentHeight="false" nodeAlign="0" fontName="" fontSize="24" textAlign="0" color="0xFFFFFF" string="cancelBtn"/>
    </btn_cancel>
    <btn_confirm type="2" typeName="Button" time="88573153" x="285" y="258" width="212" height="70" visible="true" fillParentWidth="false" fillParentHeight="false" nodeAlign="8" file="common/dialog/common_green_btn_up.png" file2="" packFile="" gridLeft="9" gridRight="9" gridTop="10" gridBottom="10">
      <text_confirm type="4" typeName="Text" time="88573154" x="0" y="0" width="200" height="40" visible="true" fillParentWidth="false" fillParentHeight="false" nodeAlign="0" fontName="" fontSize="24" textAlign="0" color="0xFFFFFF" string="confirmBtn"/>
    </btn_confirm>
  </bg>
</root>
