﻿<?xml version="1.0" encoding="utf-8"?>
<AnimationDefine>
  <Resources>
    <Image Id="1" Name="girl" X="0" Y="0" Width="321" Height="508" XYScale="false" Visible="true" Time="0" Path="animation/hall/a1.png" PackFile="">
      <Children>
        <Images Id="3" Name="leftEye" X="130" Y="109" Width="50" Height="50" XYScale="true" Visible="true" Time="0">
          <Files>
            <File Name="eyeTrans" Path="animation/hall/eyeTrans.png" PackFile="" />
            <File Name="eyeTrans" Path="animation/hall/eyeTrans.png" PackFile="" />
            <File Name="eyeTrans" Path="animation/hall/eyeTrans.png" PackFile="" />
            <File Name="eyeTrans" Path="animation/hall/eyeTrans.png" PackFile="" />
            <File Name="eyeTrans" Path="animation/hall/eyeTrans.png" PackFile="" />
            <File Name="eyeTrans" Path="animation/hall/eyeTrans.png" PackFile="" />
            <File Name="eyeTrans" Path="animation/hall/eyeTrans.png" PackFile="" />
            <File Name="eyeTrans" Path="animation/hall/eyeTrans.png" PackFile="" />
            <File Name="eyeTrans" Path="animation/hall/eyeTrans.png" PackFile="" />
            <File Name="eyeTrans" Path="animation/hall/eyeTrans.png" PackFile="" />
            <File Name="eyeTrans" Path="animation/hall/eyeTrans.png" PackFile="" />
            <File Name="eyeTrans" Path="animation/hall/eyeTrans.png" PackFile="" />
            <File Name="eyeTrans" Path="animation/hall/eyeTrans.png" PackFile="" />
            <File Name="leftEyeHalf" Path="animation/hall/a10.png" PackFile="" />
            <File Name="LeftEyeClose" Path="animation/hall/a11.png" PackFile="" />
            <File Name="leftEyeHalf2" Path="animation/hall/a10.png" PackFile="" />
            <File Name="eyeTrans" Path="animation/hall/eyeTrans.png" PackFile="" />
            <File Name="eyeTrans" Path="animation/hall/eyeTrans.png" PackFile="" />
            <File Name="eyeTrans" Path="animation/hall/eyeTrans.png" PackFile="" />
            <File Name="eyeTrans" Path="animation/hall/eyeTrans.png" PackFile="" />
            <File Name="eyeTrans" Path="animation/hall/eyeTrans.png" PackFile="" />
            <File Name="eyeTrans" Path="animation/hall/eyeTrans.png" PackFile="" />
            <File Name="eyeTrans" Path="animation/hall/eyeTrans.png" PackFile="" />
            <File Name="eyeTrans" Path="animation/hall/eyeTrans.png" PackFile="" />
            <File Name="eyeTrans" Path="animation/hall/eyeTrans.png" PackFile="" />
            <File Name="eyeTrans" Path="animation/hall/eyeTrans.png" PackFile="" />
            <File Name="eyeTrans" Path="animation/hall/eyeTrans.png" PackFile="" />
            <File Name="eyeTrans" Path="animation/hall/eyeTrans.png" PackFile="" />
            <File Name="eyeTrans" Path="animation/hall/eyeTrans.png" PackFile="" />
          </Files>
        </Images>
        <Images Id="4" Name="rightEye" X="183" Y="108" Width="50" Height="50" XYScale="true" Visible="true" Time="0">
          <Files>
            <File Name="eyeTrans" Path="animation/hall/eyeTrans.png" PackFile="" />
            <File Name="eyeTrans" Path="animation/hall/eyeTrans.png" PackFile="" />
            <File Name="eyeTrans" Path="animation/hall/eyeTrans.png" PackFile="" />
            <File Name="eyeTrans" Path="animation/hall/eyeTrans.png" PackFile="" />
            <File Name="eyeTrans" Path="animation/hall/eyeTrans.png" PackFile="" />
            <File Name="eyeTrans" Path="animation/hall/eyeTrans.png" PackFile="" />
            <File Name="eyeTrans" Path="animation/hall/eyeTrans.png" PackFile="" />
            <File Name="eyeTrans" Path="animation/hall/eyeTrans.png" PackFile="" />
            <File Name="eyeTrans" Path="animation/hall/eyeTrans.png" PackFile="" />
            <File Name="eyeTrans" Path="animation/hall/eyeTrans.png" PackFile="" />
            <File Name="eyeTrans" Path="animation/hall/eyeTrans.png" PackFile="" />
            <File Name="eyeTrans" Path="animation/hall/eyeTrans.png" PackFile="" />
            <File Name="eyeTrans" Path="animation/hall/eyeTrans.png" PackFile="" />
            <File Name="rightEyeHalf" Path="animation/hall/a12.png" PackFile="" />
            <File Name="rightEyeClose" Path="animation/hall/a9.png" PackFile="" />
            <File Name="rightEyeHalf2" Path="animation/hall/a12.png" PackFile="" />
            <File Name="eyeTrans" Path="animation/hall/eyeTrans.png" PackFile="" />
            <File Name="eyeTrans" Path="animation/hall/eyeTrans.png" PackFile="" />
            <File Name="eyeTrans" Path="animation/hall/eyeTrans.png" PackFile="" />
            <File Name="eyeTrans" Path="animation/hall/eyeTrans.png" PackFile="" />
            <File Name="eyeTrans" Path="animation/hall/eyeTrans.png" PackFile="" />
            <File Name="eyeTrans" Path="animation/hall/eyeTrans.png" PackFile="" />
            <File Name="eyeTrans" Path="animation/hall/eyeTrans.png" PackFile="" />
            <File Name="eyeTrans" Path="animation/hall/eyeTrans.png" PackFile="" />
            <File Name="eyeTrans" Path="animation/hall/eyeTrans.png" PackFile="" />
            <File Name="eyeTrans" Path="animation/hall/eyeTrans.png" PackFile="" />
            <File Name="eyeTrans" Path="animation/hall/eyeTrans.png" PackFile="" />
            <File Name="eyeTrans" Path="animation/hall/eyeTrans.png" PackFile="" />
            <File Name="eyeTrans" Path="animation/hall/eyeTrans.png" PackFile="" />
          </Files>
        </Images>
        <Image Id="5" Name="hairLongLeft" X="64" Y="15" Width="136" Height="226" XYScale="true" Visible="true" Time="0" Path="animation/hall/a6.png" PackFile="">
          <Children />
        </Image>
        <Image Id="6" Name="hairLeftShort" X="122" Y="63" Width="61" Height="140" XYScale="true" Visible="true" Time="0" Path="animation/hall/a13.png" PackFile="">
          <Children />
        </Image>
        <Image Id="9" Name="breast" X="40" Y="249" Width="228" Height="181" XYScale="true" Visible="true" Time="0" Path="animation/hall/a2.png" PackFile="">
          <Children />
        </Image>
        <Image Id="7" Name="hairRightLong" X="167" Y="21" Width="134" Height="425" XYScale="true" Visible="true" Time="0" Path="animation/hall/a8.png" PackFile="">
          <Children />
        </Image>
        <Node Id="32" Name="handCardNode" X="-62" Y="89" Width="148" Height="408" XYScale="true" Visible="true" Time="0">
          <Children>
            <Image Id="18" Name="pokerbackgroundL" X="44" Y="0" Width="58" Height="100" XYScale="true" Visible="true" Time="0" Path="animation/hall/poker-background.png" PackFile="">
              <Children>
                <Image Id="23" Name="poker-black-14" X="1" Y="7" Width="24" Height="30" XYScale="true" Visible="true" Time="0" Path="animation/hall/poker-black-14.png" PackFile="">
                  <Children />
                </Image>
                <Image Id="24" Name="poker-small-spade" X="0" Y="35" Width="24" Height="24" XYScale="true" Visible="true" Time="0" Path="animation/hall/poker-small-spade.png" PackFile="">
                  <Children />
                </Image>
              </Children>
            </Image>
            <Image Id="20" Name="pokerbackgroundR" X="60" Y="8" Width="58" Height="100" XYScale="true" Visible="true" Time="0" Path="animation/hall/poker-background.png" PackFile="">
              <Children>
                <Image Id="25" Name="poker-black-13" X="1" Y="7" Width="24" Height="30" XYScale="true" Visible="true" Time="0" Path="animation/hall/poker-black-13.png" PackFile="">
                  <Children />
                </Image>
                <Image Id="26" Name="poker-small-spade" X="0" Y="35" Width="24" Height="24" XYScale="true" Visible="true" Time="0" Path="animation/hall/poker-small-spade.png" PackFile="">
                  <Children />
                </Image>
                <Image Id="27" Name="poker-big-spade" X="10" Y="40" Width="45" Height="45" XYScale="true" Visible="true" Time="0" Path="animation/hall/poker-big-spade.png" PackFile="">
                  <Children />
                </Image>
              </Children>
            </Image>
            <Image Id="11" Name="handNoCard" X="0" Y="0" Width="0" Height="0" XYScale="true" Visible="true" Time="0" Path="animation/hall/handNoCard.png" PackFile="">
              <Children />
            </Image>
          </Children>
        </Node>
      </Children>
    </Image>
  </Resources>
  <Animations>
    <Frame ResourceId="3" StartTime="0" AnimType="Loop" Duration="4000" StartValue="0" StopValue="0" Period="0.3" EaseType="Nil" Num="29" />
    <Frame ResourceId="4" StartTime="0" AnimType="Loop" Duration="4000" StartValue="0" StopValue="0" Period="0.3" EaseType="Nil" Num="29" />
    <Translate ResourceId="5" StartTime="0" AnimType="Repeat" Duration="4400" StartValue="0" StopValue="0" StartValueX="0" StopValueX="0" StartValueY="0" StopValueY="0" Period="0.3" EaseType="Nil" />
    <Rotate ResourceId="6" StartTime="0" AnimType="Loop" Duration="1000" StartValue="0" StopValue="3" Period="0.3" EaseType="Nil" CenterX="61" CenterY="0" CenterType="CustomCenter" />
    <Scale ResourceId="9" StartTime="0" AnimType="Loop" Duration="1000" StartValue="0" StopValue="0" StartValueX="1" StopValueX="1.03" StartValueY="1" StopValueY="1.03" CenterX="0" CenterY="0" CenterType="NodeCenter" />
    <Scale ResourceId="7" StartTime="0" AnimType="Loop" Duration="1000" StartValue="0" StopValue="0" StartValueX="1" StopValueX="1.03" StartValueY="1" StopValueY="1.03" CenterX="0" CenterY="0" CenterType="NodeCenter" />
    <Translate ResourceId="23" StartTime="0" AnimType="Repeat" Duration="3400" StartValue="0" StopValue="0" StartValueX="0" StopValueX="0" StartValueY="0" StopValueY="0" Period="0.3" EaseType="Nil" />
    <Translate ResourceId="24" StartTime="0" AnimType="Repeat" Duration="3400" StartValue="0" StopValue="0" StartValueX="0" StopValueX="0" StartValueY="0" StopValueY="0" Period="0.3" EaseType="Nil" />
    <Rotate ResourceId="18" StartTime="0" AnimType="Normal" Duration="6000" StartValue="-13" StopValue="-13" Period="0.3" EaseType="Nil" CenterX="44" CenterY="68" CenterType="CustomCenter" />
    <Translate ResourceId="25" StartTime="0" AnimType="Repeat" Duration="3400" StartValue="0" StopValue="0" StartValueX="0" StopValueX="0" StartValueY="0" StopValueY="0" Period="0.3" EaseType="Nil" />
    <Translate ResourceId="26" StartTime="0" AnimType="Repeat" Duration="3400" StartValue="0" StopValue="0" StartValueX="0" StopValueX="0" StartValueY="0" StopValueY="0" Period="0.3" EaseType="Nil" />
    <Translate ResourceId="27" StartTime="0" AnimType="Repeat" Duration="3400" StartValue="0" StopValue="0" StartValueX="0" StopValueX="0" StartValueY="0" StopValueY="0" Period="0.3" EaseType="Nil" />
    <Rotate ResourceId="20" StartTime="0" AnimType="Normal" Duration="6000" StartValue="13" StopValue="13" Period="0.3" EaseType="Nil" CenterX="44" CenterY="68" CenterType="CustomCenter" />
    <Translate ResourceId="11" StartTime="0" AnimType="Repeat" Duration="6000" StartValue="0" StopValue="0" StartValueX="0" StopValueX="0" StartValueY="0" StopValueY="0" Period="0.3" EaseType="Nil" />
    <Rotate ResourceId="32" StartTime="0" AnimType="Normal" Duration="500" StartValue="0" StopValue="4" Period="0.3" EaseType="SinInOut" CenterX="90" CenterY="351" CenterType="CustomCenter" />
    <Rotate ResourceId="32" StartTime="500" AnimType="Normal" Duration="500" StartValue="0" StopValue="-5" Period="0.3" EaseType="SinInOut" CenterX="90" CenterY="351" CenterType="CustomCenter" />
    <Rotate ResourceId="32" StartTime="1000" AnimType="Normal" Duration="500" StartValue="0" StopValue="1" Period="0.3" EaseType="SinOut" CenterX="90" CenterY="351" CenterType="CustomCenter" />
    <Translate ResourceId="1" StartTime="0" AnimType="Loop" Duration="6000" StartValue="0" StopValue="0" StartValueX="0" StopValueX="0" StartValueY="0" StopValueY="10" Period="0.3" EaseType="Nil" />
  </Animations>
</AnimationDefine>