﻿<?xml version="1.0" encoding="utf-8"?>
<AnimationDefine>
  <Resources>
    <Images Id="1" Name="friends_frame" X="0" Y="0" Width="0" Height="0" XYScale="false" Visible="true" Time="0">
      <Files>
        <File Name="friend0001" Path="friend0001.png" PackFile="pin/friend_pin.lua" />
        <File Name="friend0002" Path="friend0002.png" PackFile="pin/friend_pin.lua" />
        <File Name="friend0003" Path="friend0003.png" PackFile="pin/friend_pin.lua" />
        <File Name="friend0004" Path="friend0004.png" PackFile="pin/friend_pin.lua" />
        <File Name="friend0005" Path="friend0005.png" PackFile="pin/friend_pin.lua" />
        <File Name="friend0006" Path="friend0006.png" PackFile="pin/friend_pin.lua" />
        <File Name="friend0007" Path="friend0007.png" PackFile="pin/friend_pin.lua" />
        <File Name="friend0008" Path="friend0008.png" PackFile="pin/friend_pin.lua" />
        <File Name="friend0009" Path="friend0009.png" PackFile="pin/friend_pin.lua" />
      </Files>
    </Images>
  </Resources>
  <Animations>
    <Frame ResourceId="1" StartTime="0" AnimType="Repeat" Duration="1300" StartValue="0" StopValue="0" Period="0.3" EaseType="Nil" Num="9" />
  </Animations>
</AnimationDefine>