﻿<?xml version="1.0" encoding="utf-8"?>
<AnimationDefine>
  <Resources>
    <Node Id="32" Name="star" X="0" Y="0" Width="0" Height="0" XYScale="false" Visible="true" Time="0">
      <Children>
        <Image Id="31" Name="starGirl4" X="0" Y="7" Width="20" Height="20" XYScale="true" Visible="true" Time="0" Path="animation/hall/a5.png" PackFile="">
          <Children />
        </Image>
        <Image Id="30" Name="starGirl3" X="3" Y="15" Width="25" Height="25" XYScale="true" Visible="true" Time="0" Path="animation/hall/a5.png" PackFile="">
          <Children />
        </Image>
        <Image Id="29" Name="starGirl2" X="14" Y="23" Width="30" Height="30" XYScale="true" Visible="true" Time="0" Path="animation/hall/a5.png" PackFile="">
          <Children />
        </Image>
        <Image Id="28" Name="starGirl1" X="39" Y="19" Width="35" Height="35" XYScale="true" Visible="true" Time="0" Path="animation/hall/a5.png" PackFile="">
          <Children />
        </Image>
      </Children>
    </Node>
  </Resources>
  <Animations>
    <Alpha ResourceId="31" StartTime="300" AnimType="Normal" Duration="500" StartValue="0" StopValue="1" Period="0.3" EaseType="Nil" />
    <Alpha ResourceId="31" StartTime="800" AnimType="Normal" Duration="500" StartValue="1" StopValue="0" Period="0.3" EaseType="Nil" />
    <Alpha ResourceId="30" StartTime="200" AnimType="Normal" Duration="500" StartValue="0" StopValue="1" Period="0.3" EaseType="Nil" />
    <Alpha ResourceId="30" StartTime="700" AnimType="Normal" Duration="500" StartValue="1" StopValue="0" Period="0.3" EaseType="Nil" />
    <Alpha ResourceId="29" StartTime="100" AnimType="Normal" Duration="500" StartValue="0" StopValue="1" Period="0.3" EaseType="Nil" />
    <Alpha ResourceId="29" StartTime="600" AnimType="Normal" Duration="500" StartValue="1" StopValue="0" Period="0.3" EaseType="Nil" />
    <Alpha ResourceId="28" StartTime="0" AnimType="Normal" Duration="500" StartValue="0" StopValue="1" Period="0.3" EaseType="Nil" />
    <Alpha ResourceId="28" StartTime="500" AnimType="Normal" Duration="500" StartValue="1" StopValue="0" Period="0.3" EaseType="Nil" />
  </Animations>
</AnimationDefine>