<?xml version="1.0" encoding="utf-8"?>
<root type="0" typeName="View" time="0" x="35" y="-59" width="1280" height="720" visible="true" fillParentWidth="true" fillParentHeight="true" nodeAlign="8">
  <bg type="1" typeName="Image" time="89784381" x="0" y="0" width="1280" height="101" visible="true" fillParentWidth="false" fillParentHeight="false" nodeAlign="8" file="hall/sngandmtt/match_bottom-bg.png" packFile="" gridLeft="0" gridRight="0" gridTop="0" gridBottom="0">
    <img_ranking_bg type="1" typeName="Image" time="89791822" x="45" y="0" width="76" height="92" visible="true" fillParentWidth="false" fillParentHeight="false" nodeAlign="6" file="hall/sngandmtt/match_ranking-bg.png" packFile="" gridLeft="0" gridRight="0" gridTop="0" gridBottom="0">
      <txt_ranking type="4" typeName="Text" time="89791915" x="0" y="21" width="76" height="30" visible="true" fillParentWidth="false" fillParentHeight="false" nodeAlign="8" fontName="" fontSize="28" textAlign="0" color="0x4DDDF7" string="8"/>
    </img_ranking_bg>
    <img_match_points type="1" typeName="Image" time="89792035" x="149" y="13" width="34" height="35" visible="true" fillParentWidth="false" fillParentHeight="false" nodeAlign="8" file="hall/sngandmtt/match_points-icon.png" packFile="" gridLeft="0" gridRight="0" gridTop="0" gridBottom="0"/>
    <txt_points type="4" typeName="Text" time="89792145" x="187" y="14" width="60" height="30" visible="true" fillParentWidth="false" fillParentHeight="false" nodeAlign="8" fontName="" fontSize="28" textAlign="7" color="0x4DDDF7" string="0"/>
    <txt_distance type="4" typeName="Text" time="89792225" x="148" y="63" width="150" height="30" visible="true" fillParentWidth="false" fillParentHeight="false" nodeAlign="8" fontName="" fontSize="20" textAlign="7" color="0xFFFFFF" string="跟上一名相差0分"/>
    <txt_income type="4" typeName="Text" time="89792293" x="355" y="63" width="120" height="30" visible="true" fillParentWidth="false" fillParentHeight="false" nodeAlign="8" fontName="" fontSize="20" textAlign="7" color="0xFFFFFF" string="本月赛事收入"/>
    <img_money type="1" typeName="Image" time="89792452" x="477" y="59" width="34" height="35" visible="true" fillParentWidth="false" fillParentHeight="false" nodeAlign="8" file="hall/sngandmtt/match_money-icon.png" packFile="" gridLeft="0" gridRight="0" gridTop="0" gridBottom="0"/>
    <txt_money type="4" typeName="Text" time="89792508" x="511" y="63" width="24" height="30" visible="true" fillParentWidth="false" fillParentHeight="false" nodeAlign="8" fontName="" fontSize="24" textAlign="7" color="0xFFFFFF" string="+0"/>
    <img_up type="1" typeName="Image" time="89792554" x="541" y="69" width="17" height="21" visible="false" fillParentWidth="false" fillParentHeight="false" nodeAlign="8" file="hall/sngandmtt/match_up-icon.png" packFile="" gridLeft="0" gridRight="0" gridTop="0" gridBottom="0"/>
    <img_down type="1" typeName="Image" time="89792611" x="541" y="69" width="17" height="21" visible="false" fillParentWidth="false" fillParentHeight="false" nodeAlign="8" file="hall/sngandmtt/match_down-icon.png" packFile="" gridLeft="0" gridRight="0" gridTop="0" gridBottom="0"/>
    <txt_total_compete_num type="4" typeName="Text" time="89792881" x="858" y="8" width="200" height="30" visible="true" fillParentWidth="false" fillParentHeight="false" nodeAlign="8" fontName="" fontSize="20" textAlign="7" color="0xFFFFFF" string="累计参赛0次"/>
    <img_cup1 type="1" typeName="Image" time="89793042" x="858" y="46" width="49" height="47" visible="true" fillParentWidth="false" fillParentHeight="false" nodeAlign="8" file="hall/sngandmtt/match_cupOne-icon.png" packFile="" gridLeft="0" gridRight="0" gridTop="0" gridBottom="0"/>
    <img_cup2 type="1" typeName="Image" time="89793057" x="1016" y="46" width="49" height="47" visible="true" fillParentWidth="false" fillParentHeight="false" nodeAlign="8" file="hall/sngandmtt/match_cupTwo-icon.png" packFile="" gridLeft="0" gridRight="0" gridTop="0" gridBottom="0"/>
    <img_cup3 type="1" typeName="Image" time="89793065" x="1169" y="46" width="49" height="47" visible="true" fillParentWidth="false" fillParentHeight="false" nodeAlign="8" file="hall/sngandmtt/match_cupThree-icon.png" packFile="" gridLeft="0" gridRight="0" gridTop="0" gridBottom="0"/>
    <txt_cup1 type="4" typeName="Text" time="89793222" x="908" y="74" width="60" height="24" visible="true" fillParentWidth="false" fillParentHeight="false" nodeAlign="8" fontName="" fontSize="24" textAlign="7" color="0xFFFFFF" string="x0"/>
    <txt_cup2 type="4" typeName="Text" time="89793274" x="1066" y="74" width="60" height="24" visible="true" fillParentWidth="false" fillParentHeight="false" nodeAlign="8" fontName="" fontSize="24" textAlign="7" color="0xFFFFFF" string="x0"/>
    <txt_cup3 type="4" typeName="Text" time="89793277" x="1219" y="74" width="60" height="24" visible="true" fillParentWidth="false" fillParentHeight="false" nodeAlign="8" fontName="" fontSize="24" textAlign="7" color="0xFFFFFF" string="x0"/>
  </bg>
</root>
