<?xml version="1.0" encoding="utf-8"?>
<root type="0" typeName="View" time="0" x="0" y="0" width="0" height="0" visible="true" fillParentWidth="true" fillParentHeight="true" nodeAlign="8">
  <bg type="1" typeName="Image" time="90993583" x="187" y="0" width="822" height="745" visible="true" fillParentWidth="false" fillParentHeight="false" nodeAlign="8" file="hall/normal/traceFriend/popPanelBg.png" packFile="" gridLeft="40" gridRight="40" gridTop="30" gridBottom="40">
    <btn_close type="2" typeName="Button" time="90993584" x="763" y="1" width="58" height="61" visible="true" fillParentWidth="false" fillParentHeight="false" nodeAlign="8" file="common/dialog/common_close_btn_up.png" file2="" packFile="" gridLeft="0" gridRight="0" gridTop="0" gridBottom="0"/>
    <txt_title type="4" typeName="Text" time="90993585" x="213" y="42" width="400" height="36" visible="true" fillParentWidth="false" fillParentHeight="false" nodeAlign="8" fontName="" fontSize="36" textAlign="0" color="0xFFFFFF" string="追踪好友"/>
    <list_container type="0" typeName="View" time="90993586" x="41" y="103" width="750" height="465" visible="true" fillParentWidth="false" fillParentHeight="false" nodeAlign="8"/>
    <bg_play_myself type="1" typeName="Image" time="90993587" x="41" y="594" width="750" height="110" visible="true" fillParentWidth="false" fillParentHeight="false" nodeAlign="8" file="hall/normal/traceFriend/newHall_traceFriendsRenderbg.png" packFile="" gridLeft="10" gridRight="15" gridTop="15" gridBottom="15">
      <txt_play_myself type="4" typeName="Text" time="90993588" x="-6" y="46" width="746" height="28" visible="true" fillParentWidth="false" fillParentHeight="false" nodeAlign="8" fontName="" fontSize="28" textAlign="0" color="0xFFFFFF" string="自己游戏&gt;&gt;"/>
    </bg_play_myself>
  </bg>
</root>
