<?xml version="1.0" encoding="utf-8"?>
<root type="0" typeName="View" time="0" x="0" y="0" width="0" height="0" visible="true" fillParentWidth="true" fillParentHeight="true" nodeAlign="8">
  <container type="0" typeName="View" time="90554344" x="0" y="0" width="1280" height="720" visible="true" fillParentWidth="true" fillParentHeight="true" nodeAlign="8">
    <primariy_container type="0" typeName="View" time="90554901" x="0" y="0" width="200" height="150" visible="false" fillParentWidth="true" fillParentHeight="true" nodeAlign="8">
      <bg type="1" typeName="Image" time="87472815" x="0" y="0" width="1280" height="720" visible="true" fillParentWidth="true" fillParentHeight="true" nodeAlign="8" file="hall/normal/GameHall-bg.jpg" packFile="" gridLeft="0" gridRight="0" gridTop="0" gridBottom="0">
        <img_bottom type="1" typeName="Image" time="87527388" x="5" y="-1" width="1280" height="150" visible="true" fillParentWidth="false" fillParentHeight="false" nodeAlign="5" file="hall/normal/newHallRoom_primaryBottom.png" packFile="" gridLeft="0" gridRight="0" gridTop="0" gridBottom="0"/>
        <bring_container type="0" typeName="View" time="87535028" x="0" y="10" width="950" height="500" visible="true" fillParentWidth="false" fillParentHeight="false" nodeAlign="0">
          <item1 type="0" typeName="View" time="90411506" x="30" y="15" width="230" height="232" visible="true" fillParentWidth="false" fillParentHeight="false" nodeAlign="8">
            <btn type="2" typeName="Button" time="87535205" x="0" y="0" width="230" height="232" visible="true" fillParentWidth="false" fillParentHeight="false" nodeAlign="8" file="hall/normal/newHallRoom_intermediate_bg_1.png" file2="" packFile="" gridLeft="0" gridRight="0" gridTop="0" gridBottom="0">
              <img_title type="1" typeName="Image" time="88067169" x="58" y="39" width="114" height="45" visible="true" fillParentWidth="false" fillParentHeight="false" nodeAlign="8" file="hall/normal/newHallRoom_bringTxtBg.png" packFile="" gridLeft="0" gridRight="0" gridTop="0" gridBottom="0"/>
              <txt_title type="4" typeName="Text" time="88067176" x="15" y="37" width="200" height="50" visible="true" fillParentWidth="false" fillParentHeight="false" nodeAlign="8" fontName="" fontSize="28" textAlign="0" color="0xFFFFFF" string="携带"/>
              <txt_bring type="4" typeName="Text" time="88067179" x="15" y="78" width="201" height="50" visible="true" fillParentWidth="false" fillParentHeight="false" nodeAlign="8" fontName="" fontSize="28" textAlign="0" color="0xFFFFFF" string="200/4000"/>
              <txt_blind type="4" typeName="Text" time="88067182" x="15" y="117" width="200" height="50" visible="true" fillParentWidth="false" fillParentHeight="false" nodeAlign="8" fontName="" fontSize="18" textAlign="0" color="0xFFFFFF" string="10/20盲注"/>
            </btn>
            <btn_friend type="2" typeName="Button" time="90407526" x="182" y="144" width="87" height="87" visible="true" fillParentWidth="false" fillParentHeight="false" nodeAlign="8" file="hall/normal/newHallRoom_friendsIcon.png" file2="" packFile="" gridLeft="0" gridRight="0" gridTop="0" gridBottom="0"/>
          </item1>
          <item2 type="0" typeName="View" time="90411611" x="360" y="11" width="230" height="232" visible="true" fillParentWidth="false" fillParentHeight="false" nodeAlign="8">
            <btn type="2" typeName="Button" time="87535217" x="0" y="0" width="230" height="232" visible="true" fillParentWidth="false" fillParentHeight="false" nodeAlign="8" file="hall/normal/newHallRoom_primary_bg_2.png" file2="" packFile="" gridLeft="0" gridRight="0" gridTop="0" gridBottom="0">
              <img_title type="1" typeName="Image" time="88067142" x="58" y="39" width="114" height="45" visible="true" fillParentWidth="false" fillParentHeight="false" nodeAlign="8" file="hall/normal/newHallRoom_bringTxtBg.png" packFile="" gridLeft="0" gridRight="0" gridTop="0" gridBottom="0"/>
              <txt_title type="4" typeName="Text" time="88067148" x="15" y="37" width="200" height="50" visible="true" fillParentWidth="false" fillParentHeight="false" nodeAlign="8" fontName="" fontSize="28" textAlign="0" color="0xFFFFFF" string="携带"/>
              <txt_bring type="4" typeName="Text" time="88067151" x="15" y="75" width="200" height="50" visible="true" fillParentWidth="false" fillParentHeight="false" nodeAlign="8" fontName="" fontSize="28" textAlign="0" color="0xFFFFFF" string="400/8000"/>
              <txt_blind type="4" typeName="Text" time="88067155" x="15" y="117" width="200" height="50" visible="true" fillParentWidth="false" fillParentHeight="false" nodeAlign="8" fontName="" fontSize="18" textAlign="0" color="0xFFFFFF" string="20/40盲注"/>
            </btn>
            <btn_friend type="2" typeName="Button" time="90411932" x="182" y="144" width="87" height="87" visible="true" fillParentWidth="false" fillParentHeight="false" nodeAlign="8" file="hall/normal/newHallRoom_friendsIcon.png" file2="" packFile="" gridLeft="0" gridRight="0" gridTop="0" gridBottom="0"/>
          </item2>
          <item3 type="0" typeName="View" time="90411613" x="690" y="11" width="230" height="232" visible="true" fillParentWidth="false" fillParentHeight="false" nodeAlign="8">
            <btn type="2" typeName="Button" time="87535222" x="0" y="0" width="230" height="232" visible="true" fillParentWidth="false" fillParentHeight="false" nodeAlign="8" file="hall/normal/newHallRoom_primary_bg_3.png" file2="" packFile="" gridLeft="0" gridRight="0" gridTop="0" gridBottom="0">
              <img_title type="1" typeName="Image" time="88067103" x="58" y="39" width="114" height="45" visible="true" fillParentWidth="false" fillParentHeight="false" nodeAlign="8" file="hall/normal/newHallRoom_bringTxtBg.png" packFile="" gridLeft="0" gridRight="0" gridTop="0" gridBottom="0"/>
              <txt_title type="4" typeName="Text" time="88067110" x="15" y="37" width="200" height="50" visible="true" fillParentWidth="false" fillParentHeight="false" nodeAlign="8" fontName="" fontSize="28" textAlign="0" color="0xFFFFFF" string="携带"/>
              <txt_bring type="4" typeName="Text" time="88067114" x="15" y="75" width="200" height="50" visible="true" fillParentWidth="false" fillParentHeight="false" nodeAlign="8" fontName="" fontSize="28" textAlign="0" color="0xFFFFFF" string="1000/20k"/>
              <txt_blind type="4" typeName="Text" time="88067118" x="15" y="117" width="200" height="50" visible="true" fillParentWidth="false" fillParentHeight="false" nodeAlign="8" fontName="" fontSize="18" textAlign="0" color="0xFFFFFF" string="50/100盲注"/>
            </btn>
            <btn_friend type="2" typeName="Button" time="90411935" x="182" y="144" width="87" height="87" visible="true" fillParentWidth="false" fillParentHeight="false" nodeAlign="8" file="hall/normal/newHallRoom_friendsIcon.png" file2="" packFile="" gridLeft="0" gridRight="0" gridTop="0" gridBottom="0"/>
          </item3>
          <item4 type="0" typeName="View" time="90411614" x="30" y="260" width="230" height="232" visible="true" fillParentWidth="false" fillParentHeight="false" nodeAlign="8">
            <btn type="2" typeName="Button" time="87535224" x="0" y="0" width="230" height="232" visible="true" fillParentWidth="false" fillParentHeight="false" nodeAlign="8" file="hall/normal/newHallRoom_primary_bg_4.png" file2="" packFile="" gridLeft="0" gridRight="0" gridTop="0" gridBottom="0">
              <img_title type="1" typeName="Image" time="88067064" x="58" y="39" width="114" height="45" visible="true" fillParentWidth="false" fillParentHeight="false" nodeAlign="8" file="hall/normal/newHallRoom_bringTxtBg.png" packFile="" gridLeft="0" gridRight="0" gridTop="0" gridBottom="0"/>
              <txt_title type="4" typeName="Text" time="88067073" x="15" y="37" width="200" height="50" visible="true" fillParentWidth="false" fillParentHeight="false" nodeAlign="8" fontName="" fontSize="28" textAlign="0" color="0xFFFFFF" string="携带"/>
              <txt_bring type="4" typeName="Text" time="88067077" x="15" y="75" width="200" height="50" visible="true" fillParentWidth="false" fillParentHeight="false" nodeAlign="8" fontName="" fontSize="28" textAlign="0" color="0xFFFFFF" string="2000/40k"/>
              <txt_blind type="4" typeName="Text" time="88067080" x="15" y="117" width="200" height="50" visible="true" fillParentWidth="false" fillParentHeight="false" nodeAlign="8" fontName="" fontSize="18" textAlign="0" color="0xFFFFFF" string="100/200盲注"/>
            </btn>
            <btn_friend type="2" typeName="Button" time="90411939" x="182" y="144" width="87" height="87" visible="true" fillParentWidth="false" fillParentHeight="false" nodeAlign="8" file="hall/normal/newHallRoom_friendsIcon.png" file2="" packFile="" gridLeft="0" gridRight="0" gridTop="0" gridBottom="0"/>
          </item4>
          <item5 type="0" typeName="View" time="90411627" x="360" y="260" width="230" height="232" visible="true" fillParentWidth="false" fillParentHeight="false" nodeAlign="8">
            <btn type="2" typeName="Button" time="87535225" x="0" y="0" width="230" height="232" visible="true" fillParentWidth="false" fillParentHeight="false" nodeAlign="8" file="hall/normal/newHallRoom_primary_bg_5.png" file2="" packFile="" gridLeft="0" gridRight="0" gridTop="0" gridBottom="0">
              <img_title type="1" typeName="Image" time="88066991" x="58" y="39" width="114" height="45" visible="true" fillParentWidth="false" fillParentHeight="false" nodeAlign="8" file="hall/normal/newHallRoom_bringTxtBg.png" packFile="" gridLeft="0" gridRight="0" gridTop="0" gridBottom="0"/>
              <txt_title type="4" typeName="Text" time="88067023" x="15" y="37" width="200" height="50" visible="true" fillParentWidth="false" fillParentHeight="false" nodeAlign="8" fontName="" fontSize="28" textAlign="0" color="0xFFFFFF" string="携带"/>
              <txt_bring type="4" typeName="Text" time="88067027" x="15" y="75" width="200" height="50" visible="true" fillParentWidth="false" fillParentHeight="false" nodeAlign="8" fontName="" fontSize="28" textAlign="0" color="0xFFFFFF" string="4000/80k"/>
              <txt_blind type="4" typeName="Text" time="88067030" x="15" y="117" width="200" height="50" visible="true" fillParentWidth="false" fillParentHeight="false" nodeAlign="8" fontName="" fontSize="18" textAlign="0" color="0xFFFFFF" string="200/400盲注"/>
            </btn>
            <btn_friend type="2" typeName="Button" time="90411943" x="182" y="144" width="87" height="87" visible="true" fillParentWidth="false" fillParentHeight="false" nodeAlign="8" file="hall/normal/newHallRoom_friendsIcon.png" file2="" packFile="" gridLeft="0" gridRight="0" gridTop="0" gridBottom="0"/>
          </item5>
          <item6 type="0" typeName="View" time="90411630" x="690" y="260" width="230" height="232" visible="true" fillParentWidth="false" fillParentHeight="false" nodeAlign="8">
            <btn type="2" typeName="Button" time="87535227" x="0" y="0" width="230" height="232" visible="true" fillParentWidth="false" fillParentHeight="false" nodeAlign="8" file="hall/normal/newHallRoom_primary_bg_6.png" file2="" packFile="" gridLeft="0" gridRight="0" gridTop="0" gridBottom="0">
              <img_title type="1" typeName="Image" time="87551387" x="58" y="39" width="114" height="45" visible="true" fillParentWidth="false" fillParentHeight="false" nodeAlign="8" file="hall/normal/newHallRoom_bringTxtBg.png" packFile="" gridLeft="0" gridRight="0" gridTop="0" gridBottom="0"/>
              <txt_bring type="4" typeName="Text" time="87551309" x="15" y="74" width="200" height="50" visible="true" fillParentWidth="false" fillParentHeight="false" nodeAlign="8" fontName="" fontSize="28" textAlign="0" color="0xFFFFFF" string="10k/200k"/>
              <txt_blind type="4" typeName="Text" time="87551316" x="15" y="117" width="200" height="50" visible="true" fillParentWidth="false" fillParentHeight="false" nodeAlign="8" fontName="" fontSize="18" textAlign="0" color="0xFFFFFF" string="500/1000盲注"/>
              <txt_title type="4" typeName="Text" time="87552286" x="15" y="37" width="200" height="50" visible="true" fillParentWidth="false" fillParentHeight="false" nodeAlign="8" fontName="" fontSize="28" textAlign="0" color="0xFFFFFF" string="携带不足"/>
            </btn>
            <btn_friend type="2" typeName="Button" time="90411946" x="182" y="144" width="87" height="87" visible="true" fillParentWidth="false" fillParentHeight="false" nodeAlign="8" file="hall/normal/newHallRoom_friendsIcon.png" file2="" packFile="" gridLeft="0" gridRight="0" gridTop="0" gridBottom="0"/>
          </item6>
        </bring_container>
      </bg>
    </primariy_container>
    <middle_container type="0" typeName="View" time="90554960" x="0" y="0" width="1280" height="7200" visible="false" fillParentWidth="true" fillParentHeight="true" nodeAlign="8">
      <bg type="1" typeName="Image" time="90555435" x="38" y="186" width="64" height="64" visible="true" fillParentWidth="true" fillParentHeight="true" nodeAlign="8" file="hall/normal/newHallRoom_hall_bg.jpg" packFile="" gridLeft="0" gridRight="0" gridTop="0" gridBottom="0">
        <img_bottom type="1" typeName="Image" time="90555586" x="5" y="1" width="1280" height="150" visible="true" fillParentWidth="false" fillParentHeight="false" nodeAlign="5" file="hall/normal/newHallRoom_intermediateBottom.png" packFile="" gridLeft="0" gridRight="0" gridTop="0" gridBottom="0"/>
        <bring_container type="0" typeName="View" time="90555246" x="0" y="10" width="950" height="500" visible="true" fillParentWidth="false" fillParentHeight="false" nodeAlign="0">
          <item1 type="0" typeName="View" time="90555247" x="30" y="15" width="230" height="232" visible="true" fillParentWidth="false" fillParentHeight="false" nodeAlign="8">
            <btn type="2" typeName="Button" time="90555249" x="0" y="0" width="230" height="232" visible="true" fillParentWidth="false" fillParentHeight="false" nodeAlign="8" file="hall/normal/newHallRoom_intermediate_bg_1.png" file2="" packFile="" gridLeft="0" gridRight="0" gridTop="0" gridBottom="0">
              <img_title type="1" typeName="Image" time="90555250" x="58" y="39" width="114" height="45" visible="true" fillParentWidth="false" fillParentHeight="false" nodeAlign="8" file="hall/normal/newHallRoom_bringTxtBg.png" packFile="" gridLeft="0" gridRight="0" gridTop="0" gridBottom="0"/>
              <txt_title type="4" typeName="Text" time="90555251" x="15" y="37" width="200" height="50" visible="true" fillParentWidth="false" fillParentHeight="false" nodeAlign="8" fontName="" fontSize="28" textAlign="0" color="0xFFFFFF" string="携带"/>
              <txt_bring type="4" typeName="Text" time="90555252" x="15" y="78" width="201" height="50" visible="true" fillParentWidth="false" fillParentHeight="false" nodeAlign="8" fontName="" fontSize="28" textAlign="0" color="0xFFFFFF" string="200/4000"/>
              <txt_blind type="4" typeName="Text" time="90555253" x="15" y="117" width="200" height="50" visible="true" fillParentWidth="false" fillParentHeight="false" nodeAlign="8" fontName="" fontSize="18" textAlign="0" color="0xFFFFFF" string="10/20盲注"/>
            </btn>
            <btn_friend type="2" typeName="Button" time="90555248" x="182" y="144" width="87" height="87" visible="true" fillParentWidth="false" fillParentHeight="false" nodeAlign="8" file="hall/normal/newHallRoom_friendsIcon.png" file2="" packFile="" gridLeft="0" gridRight="0" gridTop="0" gridBottom="0"/>
          </item1>
          <item2 type="0" typeName="View" time="90555254" x="360" y="11" width="230" height="232" visible="true" fillParentWidth="false" fillParentHeight="false" nodeAlign="8">
            <btn type="2" typeName="Button" time="90555256" x="0" y="0" width="230" height="232" visible="true" fillParentWidth="false" fillParentHeight="false" nodeAlign="8" file="hall/normal/newHallRoom_intermediate_bg_2.png" file2="" packFile="" gridLeft="0" gridRight="0" gridTop="0" gridBottom="0">
              <img_title type="1" typeName="Image" time="90555257" x="58" y="39" width="114" height="45" visible="true" fillParentWidth="false" fillParentHeight="false" nodeAlign="8" file="hall/normal/newHallRoom_bringTxtBg.png" packFile="" gridLeft="0" gridRight="0" gridTop="0" gridBottom="0"/>
              <txt_title type="4" typeName="Text" time="90555258" x="15" y="37" width="200" height="50" visible="true" fillParentWidth="false" fillParentHeight="false" nodeAlign="8" fontName="" fontSize="28" textAlign="0" color="0xFFFFFF" string="携带"/>
              <txt_bring type="4" typeName="Text" time="90555259" x="15" y="75" width="200" height="50" visible="true" fillParentWidth="false" fillParentHeight="false" nodeAlign="8" fontName="" fontSize="28" textAlign="0" color="0xFFFFFF" string="400/8000"/>
              <txt_blind type="4" typeName="Text" time="90555260" x="15" y="117" width="200" height="50" visible="true" fillParentWidth="false" fillParentHeight="false" nodeAlign="8" fontName="" fontSize="18" textAlign="0" color="0xFFFFFF" string="20/40盲注"/>
            </btn>
            <btn_friend type="2" typeName="Button" time="90555255" x="182" y="144" width="87" height="87" visible="true" fillParentWidth="false" fillParentHeight="false" nodeAlign="8" file="hall/normal/newHallRoom_friendsIcon.png" file2="" packFile="" gridLeft="0" gridRight="0" gridTop="0" gridBottom="0"/>
          </item2>
          <item3 type="0" typeName="View" time="90555261" x="690" y="11" width="230" height="232" visible="true" fillParentWidth="false" fillParentHeight="false" nodeAlign="8">
            <btn type="2" typeName="Button" time="90555263" x="0" y="0" width="230" height="232" visible="true" fillParentWidth="false" fillParentHeight="false" nodeAlign="8" file="hall/normal/newHallRoom_intermediate_bg_3.png" file2="" packFile="" gridLeft="0" gridRight="0" gridTop="0" gridBottom="0">
              <img_title type="1" typeName="Image" time="90555264" x="58" y="39" width="114" height="45" visible="true" fillParentWidth="false" fillParentHeight="false" nodeAlign="8" file="hall/normal/newHallRoom_bringTxtBg.png" packFile="" gridLeft="0" gridRight="0" gridTop="0" gridBottom="0"/>
              <txt_title type="4" typeName="Text" time="90555265" x="15" y="37" width="200" height="50" visible="true" fillParentWidth="false" fillParentHeight="false" nodeAlign="8" fontName="" fontSize="28" textAlign="0" color="0xFFFFFF" string="携带"/>
              <txt_bring type="4" typeName="Text" time="90555266" x="15" y="75" width="200" height="50" visible="true" fillParentWidth="false" fillParentHeight="false" nodeAlign="8" fontName="" fontSize="28" textAlign="0" color="0xFFFFFF" string="1000/20k"/>
              <txt_blind type="4" typeName="Text" time="90555267" x="15" y="117" width="200" height="50" visible="true" fillParentWidth="false" fillParentHeight="false" nodeAlign="8" fontName="" fontSize="18" textAlign="0" color="0xFFFFFF" string="50/100盲注"/>
            </btn>
            <btn_friend type="2" typeName="Button" time="90555262" x="182" y="144" width="87" height="87" visible="true" fillParentWidth="false" fillParentHeight="false" nodeAlign="8" file="hall/normal/newHallRoom_friendsIcon.png" file2="" packFile="" gridLeft="0" gridRight="0" gridTop="0" gridBottom="0"/>
          </item3>
          <item4 type="0" typeName="View" time="90555268" x="30" y="260" width="230" height="232" visible="true" fillParentWidth="false" fillParentHeight="false" nodeAlign="8">
            <btn type="2" typeName="Button" time="90555270" x="0" y="0" width="230" height="232" visible="true" fillParentWidth="false" fillParentHeight="false" nodeAlign="8" file="hall/normal/newHallRoom_intermediate_bg_4.png" file2="" packFile="" gridLeft="0" gridRight="0" gridTop="0" gridBottom="0">
              <img_title type="1" typeName="Image" time="90555271" x="58" y="39" width="114" height="45" visible="true" fillParentWidth="false" fillParentHeight="false" nodeAlign="8" file="hall/normal/newHallRoom_bringTxtBg.png" packFile="" gridLeft="0" gridRight="0" gridTop="0" gridBottom="0"/>
              <txt_title type="4" typeName="Text" time="90555272" x="15" y="37" width="200" height="50" visible="true" fillParentWidth="false" fillParentHeight="false" nodeAlign="8" fontName="" fontSize="28" textAlign="0" color="0xFFFFFF" string="携带"/>
              <txt_bring type="4" typeName="Text" time="90555273" x="15" y="75" width="200" height="50" visible="true" fillParentWidth="false" fillParentHeight="false" nodeAlign="8" fontName="" fontSize="28" textAlign="0" color="0xFFFFFF" string="2000/40k"/>
              <txt_blind type="4" typeName="Text" time="90555274" x="15" y="117" width="200" height="50" visible="true" fillParentWidth="false" fillParentHeight="false" nodeAlign="8" fontName="" fontSize="18" textAlign="0" color="0xFFFFFF" string="100/200盲注"/>
            </btn>
            <btn_friend type="2" typeName="Button" time="90555269" x="182" y="144" width="87" height="87" visible="true" fillParentWidth="false" fillParentHeight="false" nodeAlign="8" file="hall/normal/newHallRoom_friendsIcon.png" file2="" packFile="" gridLeft="0" gridRight="0" gridTop="0" gridBottom="0"/>
          </item4>
          <item5 type="0" typeName="View" time="90555275" x="360" y="260" width="230" height="232" visible="true" fillParentWidth="false" fillParentHeight="false" nodeAlign="8">
            <btn type="2" typeName="Button" time="90555277" x="0" y="0" width="230" height="232" visible="true" fillParentWidth="false" fillParentHeight="false" nodeAlign="8" file="hall/normal/newHallRoom_intermediate_bg_5.png" file2="" packFile="" gridLeft="0" gridRight="0" gridTop="0" gridBottom="0">
              <img_title type="1" typeName="Image" time="90555278" x="58" y="39" width="114" height="45" visible="true" fillParentWidth="false" fillParentHeight="false" nodeAlign="8" file="hall/normal/newHallRoom_bringTxtBg.png" packFile="" gridLeft="0" gridRight="0" gridTop="0" gridBottom="0"/>
              <txt_title type="4" typeName="Text" time="90555279" x="15" y="37" width="200" height="50" visible="true" fillParentWidth="false" fillParentHeight="false" nodeAlign="8" fontName="" fontSize="28" textAlign="0" color="0xFFFFFF" string="携带"/>
              <txt_bring type="4" typeName="Text" time="90555280" x="15" y="75" width="200" height="50" visible="true" fillParentWidth="false" fillParentHeight="false" nodeAlign="8" fontName="" fontSize="28" textAlign="0" color="0xFFFFFF" string="4000/80k"/>
              <txt_blind type="4" typeName="Text" time="90555281" x="15" y="117" width="200" height="50" visible="true" fillParentWidth="false" fillParentHeight="false" nodeAlign="8" fontName="" fontSize="18" textAlign="0" color="0xFFFFFF" string="200/400盲注"/>
            </btn>
            <btn_friend type="2" typeName="Button" time="90555276" x="182" y="144" width="87" height="87" visible="true" fillParentWidth="false" fillParentHeight="false" nodeAlign="8" file="hall/normal/newHallRoom_friendsIcon.png" file2="" packFile="" gridLeft="0" gridRight="0" gridTop="0" gridBottom="0"/>
          </item5>
          <item6 type="0" typeName="View" time="90555282" x="690" y="260" width="230" height="232" visible="true" fillParentWidth="false" fillParentHeight="false" nodeAlign="8">
            <btn type="2" typeName="Button" time="90555284" x="0" y="0" width="230" height="232" visible="true" fillParentWidth="false" fillParentHeight="false" nodeAlign="8" file="hall/normal/newHallRoom_intermediate_bg_6.png" file2="" packFile="" gridLeft="0" gridRight="0" gridTop="0" gridBottom="0">
              <img_title type="1" typeName="Image" time="90555285" x="58" y="39" width="114" height="45" visible="true" fillParentWidth="false" fillParentHeight="false" nodeAlign="8" file="hall/normal/newHallRoom_bringTxtBg.png" packFile="" gridLeft="0" gridRight="0" gridTop="0" gridBottom="0"/>
              <txt_bring type="4" typeName="Text" time="90555286" x="15" y="74" width="200" height="50" visible="true" fillParentWidth="false" fillParentHeight="false" nodeAlign="8" fontName="" fontSize="28" textAlign="0" color="0xFFFFFF" string="10k/200k"/>
              <txt_blind type="4" typeName="Text" time="90555287" x="15" y="117" width="200" height="50" visible="true" fillParentWidth="false" fillParentHeight="false" nodeAlign="8" fontName="" fontSize="18" textAlign="0" color="0xFFFFFF" string="500/1000盲注"/>
              <txt_title type="4" typeName="Text" time="90555288" x="15" y="37" width="200" height="50" visible="true" fillParentWidth="false" fillParentHeight="false" nodeAlign="8" fontName="" fontSize="28" textAlign="0" color="0xFFFFFF" string="携带不足"/>
            </btn>
            <btn_friend type="2" typeName="Button" time="90555283" x="182" y="144" width="87" height="87" visible="true" fillParentWidth="false" fillParentHeight="false" nodeAlign="8" file="hall/normal/newHallRoom_friendsIcon.png" file2="" packFile="" gridLeft="0" gridRight="0" gridTop="0" gridBottom="0"/>
          </item6>
        </bring_container>
      </bg>
    </middle_container>
    <advanced_container type="0" typeName="View" time="90512245" x="0" y="0" width="1280" height="720" visible="false" fillParentWidth="true" fillParentHeight="true" nodeAlign="8">
      <bg type="1" typeName="Image" time="90556273" x="0" y="0" width="1280" height="720" visible="true" fillParentWidth="true" fillParentHeight="true" nodeAlign="8" file="hall/normal/newHallRoom_advanced.jpg" packFile="" gridLeft="0" gridRight="0" gridTop="0" gridBottom="0">
        <list_container type="0" typeName="View" time="90556486" x="138" y="120" width="996" height="600" visible="true" fillParentWidth="false" fillParentHeight="false" nodeAlign="8"/>
        <bring_tab_container type="0" typeName="View" time="90556489" x="1161" y="147" width="63" height="367" visible="true" fillParentWidth="false" fillParentHeight="false" nodeAlign="8"/>
        <switch_tab_container type="0" typeName="View" time="90556488" x="28" y="232" width="97" height="150" visible="true" fillParentWidth="false" fillParentHeight="false" nodeAlign="8"/>
        <choose_tab_container type="0" typeName="View" time="90556487" x="12" y="416" width="140" height="145" visible="true" fillParentWidth="false" fillParentHeight="false" nodeAlign="8"/>
        <img_mask type="1" typeName="Image" time="90670169" x="0" y="0" width="1280" height="64" visible="true" fillParentWidth="false" fillParentHeight="false" nodeAlign="5" file="common/public_mask.png" packFile="" gridLeft="0" gridRight="0" gridTop="0" gridBottom="0"/>
        <float_bring_title_container type="0" typeName="View" time="90776003" x="375" y="120" width="508" height="50" visible="true" fillParentWidth="false" fillParentHeight="false" nodeAlign="8"/>
      </bg>
    </advanced_container>
    <common_container type="0" typeName="View" time="90555099" x="0" y="0" width="1280" height="720" visible="true" fillParentWidth="false" fillParentHeight="false" nodeAlign="8">
      <btn_store type="2" typeName="Button" time="87528218" x="43" y="40" width="102" height="75" visible="true" fillParentWidth="false" fillParentHeight="false" nodeAlign="2" file="hall/normal/public_btn_bg.png" file2="" packFile="" gridLeft="0" gridRight="0" gridTop="0" gridBottom="0">
        <img type="1" typeName="Image" time="87528677" x="0" y="0" width="54" height="51" visible="true" fillParentWidth="false" fillParentHeight="false" nodeAlign="0" file="hall/normal/newHallRoom_addChipBtn.png" packFile="" gridLeft="0" gridRight="0" gridTop="0" gridBottom="0"/>
      </btn_store>
      <btn_back type="2" typeName="Button" time="87528570" x="28" y="40" width="102" height="75" visible="true" fillParentWidth="false" fillParentHeight="false" nodeAlign="8" file="hall/normal/public_btn_bg.png" file2="" packFile="" gridLeft="0" gridRight="0" gridTop="0" gridBottom="0">
        <img type="1" typeName="Image" time="87528611" x="0" y="0" width="27" height="43" visible="true" fillParentWidth="false" fillParentHeight="false" nodeAlign="0" file="hall/normal/backBtn.png" packFile="" gridLeft="0" gridRight="0" gridTop="0" gridBottom="0"/>
      </btn_back>
      <btn_quick_play type="2" typeName="Button" time="87528361" x="24" y="34" width="151" height="151" visible="true" fillParentWidth="false" fillParentHeight="false" nodeAlign="4" file="hall/normal/newHallRoom_quickEnterBtn.png" file2="" packFile="" gridLeft="0" gridRight="0" gridTop="0" gridBottom="0">
        <txt1 type="4" typeName="Text" time="87548351" x="28" y="44" width="100" height="30" visible="true" fillParentWidth="false" fillParentHeight="false" nodeAlign="8" fontName="" fontSize="30" textAlign="0" color="0xFFFFFF" string="快速"/>
        <txt2 type="4" typeName="Text" time="87548391" x="28" y="80" width="100" height="30" visible="true" fillParentWidth="false" fillParentHeight="false" nodeAlign="8" fontName="" fontSize="30" textAlign="0" color="0xFFFFFF" string="开始"/>
      </btn_quick_play>
      <img_chip type="1" typeName="Image" time="87528913" x="293" y="65" width="30" height="30" visible="true" fillParentWidth="false" fillParentHeight="false" nodeAlign="2" file="hall/normal/chip-icon.png" packFile="" gridLeft="0" gridRight="0" gridTop="0" gridBottom="0"/>
      <txt_chip_num type="4" typeName="Text" time="87528981" x="146" y="68" width="140" height="24" visible="true" fillParentWidth="false" fillParentHeight="false" nodeAlign="2" fontName="" fontSize="24" textAlign="7" color="0xFFFFFF" string="5,730"/>
      <img_head type="1" typeName="Image" time="87529744" x="156" y="62" width="28" height="28" visible="true" fillParentWidth="false" fillParentHeight="false" nodeAlign="8" file="hall/normal/newHallRoom_head.png" packFile="" gridLeft="0" gridRight="0" gridTop="0" gridBottom="0"/>
      <txt_online_num type="4" typeName="Text" time="87529855" x="187" y="65" width="100" height="24" visible="true" fillParentWidth="false" fillParentHeight="false" nodeAlign="8" fontName="" fontSize="24" textAlign="7" color="0xFFFFFF" string="7183"/>
      <img_bar_bar type="1" typeName="Image" time="87531724" x="0" y="36" width="457" height="81" visible="false" fillParentWidth="false" fillParentHeight="false" nodeAlign="1" file="hall/normal/TabBg.png" packFile="" gridLeft="0" gridRight="0" gridTop="0" gridBottom="0"/>
      <mini_load_container type="0" typeName="View" time="90821429" x="0" y="0" width="44" height="44" visible="true" fillParentWidth="false" fillParentHeight="false" nodeAlign="0"/>
    </common_container>
  </container>
</root>
