<?xml version="1.0" encoding="utf-8"?>
<root type="0" typeName="View" time="0" x="0" y="0" width="0" height="0" visible="true" fillParentWidth="true" fillParentHeight="true" nodeAlign="8">
  <bg type="2" typeName="Button" time="89795257" x="0" y="0" width="1280" height="720" visible="true" fillParentWidth="true" fillParentHeight="true" nodeAlign="8" file="common/newHallRoom_hall_bg.jpg" file2="" packFile="" gridLeft="0" gridRight="0" gridTop="0" gridBottom="0">
    <btn_back type="2" typeName="Button" time="89795756" x="28" y="31" width="102" height="75" visible="true" fillParentWidth="false" fillParentHeight="false" nodeAlign="8" file="common/public_btn_bg.png" file2="" packFile="" gridLeft="0" gridRight="0" gridTop="0" gridBottom="0">
      <img_back type="1" typeName="Image" time="89795801" x="0" y="0" width="27" height="43" visible="true" fillParentWidth="false" fillParentHeight="false" nodeAlign="0" file="common/backBtn.png" packFile="" gridLeft="0" gridRight="0" gridTop="0" gridBottom="0"/>
    </btn_back>
    <btn_store type="2" typeName="Button" time="89795949" x="28" y="31" width="102" height="75" visible="true" fillParentWidth="false" fillParentHeight="false" nodeAlign="2" file="common/public_btn_bg.png" file2="" packFile="" gridLeft="0" gridRight="0" gridTop="0" gridBottom="0">
      <img_store type="1" typeName="Image" time="89795968" x="0" y="0" width="54" height="51" visible="true" fillParentWidth="false" fillParentHeight="false" nodeAlign="0" file="common/newHallRoom_addChipBtn.png" packFile="" gridLeft="0" gridRight="0" gridTop="0" gridBottom="0"/>
    </btn_store>
    <txt_time type="4" typeName="Text" time="89796024" x="150" y="31" width="100" height="75" visible="true" fillParentWidth="false" fillParentHeight="false" nodeAlign="8" fontName="" fontSize="34" textAlign="7" color="0xD5D5D5" string="13:29"/>
    <img_chip type="1" typeName="Image" time="89796190" x="903" y="53" width="30" height="30" visible="true" fillParentWidth="false" fillParentHeight="false" nodeAlign="8" file="common/chip-icon.png" packFile="" gridLeft="0" gridRight="0" gridTop="0" gridBottom="0">
      <txt_chip type="4" typeName="Text" time="89796392" x="34" y="-1" width="72" height="30" visible="true" fillParentWidth="false" fillParentHeight="false" nodeAlign="8" fontName="" fontSize="24" textAlign="7" color="0xFFFFFF" string="63.49K"/>
    </img_chip>
    <img_ticket type="1" typeName="Image" time="89796442" x="1049" y="52" width="31" height="30" visible="true" fillParentWidth="false" fillParentHeight="false" nodeAlign="8" file="hall/sng/knockOutHall_ticket_One-icon.png" packFile="" gridLeft="0" gridRight="0" gridTop="0" gridBottom="0">
      <txt_ticket type="4" typeName="Text" time="89796513" x="33" y="0" width="60" height="30" visible="true" fillParentWidth="false" fillParentHeight="false" nodeAlign="8" fontName="" fontSize="24" textAlign="7" color="0xFFFFFF" string="x0"/>
    </img_ticket>
    <btn_help type="2" typeName="Button" time="89796568" x="15" y="105" width="55" height="55" visible="true" fillParentWidth="false" fillParentHeight="false" nodeAlign="4" file="common/HelpBtn.png" file2="" packFile="" gridLeft="0" gridRight="0" gridTop="0" gridBottom="0"/>
  </bg>
</root>
