<?xml version="1.0" encoding="utf-8"?>
<root type="0" typeName="View" time="0" x="0" y="0" width="748" height="118" visible="true" fillParentWidth="false" fillParentHeight="false" nodeAlign="8">
  <bg type="1" typeName="Image" time="90993663" x="0" y="0" width="748" height="118" visible="true" fillParentWidth="false" fillParentHeight="false" nodeAlign="8" file="hall/normal/traceFriend/newHall_traceFriendsRenderbg.png" packFile="" gridLeft="10" gridRight="15" gridTop="15" gridBottom="15">
    <photo_container type="0" typeName="View" time="90993766" x="29" y="10" width="100" height="100" visible="true" fillParentWidth="false" fillParentHeight="false" nodeAlign="8"/>
    <img_sex type="1" typeName="Image" time="90993807" x="149" y="31" width="32" height="32" visible="true" fillParentWidth="false" fillParentHeight="false" nodeAlign="8" file="hall/normal/traceFriend/maleIcon.png" packFile="" gridLeft="0" gridRight="0" gridTop="0" gridBottom="0"/>
    <txt_nick type="4" typeName="Text" time="90993829" x="182" y="32" width="400" height="30" visible="true" fillParentWidth="false" fillParentHeight="false" nodeAlign="8" fontName="" fontSize="30" textAlign="7" color="0xFFFFFF" string="昵称"/>
    <txt_lvl type="4" typeName="Text" time="90994221" x="150" y="70" width="200" height="20" visible="true" fillParentWidth="false" fillParentHeight="false" nodeAlign="8" fontName="" fontSize="20" textAlign="7" color="0xFFFFFF" string="Lv.100"/>
    <img_player type="1" typeName="Image" time="90994029" x="618" y="30" width="45" height="35" visible="true" fillParentWidth="false" fillParentHeight="false" nodeAlign="8" file="hall/normal/traceFriend/newHallRoom_playerIcon.png" packFile="" gridLeft="0" gridRight="0" gridTop="0" gridBottom="0"/>
    <txt_player_num type="4" typeName="Text" time="90994075" x="667" y="32" width="60" height="30" visible="true" fillParentWidth="false" fillParentHeight="false" nodeAlign="8" fontName="" fontSize="30" textAlign="0" color="0xC2AAA2" string="3/9"/>
    <txt_table_flag type="4" typeName="Text" time="90994355" x="448" y="76" width="200" height="20" visible="true" fillParentWidth="false" fillParentHeight="false" nodeAlign="8" fontName="" fontSize="20" textAlign="3" color="0xA56939" string="房间ID:"/>
    <txt_table_id type="4" typeName="Text" time="90994426" x="657" y="76" width="80" height="20" visible="true" fillParentWidth="false" fillParentHeight="false" nodeAlign="8" fontName="" fontSize="20" textAlign="7" color="0xA56939" string=""/>
  </bg>
</root>
