<?xml version="1.0" encoding="utf-8"?>
<root type="0" typeName="View" time="0" x="0" y="0" width="0" height="0" visible="true" fillParentWidth="true" fillParentHeight="true" nodeAlign="8">
  <bg type="1" typeName="Image" time="89803705" x="0" y="0" width="358" height="186" visible="true" fillParentWidth="false" fillParentHeight="false" nodeAlign="8" file="hall/mtt/mttList-bg-normal.png" packFile="" gridLeft="0" gridRight="0" gridTop="0" gridBottom="0">
    <btn_logo type="2" typeName="Button" time="89803913" x="-23" y="-16" width="82" height="82" visible="false" fillParentWidth="false" fillParentHeight="false" nodeAlign="2" file="hall/mtt/mttList-logo-month.png" file2="" packFile="" gridLeft="0" gridRight="0" gridTop="0" gridBottom="0">
      <txt_logo type="4" typeName="Text" time="89804010" x="0" y="0" width="82" height="82" visible="true" fillParentWidth="false" fillParentHeight="false" nodeAlign="0" fontName="" fontSize="24" textAlign="0" color="0xFFFFFF" string="月赛"/>
    </btn_logo>
    <img_reward type="1" typeName="Image" time="89804217" x="27" y="65" width="133" height="96" visible="true" fillParentWidth="false" fillParentHeight="false" nodeAlign="8" file="hall/mtt/mttList-reward-5.png" packFile="" gridLeft="0" gridRight="0" gridTop="0" gridBottom="0"/>
    <txt_title type="4" typeName="Text" time="89804501" x="170" y="50" width="163" height="30" visible="true" fillParentWidth="false" fillParentHeight="false" nodeAlign="8" fontName="" fontSize="30" textAlign="7" color="0x666666" string="1M筹码"/>
    <img_join type="1" typeName="Image" time="89804796" x="165" y="80" width="29" height="22" visible="true" fillParentWidth="false" fillParentHeight="false" nodeAlign="8" file="hall/mtt/mttList-playNum-icon.png" packFile="" gridLeft="0" gridRight="0" gridTop="0" gridBottom="0">
      <txt_join type="4" typeName="Text" time="89804865" x="31" y="-1" width="60" height="24" visible="true" fillParentWidth="false" fillParentHeight="false" nodeAlign="8" fontName="" fontSize="20" textAlign="7" color="0x276FAA" string="0"/>
    </img_join>
    <img_sign type="1" typeName="Image" time="89805131" x="234" y="130" width="30" height="30" visible="true" fillParentWidth="false" fillParentHeight="false" nodeAlign="8" file="hall/mtt/mttList-fightting-icon.png" packFile="" gridLeft="0" gridRight="0" gridTop="0" gridBottom="0">
      <txt_sign type="4" typeName="Text" time="89805319" x="29" y="-1" width="60" height="30" visible="true" fillParentWidth="false" fillParentHeight="false" nodeAlign="8" fontName="" fontSize="20" textAlign="7" color="0x276FAA" string="可观战"/>
    </img_sign>
    <img_border type="1" typeName="Image" time="89805436" x="0" y="0" width="358" height="186" visible="true" fillParentWidth="false" fillParentHeight="false" nodeAlign="8" file="hall/mtt/mttList-bg-yellow.png" packFile="" gridLeft="0" gridRight="0" gridTop="0" gridBottom="0"/>
  </bg>
</root>
