<?xml version="1.0" encoding="utf-8"?>
<root type="0" typeName="View" time="0" x="0" y="0" width="320" height="204" visible="true" fillParentWidth="false" fillParentHeight="false" nodeAlign="8">
  <bg type="1" typeName="Image" time="90489594" x="0" y="0" width="319" height="196" visible="true" fillParentWidth="false" fillParentHeight="false" nodeAlign="8" file="hall/normal/advanced/normal_advanced_table.png" packFile="" gridLeft="0" gridRight="0" gridTop="0" gridBottom="0">
    <txt_player_num type="4" typeName="Text" time="90489757" x="124" y="68" width="100" height="38" visible="true" fillParentWidth="false" fillParentHeight="false" nodeAlign="8" fontName="" fontSize="38" textAlign="0" color="0xFFFFFF" string="0/5"/>
    <img_quick type="1" typeName="Image" time="90489616" x="213" y="70" width="33" height="37" visible="true" fillParentWidth="false" fillParentHeight="false" nodeAlign="8" file="hall/normal/advanced/normal_advanced_quick.png" packFile="" gridLeft="0" gridRight="0" gridTop="0" gridBottom="0"/>
    <player_container type="0" typeName="View" time="90494388" x="0" y="124" width="320" height="80" visible="true" fillParentWidth="false" fillParentHeight="false" nodeAlign="8">
      <item1 type="0" typeName="View" time="90494477" x="56" y="-20" width="100" height="100" visible="true" fillParentWidth="false" fillParentHeight="false" nodeAlign="8"/>
      <item2 type="0" typeName="View" time="90494521" x="176" y="-20" width="100" height="100" visible="true" fillParentWidth="false" fillParentHeight="false" nodeAlign="8"/>
    </player_container>
  </bg>
</root>
