<?xml version="1.0" encoding="utf-8"?>
<root type="0" typeName="View" time="0" x="0" y="0" width="0" height="0" visible="true" fillParentWidth="true" fillParentHeight="true" nodeAlign="8">
  <bg type="1" typeName="Image" time="87723047" x="0" y="0" width="1280" height="720" visible="true" fillParentWidth="true" fillParentHeight="true" nodeAlign="8" file="common/newHallRoom_hall_bg.jpg" packFile="" gridLeft="0" gridRight="0" gridTop="0" gridBottom="0">
    <top type="0" typeName="View" time="87724877" x="2" y="0" width="1280" height="130" visible="true" fillParentWidth="false" fillParentHeight="false" nodeAlign="8">
      <btn_back type="2" typeName="Button" time="87724908" x="26" y="-3" width="102" height="75" visible="true" fillParentWidth="false" fillParentHeight="false" nodeAlign="7" file="common/public_btn_bg.png" file2="" packFile="" gridLeft="0" gridRight="0" gridTop="0" gridBottom="0">
        <img_arrow type="1" typeName="Image" time="87724909" x="0" y="0" width="27" height="43" visible="true" fillParentWidth="false" fillParentHeight="false" nodeAlign="0" file="common/backBtn.png" packFile="" gridLeft="0" gridRight="0" gridTop="0" gridBottom="0"/>
      </btn_back>
      <btn_store type="2" typeName="Button" time="87724914" x="25" y="0" width="102" height="75" visible="true" fillParentWidth="false" fillParentHeight="false" nodeAlign="3" file="common/public_btn_bg.png" file2="" packFile="" gridLeft="0" gridRight="0" gridTop="0" gridBottom="0">
        <img_store type="1" typeName="Image" time="87724915" x="0" y="0" width="54" height="51" visible="true" fillParentWidth="false" fillParentHeight="false" nodeAlign="0" file="common/newHallRoom_addChipBtn.png" packFile="" gridLeft="0" gridRight="0" gridTop="0" gridBottom="0"/>
      </btn_store>
      <img_title type="1" typeName="Image" time="87724918" x="0" y="0" width="216" height="88" visible="true" fillParentWidth="false" fillParentHeight="false" nodeAlign="0" file="hall/sng/knockOutHall_title.png" packFile="" gridLeft="0" gridRight="0" gridTop="0" gridBottom="0"/>
      <img_weat_left type="1" typeName="Image" time="87724922" x="-142" y="0" width="48" height="93" visible="true" fillParentWidth="false" fillParentHeight="false" nodeAlign="0" file="hall/sng/wheat_left.png" packFile="" gridLeft="0" gridRight="0" gridTop="0" gridBottom="0"/>
      <img_weat_right type="1" typeName="Image" time="88142332" x="138" y="-1" width="48" height="93" visible="true" fillParentWidth="false" fillParentHeight="false" nodeAlign="0" file="hall/sng/wheat_right.png" packFile="" gridLeft="0" gridRight="0" gridTop="0" gridBottom="0"/>
      <txt_title type="4" typeName="Text" time="87724964" x="0" y="44" width="150" height="30" visible="true" fillParentWidth="false" fillParentHeight="false" nodeAlign="0" fontName="" fontSize="20" textAlign="0" color="0xFFFFFF" string="6人坐满即玩"/>
      <img_chip type="1" typeName="Image" time="87725029" x="912" y="50" width="30" height="30" visible="true" fillParentWidth="false" fillParentHeight="false" nodeAlign="8" file="common/chip-icon.png" packFile="" gridLeft="0" gridRight="0" gridTop="0" gridBottom="0">
        <txt_chip_num type="4" typeName="Text" time="90397183" x="30" y="0" width="50" height="30" visible="true" fillParentWidth="false" fillParentHeight="false" nodeAlign="8" fontName="" fontSize="24" textAlign="7" color="0xFFFFFF" string="100M"/>
      </img_chip>
      <img_ticket type="1" typeName="Image" time="87725121" x="1051" y="50" width="31" height="30" visible="true" fillParentWidth="false" fillParentHeight="false" nodeAlign="8" file="hall/sng/knockOutHall_ticket_One-icon.png" packFile="" gridLeft="0" gridRight="0" gridTop="0" gridBottom="0">
        <txt_ticket_num type="4" typeName="Text" time="90397196" x="42" y="-1" width="50" height="30" visible="true" fillParentWidth="false" fillParentHeight="false" nodeAlign="0" fontName="" fontSize="24" textAlign="7" color="0xFFFFFF" string="x0"/>
      </img_ticket>
      <txt_time type="4" typeName="Text" time="87987712" x="141" y="44" width="70" height="30" visible="true" fillParentWidth="false" fillParentHeight="false" nodeAlign="8" fontName="" fontSize="27" textAlign="7" color="0xFFFFFF" string="15:01"/>
    </top>
    <center type="0" typeName="View" time="87726403" x="-6" y="8" width="1280" height="490" visible="true" fillParentWidth="false" fillParentHeight="false" nodeAlign="0">
      <btn_primary type="2" typeName="Button" time="87726620" x="120" y="50" width="443" height="147" visible="true" fillParentWidth="false" fillParentHeight="false" nodeAlign="8" file="hall/sng/knockOutHall_content-bg.png" file2="" packFile="" gridLeft="0" gridRight="0" gridTop="0" gridBottom="0">
        <img_primary type="1" typeName="Image" time="87726972" x="-166" y="-2" width="208" height="208" visible="true" fillParentWidth="false" fillParentHeight="false" nodeAlign="0" file="hall/sng/knockOutHall_primary-bg.png" packFile="" gridLeft="0" gridRight="0" gridTop="0" gridBottom="0">
          <img_star type="1" typeName="Image" time="87727364" x="-3" y="45" width="34" height="33" visible="true" fillParentWidth="false" fillParentHeight="false" nodeAlign="1" file="hall/sng/knockOutHall_star-icon.png" packFile="" gridLeft="0" gridRight="0" gridTop="0" gridBottom="0"/>
          <img_person type="1" typeName="Image" time="87727639" x="-14" y="48" width="28" height="22" visible="true" fillParentWidth="false" fillParentHeight="false" nodeAlign="5" file="hall/sng/knockOutHall_personNum-icon.png" packFile="" gridLeft="0" gridRight="0" gridTop="0" gridBottom="0"/>
          <txt_person_num type="4" typeName="Text" time="87727702" x="9" y="48" width="12" height="24" visible="true" fillParentWidth="false" fillParentHeight="false" nodeAlign="5" fontName="" fontSize="24" textAlign="7" color="0xFFFFFF" string="0"/>
        </img_primary>
        <img_cup1 type="1" typeName="Image" time="87728175" x="160" y="25" width="45" height="43" visible="true" fillParentWidth="false" fillParentHeight="false" nodeAlign="8" file="hall/sng/knockOutHall_cup_one-icon.png" packFile="" gridLeft="0" gridRight="0" gridTop="0" gridBottom="0"/>
        <img_cup2 type="1" typeName="Image" time="87728195" x="280" y="25" width="45" height="43" visible="true" fillParentWidth="false" fillParentHeight="false" nodeAlign="8" file="hall/sng/knockOutHall_cup_two-icon.png" packFile="" gridLeft="0" gridRight="0" gridTop="0" gridBottom="0"/>
        <img_money type="1" typeName="Image" time="87728205" x="202" y="88" width="30" height="30" visible="true" fillParentWidth="false" fillParentHeight="false" nodeAlign="8" file="hall/sng/knockOutHall_money-icon.png" packFile="" gridLeft="0" gridRight="0" gridTop="0" gridBottom="0"/>
        <txt_cup1 type="4" typeName="Text" time="87728362" x="208" y="20" width="60" height="50" visible="true" fillParentWidth="false" fillParentHeight="false" nodeAlign="8" fontName="" fontSize="35" textAlign="7" color="0xFFFFFF" string="84K"/>
        <txt_cup2 type="4" typeName="Text" time="87728446" x="325" y="20" width="60" height="50" visible="true" fillParentWidth="false" fillParentHeight="false" nodeAlign="8" fontName="" fontSize="35" textAlign="7" color="0xFFFFFF" string="36K"/>
        <txt_money type="4" typeName="Text" time="87728493" x="233" y="89" width="40" height="30" visible="true" fillParentWidth="false" fillParentHeight="false" nodeAlign="8" fontName="" fontSize="20" textAlign="7" color="0x00FFFF" string="20000"/>
        <img_mark type="1" typeName="Image" time="87728876" x="380" y="-23" width="82" height="82" visible="true" fillParentWidth="false" fillParentHeight="false" nodeAlign="8" file="hall/sng/knockOutHall_mark-bg.png" packFile="" gridLeft="0" gridRight="0" gridTop="0" gridBottom="0">
          <txt1 type="4" typeName="Text" time="87728920" x="0" y="0" width="82" height="82" visible="true" fillParentWidth="false" fillParentHeight="false" nodeAlign="0" fontName="" fontSize="24" textAlign="0" color="0xFFFFFF" string="推荐"/>
        </img_mark>
      </btn_primary>
      <btn_intermediate type="2" typeName="Button" time="87726683" x="717" y="50" width="443" height="147" visible="true" fillParentWidth="false" fillParentHeight="false" nodeAlign="8" file="hall/sng/knockOutHall_content-bg.png" file2="" packFile="" gridLeft="0" gridRight="0" gridTop="0" gridBottom="0">
        <img_intermediate type="1" typeName="Image" time="87727082" x="-166" y="-2" width="208" height="208" visible="true" fillParentWidth="false" fillParentHeight="false" nodeAlign="0" file="hall/sng/knockOutHall_intermediate-bg.png" packFile="" gridLeft="0" gridRight="0" gridTop="0" gridBottom="0">
          <img_star1 type="1" typeName="Image" time="87727431" x="-18" y="45" width="34" height="33" visible="true" fillParentWidth="false" fillParentHeight="false" nodeAlign="1" file="hall/sng/knockOutHall_star-icon.png" packFile="" gridLeft="0" gridRight="0" gridTop="0" gridBottom="0"/>
          <img_star2 type="1" typeName="Image" time="87727434" x="17" y="45" width="34" height="33" visible="true" fillParentWidth="false" fillParentHeight="false" nodeAlign="1" file="hall/sng/knockOutHall_star-icon.png" packFile="" gridLeft="0" gridRight="0" gridTop="0" gridBottom="0"/>
          <txt_person_num type="4" typeName="Text" time="87727770" x="9" y="48" width="12" height="24" visible="true" fillParentWidth="false" fillParentHeight="false" nodeAlign="5" fontName="" fontSize="24" textAlign="7" color="0xFFFFFF" string="0"/>
          <img_person type="1" typeName="Image" time="87727795" x="-14" y="48" width="28" height="22" visible="true" fillParentWidth="false" fillParentHeight="false" nodeAlign="5" file="hall/sng/knockOutHall_personNum-icon.png" packFile="" gridLeft="0" gridRight="0" gridTop="0" gridBottom="0"/>
        </img_intermediate>
        <img_cup1 type="1" typeName="Image" time="87728570" x="160" y="25" width="45" height="43" visible="true" fillParentWidth="false" fillParentHeight="false" nodeAlign="8" file="hall/sng/knockOutHall_cup_one-icon.png" packFile="" gridLeft="0" gridRight="0" gridTop="0" gridBottom="0"/>
        <img_cup2 type="1" typeName="Image" time="87728580" x="280" y="25" width="45" height="43" visible="true" fillParentWidth="false" fillParentHeight="false" nodeAlign="8" file="hall/sng/knockOutHall_cup_two-icon.png" packFile="" gridLeft="0" gridRight="0" gridTop="0" gridBottom="0"/>
        <img_money type="1" typeName="Image" time="87728595" x="202" y="88" width="30" height="30" visible="true" fillParentWidth="false" fillParentHeight="false" nodeAlign="8" file="hall/sng/knockOutHall_money-icon.png" packFile="" gridLeft="0" gridRight="0" gridTop="0" gridBottom="0"/>
        <txt_cup1 type="4" typeName="Text" time="87728608" x="208" y="20" width="60" height="50" visible="true" fillParentWidth="false" fillParentHeight="false" nodeAlign="8" fontName="" fontSize="35" textAlign="7" color="0xFFFFFF" string="336K"/>
        <txt_cup2 type="4" typeName="Text" time="87728621" x="325" y="20" width="60" height="50" visible="true" fillParentWidth="false" fillParentHeight="false" nodeAlign="8" fontName="" fontSize="35" textAlign="7" color="0xFFFFFF" string="114K"/>
        <txt_money type="4" typeName="Text" time="87728633" x="233" y="89" width="20" height="30" visible="true" fillParentWidth="false" fillParentHeight="false" nodeAlign="8" fontName="" fontSize="20" textAlign="7" color="0x00FFFF" string="80000"/>
        <img_mark type="1" typeName="Image" time="88141100" x="380" y="-23" width="82" height="82" visible="false" fillParentWidth="false" fillParentHeight="false" nodeAlign="8" file="hall/sng/knockOutHall_mark-bg.png" packFile="" gridLeft="0" gridRight="0" gridTop="0" gridBottom="0">
          <txt1 type="4" typeName="Text" time="88141101" x="0" y="0" width="82" height="82" visible="true" fillParentWidth="false" fillParentHeight="false" nodeAlign="0" fontName="" fontSize="24" textAlign="0" color="0xFFFFFF" string="推荐"/>
        </img_mark>
      </btn_intermediate>
      <btn_high type="2" typeName="Button" time="87726790" x="120" y="270" width="443" height="147" visible="true" fillParentWidth="false" fillParentHeight="false" nodeAlign="8" file="hall/sng/knockOutHall_content-bg.png" file2="" packFile="" gridLeft="0" gridRight="0" gridTop="0" gridBottom="0">
        <img_high type="1" typeName="Image" time="87727086" x="-165" y="-2" width="208" height="208" visible="true" fillParentWidth="false" fillParentHeight="false" nodeAlign="0" file="hall/sng/knockOutHall_high-bg.png" packFile="" gridLeft="0" gridRight="0" gridTop="0" gridBottom="0">
          <img_star1 type="1" typeName="Image" time="87727490" x="-33" y="45" width="34" height="33" visible="true" fillParentWidth="false" fillParentHeight="false" nodeAlign="1" file="hall/sng/knockOutHall_star-icon.png" packFile="" gridLeft="0" gridRight="0" gridTop="0" gridBottom="0"/>
          <img_star2 type="1" typeName="Image" time="87727499" x="0" y="45" width="34" height="33" visible="true" fillParentWidth="false" fillParentHeight="false" nodeAlign="1" file="hall/sng/knockOutHall_star-icon.png" packFile="" gridLeft="0" gridRight="0" gridTop="0" gridBottom="0"/>
          <img_star3 type="1" typeName="Image" time="87727502" x="35" y="45" width="34" height="33" visible="true" fillParentWidth="false" fillParentHeight="false" nodeAlign="1" file="hall/sng/knockOutHall_star-icon.png" packFile="" gridLeft="0" gridRight="0" gridTop="0" gridBottom="0"/>
          <txt_person_num type="4" typeName="Text" time="87727776" x="9" y="48" width="12" height="24" visible="true" fillParentWidth="false" fillParentHeight="false" nodeAlign="5" fontName="" fontSize="24" textAlign="7" color="0xFFFFFF" string="0"/>
          <img_person type="1" typeName="Image" time="87727799" x="-14" y="48" width="28" height="22" visible="true" fillParentWidth="false" fillParentHeight="false" nodeAlign="5" file="hall/sng/knockOutHall_personNum-icon.png" packFile="" gridLeft="0" gridRight="0" gridTop="0" gridBottom="0"/>
        </img_high>
        <img_cup1 type="1" typeName="Image" time="87728573" x="160" y="25" width="45" height="43" visible="true" fillParentWidth="false" fillParentHeight="false" nodeAlign="8" file="hall/sng/knockOutHall_cup_one-icon.png" packFile="" gridLeft="0" gridRight="0" gridTop="0" gridBottom="0"/>
        <img_cup2 type="1" typeName="Image" time="87728583" x="280" y="25" width="45" height="43" visible="true" fillParentWidth="false" fillParentHeight="false" nodeAlign="8" file="hall/sng/knockOutHall_cup_two-icon.png" packFile="" gridLeft="0" gridRight="0" gridTop="0" gridBottom="0"/>
        <img_money type="1" typeName="Image" time="87728597" x="202" y="88" width="30" height="30" visible="true" fillParentWidth="false" fillParentHeight="false" nodeAlign="8" file="hall/sng/knockOutHall_money-icon.png" packFile="" gridLeft="0" gridRight="0" gridTop="0" gridBottom="0"/>
        <txt_cup1 type="4" typeName="Text" time="87728610" x="208" y="20" width="60" height="50" visible="true" fillParentWidth="false" fillParentHeight="false" nodeAlign="8" fontName="" fontSize="35" textAlign="7" color="0xFFFFFF" string="840K"/>
        <txt_cup2 type="4" typeName="Text" time="87728624" x="325" y="20" width="60" height="50" visible="true" fillParentWidth="false" fillParentHeight="false" nodeAlign="8" fontName="" fontSize="35" textAlign="7" color="0xFFFFFF" string="360K"/>
        <txt_money type="4" typeName="Text" time="87728635" x="233" y="89" width="40" height="30" visible="true" fillParentWidth="false" fillParentHeight="false" nodeAlign="8" fontName="" fontSize="20" textAlign="7" color="0x00FFFF" string="200000"/>
        <img_mark type="1" typeName="Image" time="88141347" x="380" y="-23" width="82" height="82" visible="false" fillParentWidth="false" fillParentHeight="false" nodeAlign="8" file="hall/sng/knockOutHall_mark-bg.png" packFile="" gridLeft="0" gridRight="0" gridTop="0" gridBottom="0">
          <txt1 type="4" typeName="Text" time="88141348" x="0" y="0" width="82" height="82" visible="true" fillParentWidth="false" fillParentHeight="false" nodeAlign="0" fontName="" fontSize="24" textAlign="0" color="0xFFFFFF" string="推荐"/>
        </img_mark>
      </btn_high>
      <btn_masters type="2" typeName="Button" time="87726870" x="717" y="270" width="443" height="147" visible="true" fillParentWidth="false" fillParentHeight="false" nodeAlign="8" file="hall/sng/knockOutHall_content-bg.png" file2="" packFile="" gridLeft="0" gridRight="0" gridTop="0" gridBottom="0">
        <img_master type="1" typeName="Image" time="87727088" x="-166" y="-2" width="208" height="208" visible="true" fillParentWidth="false" fillParentHeight="false" nodeAlign="0" file="hall/sng/knockOutHall_masters-bg.png" packFile="" gridLeft="0" gridRight="0" gridTop="0" gridBottom="0">
          <img_king type="1" typeName="Image" time="87727602" x="0" y="23" width="80" height="56" visible="true" fillParentWidth="false" fillParentHeight="false" nodeAlign="1" file="hall/sng/knockOutHall_crown-icon.png" packFile="" gridLeft="0" gridRight="0" gridTop="0" gridBottom="0"/>
          <txt_person_num type="4" typeName="Text" time="87727778" x="9" y="48" width="12" height="24" visible="true" fillParentWidth="false" fillParentHeight="false" nodeAlign="5" fontName="" fontSize="24" textAlign="7" color="0xFFFFFF" string="0"/>
          <img_person type="1" typeName="Image" time="87727803" x="-14" y="48" width="28" height="22" visible="true" fillParentWidth="false" fillParentHeight="false" nodeAlign="5" file="hall/sng/knockOutHall_personNum-icon.png" packFile="" gridLeft="0" gridRight="0" gridTop="0" gridBottom="0"/>
        </img_master>
        <img_cup1 type="1" typeName="Image" time="87728576" x="160" y="25" width="45" height="43" visible="true" fillParentWidth="false" fillParentHeight="false" nodeAlign="8" file="hall/sng/knockOutHall_cup_one-icon.png" packFile="" gridLeft="0" gridRight="0" gridTop="0" gridBottom="0"/>
        <img_cup2 type="1" typeName="Image" time="87728585" x="280" y="25" width="45" height="43" visible="true" fillParentWidth="false" fillParentHeight="false" nodeAlign="8" file="hall/sng/knockOutHall_cup_two-icon.png" packFile="" gridLeft="0" gridRight="0" gridTop="0" gridBottom="0"/>
        <img_money type="1" typeName="Image" time="87728599" x="202" y="88" width="30" height="30" visible="true" fillParentWidth="false" fillParentHeight="false" nodeAlign="8" file="hall/sng/knockOutHall_money-icon.png" packFile="" gridLeft="0" gridRight="0" gridTop="0" gridBottom="0"/>
        <txt_cup1 type="4" typeName="Text" time="87728612" x="208" y="20" width="60" height="50" visible="true" fillParentWidth="false" fillParentHeight="false" nodeAlign="8" fontName="" fontSize="35" textAlign="7" color="0xFFFFFF" string="2.1M"/>
        <txt_cup2 type="4" typeName="Text" time="87728627" x="325" y="21" width="60" height="50" visible="true" fillParentWidth="false" fillParentHeight="false" nodeAlign="8" fontName="" fontSize="35" textAlign="7" color="0xFFFFFF" string="900K"/>
        <txt_money type="4" typeName="Text" time="87728637" x="233" y="89" width="20" height="30" visible="true" fillParentWidth="false" fillParentHeight="false" nodeAlign="8" fontName="" fontSize="20" textAlign="7" color="0x00FFFF" string="2000"/>
        <img_mark type="1" typeName="Image" time="87728976" x="380" y="-23" width="82" height="82" visible="true" fillParentWidth="false" fillParentHeight="false" nodeAlign="8" file="hall/sng/knockOutHall_mark-bg.png" packFile="" gridLeft="0" gridRight="0" gridTop="0" gridBottom="0">
          <txt1 type="4" typeName="Text" time="87728977" x="0" y="0" width="82" height="82" visible="true" fillParentWidth="false" fillParentHeight="false" nodeAlign="0" fontName="" fontSize="24" textAlign="0" color="0xFFFFFF" string="推荐"/>
        </img_mark>
      </btn_masters>
      <btn_help type="2" typeName="Button" time="89783322" x="1213" y="436" width="55" height="55" visible="true" fillParentWidth="false" fillParentHeight="false" nodeAlign="8" file="common/HelpBtn.png" file2="" packFile="" gridLeft="0" gridRight="0" gridTop="0" gridBottom="0"/>
    </center>
  </bg>
</root>
