<?xml version="1.0" encoding="utf-8"?>
<root type="0" typeName="View" time="0" x="0" y="0" width="0" height="0" visible="true" fillParentWidth="true" fillParentHeight="true" nodeAlign="8">
  <dynamicContainer type="0" typeName="View" time="89953301" x="0" y="0" width="90" height="34" visible="true" fillParentWidth="false" fillParentHeight="false" nodeAlign="8">
    <img_bg1 type="1" typeName="Image" time="89953339" x="0" y="0" width="37" height="34" visible="true" fillParentWidth="false" fillParentHeight="false" nodeAlign="8" file="hall/mtt/mttList-startTime-bg.png" packFile="" gridLeft="0" gridRight="0" gridTop="0" gridBottom="0">
      <txt_minute type="4" typeName="Text" time="89953340" x="0" y="-1" width="37" height="34" visible="true" fillParentWidth="false" fillParentHeight="false" nodeAlign="8" fontName="" fontSize="24" textAlign="0" color="0xFFFFFF" string="00"/>
    </img_bg1>
    <img_bg2 type="1" typeName="Image" time="89953344" x="52" y="0" width="37" height="34" visible="true" fillParentWidth="false" fillParentHeight="false" nodeAlign="8" file="hall/mtt/mttList-startTime-bg.png" packFile="" gridLeft="0" gridRight="0" gridTop="0" gridBottom="0">
      <txt_second type="4" typeName="Text" time="89953345" x="0" y="0" width="37" height="34" visible="true" fillParentWidth="false" fillParentHeight="false" nodeAlign="8" fontName="" fontSize="24" textAlign="0" color="0xFFFFFF" string="00"/>
    </img_bg2>
    <txt_split type="4" typeName="Text" time="89953403" x="38" y="0" width="11" height="34" visible="true" fillParentWidth="false" fillParentHeight="false" nodeAlign="8" fontName="" fontSize="22" textAlign="7" color="0x355C8D" string=":"/>
  </dynamicContainer>
  <staticContainer type="0" typeName="View" time="89953510" x="0" y="0" width="90" height="34" visible="false" fillParentWidth="false" fillParentHeight="false" nodeAlign="8">
    <txt_static type="4" typeName="Text" time="89953564" x="0" y="0" width="90" height="34" visible="true" fillParentWidth="false" fillParentHeight="false" nodeAlign="8" fontName="" fontSize="22" textAlign="0" color="0x355C8D" string="08-20 01:00"/>
  </staticContainer>
</root>
