﻿<?xml version="1.0" encoding="utf-8"?>
<AnimationDefine>
  <Resources>
    <Images Id="8" Name="image_group" X="0" Y="0" Width="0" Height="0" XYScale="false" Visible="true" Time="0">
      <Files>
        <File Name="dot0" Path="loading/dots/dot0.png" PackFile="" />
        <File Name="dot1" Path="loading/dots/dot1.png" PackFile="" />
        <File Name="dot2" Path="loading/dots/dot2.png" PackFile="" />
        <File Name="dot3" Path="loading/dots/dot3.png" PackFile="" />
        <File Name="dot4" Path="loading/dots/dot4.png" PackFile="" />
        <File Name="dot5" Path="loading/dots/dot5.png" PackFile="" />
      </Files>
    </Images>
  </Resources>
  <Animations>
    <Frame ResourceId="8" StartTime="0" AnimType="Loop" Duration="1000" StartValue="0" StopValue="0" Period="0.3" EaseType="Nil" Num="6" />
  </Animations>
</AnimationDefine>