﻿<?xml version="1.0" encoding="utf-8"?>
<AnimationDefine>
  <Resources>
    <Images Id="1" Name="dotsGroup" X="552" Y="386" Width="175" Height="20" XYScale="false" Visible="true" Time="0">
      <Files>
        <File Name="dotP1" Path="animation/loading/dotP1.png" PackFile="" />
        <File Name="dotP2" Path="animation/loading/dotP2.png" PackFile="" />
        <File Name="dotP3" Path="animation/loading/dotP3.png" PackFile="" />
        <File Name="dotP4" Path="animation/loading/dotP4.png" PackFile="" />
      </Files>
    </Images>
  </Resources>
  <Animations>
    <Frame ResourceId="1" StartTime="0" AnimType="Loop" Duration="2000" StartValue="0" StopValue="0" Period="0.3" EaseType="Nil" Num="4" />
  </Animations>
</AnimationDefine>