<?xml version="1.0" encoding="utf-8"?>
<root type="0" typeName="View" time="0" x="0" y="0" width="1280" height="720" visible="true" fillParentWidth="true" fillParentHeight="true" nodeAlign="8">
  <bg type="1" typeName="Image" time="90990689" x="320" y="150" width="640" height="420" visible="true" fillParentWidth="false" fillParentHeight="false" nodeAlign="8" file="common/common-pop-up-background-back.png" packFile="" gridLeft="8" gridRight="12" gridTop="12" gridBottom="24">
    <bg_up type="1" typeName="Image" time="90997859" x="4" y="70" width="632" height="280" visible="true" fillParentWidth="false" fillParentHeight="false" nodeAlign="8" file="common/common-pop-up-background-up.png" packFile="" gridLeft="2" gridRight="2" gridTop="2" gridBottom="2"/>
    <txt_title type="4" typeName="Text" time="90991845" x="288" y="17" width="64" height="33" visible="true" fillParentWidth="false" fillParentHeight="false" nodeAlign="8" fontName="" fontSize="32" textAlign="7" color="0xFBE2B0" string=""/>
    <btn_close type="2" typeName="Button" time="90997579" x="611" y="-30" width="58" height="61" visible="true" fillParentWidth="false" fillParentHeight="false" nodeAlign="8" file="help/common-close-btn-up.png" file2="help/common-close-btn-down.png" packFile="" gridLeft="0" gridRight="0" gridTop="0" gridBottom="0"/>
    <img_top_light type="1" typeName="Image" time="90997155" x="0" y="0" width="640" height="70" visible="true" fillParentWidth="false" fillParentHeight="false" nodeAlign="8" file="help/match-top-light.png" packFile="" gridLeft="0" gridRight="0" gridTop="0" gridBottom="0"/>
    <img_left_icon type="1" typeName="Image" time="90993260" x="260" y="27" width="16" height="16" visible="true" fillParentWidth="false" fillParentHeight="false" nodeAlign="8" file="main/page-pop-up-title-decoration.png" packFile="" gridLeft="0" gridRight="0" gridTop="0" gridBottom="0"/>
    <img_right_icon type="1" typeName="Image" time="90993311" x="364" y="27" width="16" height="16" visible="true" fillParentWidth="false" fillParentHeight="false" nodeAlign="8" file="main/page-pop-up-title-decoration.png" packFile="" gridLeft="0" gridRight="0" gridTop="0" gridBottom="0"/>
    <img_logo type="1" typeName="Image" time="90993654" x="230" y="90" width="179" height="35" visible="true" fillParentWidth="false" fillParentHeight="false" nodeAlign="8" file="main/setting_page_item_logo.png" packFile="" gridLeft="0" gridRight="0" gridTop="0" gridBottom="0"/>
    <txt_version type="4" typeName="Text" time="90993955" x="130" y="140" width="120" height="24" visible="true" fillParentWidth="false" fillParentHeight="false" nodeAlign="8" fontName="" fontSize="20" textAlign="7" color="0xFFEDD3" string=""/>
    <txt_contact1 type="4" typeName="Text" time="90993963" x="130" y="167" width="200" height="24" visible="true" fillParentWidth="false" fillParentHeight="false" nodeAlign="8" fontName="" fontSize="20" textAlign="7" color="0xFFEDD3" string=""/>
    <txt_contact2 type="4" typeName="Text" time="90993971" x="130" y="194" width="491" height="22" visible="true" fillParentWidth="false" fillParentHeight="false" nodeAlign="8" fontName="" fontSize="20" textAlign="7" color="0xFFEDD3" string=""/>
    <btn_service type="2" typeName="Button" time="90994420" x="130" y="238" width="186" height="22" visible="true" fillParentWidth="false" fillParentHeight="false" nodeAlign="8" file="common/common-transparent-skin.png" file2="" packFile="" gridLeft="0" gridRight="0" gridTop="0" gridBottom="0">
      <txt_service type="4" typeName="Text" time="90994448" x="0" y="0" width="186" height="22" visible="true" fillParentWidth="false" fillParentHeight="false" nodeAlign="8" fontName="" fontSize="20" textAlign="7" color="0xD0A57F" string=""/>
      <txt_quad type="4" typeName="Text" time="90995398" x="0" y="0" width="180" height="24" visible="true" fillParentWidth="false" fillParentHeight="false" nodeAlign="8" fontName="" fontSize="24" textAlign="7" color="0xFFFFFF" string="_______________"/>
    </btn_service>
    <txt_company type="4" typeName="Text" time="90994884" x="8" y="374" width="624" height="22" visible="true" fillParentWidth="false" fillParentHeight="false" nodeAlign="8" fontName="" fontSize="20" textAlign="0" color="0xFFEDD3" string=""/>
  </bg>
</root>
