﻿<?xml version="1.0" encoding="utf-8"?>
<AnimationDefine>
  <Resources>
    <Images Id="1" Name="group" X="0" Y="0" Width="0" Height="0" XYScale="false" Visible="true" Time="0">
      <Files>
        <File Name="hddj_10_0001" Path="hddj_10_0001.png" PackFile="pin/hddj/hddj_10_pin.lua" />
        <File Name="hddj_10_0002" Path="hddj_10_0002.png" PackFile="pin/hddj/hddj_10_pin.lua" />
        <File Name="hddj_10_0003" Path="hddj_10_0003.png" PackFile="pin/hddj/hddj_10_pin.lua" />
        <File Name="hddj_10_0004" Path="hddj_10_0004.png" PackFile="pin/hddj/hddj_10_pin.lua" />
        <File Name="hddj_10_0005" Path="hddj_10_0005.png" PackFile="pin/hddj/hddj_10_pin.lua" />
        <File Name="hddj_10_0006" Path="hddj_10_0006.png" PackFile="pin/hddj/hddj_10_pin.lua" />
        <File Name="hddj_10_0007" Path="hddj_10_0007.png" PackFile="pin/hddj/hddj_10_pin.lua" />
        <File Name="hddj_10_0008" Path="hddj_10_0008.png" PackFile="pin/hddj/hddj_10_pin.lua" />
        <File Name="hddj_10_0009" Path="hddj_10_0009.png" PackFile="pin/hddj/hddj_10_pin.lua" />
        <File Name="hddj_10_0010" Path="hddj_10_0010.png" PackFile="pin/hddj/hddj_10_pin.lua" />
        <File Name="hddj_10_0011" Path="hddj_10_0011.png" PackFile="pin/hddj/hddj_10_pin.lua" />
        <File Name="hddj_10_0012" Path="hddj_10_0012.png" PackFile="pin/hddj/hddj_10_pin.lua" />
        <File Name="hddj_10_0013" Path="hddj_10_0013.png" PackFile="pin/hddj/hddj_10_pin.lua" />
        <File Name="hddj_10_0014" Path="hddj_10_0014.png" PackFile="pin/hddj/hddj_10_pin.lua" />
        <File Name="hddj_10_0015" Path="hddj_10_0015.png" PackFile="pin/hddj/hddj_10_pin.lua" />
        <File Name="hddj_10_0016" Path="hddj_10_0016.png" PackFile="pin/hddj/hddj_10_pin.lua" />
        <File Name="hddj_10_0017" Path="hddj_10_0017.png" PackFile="pin/hddj/hddj_10_pin.lua" />
        <File Name="hddj_10_0018" Path="hddj_10_0018.png" PackFile="pin/hddj/hddj_10_pin.lua" />
        <File Name="hddj_10_0019" Path="hddj_10_0019.png" PackFile="pin/hddj/hddj_10_pin.lua" />
        <File Name="hddj_10_0020" Path="hddj_10_0020.png" PackFile="pin/hddj/hddj_10_pin.lua" />
        <File Name="hddj_10_0021" Path="hddj_10_0021.png" PackFile="pin/hddj/hddj_10_pin.lua" />
        <File Name="hddj_10_0022" Path="hddj_10_0022.png" PackFile="pin/hddj/hddj_10_pin.lua" />
        <File Name="hddj_10_0023" Path="hddj_10_0023.png" PackFile="pin/hddj/hddj_10_pin.lua" />
        <File Name="hddj_10_0024" Path="hddj_10_0024.png" PackFile="pin/hddj/hddj_10_pin.lua" />
        <File Name="hddj_10_0025" Path="hddj_10_0025.png" PackFile="pin/hddj/hddj_10_pin.lua" />
        <File Name="hddj_10_0026" Path="hddj_10_0026.png" PackFile="pin/hddj/hddj_10_pin.lua" />
        <File Name="hddj_10_0027" Path="hddj_10_0027.png" PackFile="pin/hddj/hddj_10_pin.lua" />
        <File Name="hddj_10_0028" Path="hddj_10_0028.png" PackFile="pin/hddj/hddj_10_pin.lua" />
        <File Name="hddj_10_0029" Path="hddj_10_0029.png" PackFile="pin/hddj/hddj_10_pin.lua" />
        <File Name="hddj_10_0030" Path="hddj_10_0030.png" PackFile="pin/hddj/hddj_10_pin.lua" />
        <File Name="hddj_10_0031" Path="hddj_10_0031.png" PackFile="pin/hddj/hddj_10_pin.lua" />
        <File Name="hddj_10_0032" Path="hddj_10_0032.png" PackFile="pin/hddj/hddj_10_pin.lua" />
        <File Name="hddj_10_0033" Path="hddj_10_0033.png" PackFile="pin/hddj/hddj_10_pin.lua" />
        <File Name="hddj_10_0034" Path="hddj_10_0034.png" PackFile="pin/hddj/hddj_10_pin.lua" />
        <File Name="hddj_10_0035" Path="hddj_10_0035.png" PackFile="pin/hddj/hddj_10_pin.lua" />
        <File Name="hddj_10_0036" Path="hddj_10_0036.png" PackFile="pin/hddj/hddj_10_pin.lua" />
      </Files>
    </Images>
  </Resources>
  <Animations>
    <Frame ResourceId="1" StartTime="0" AnimType="Normal" Duration="2000" StartValue="0" StopValue="0" Period="0.3" EaseType="Nil" Num="36" />
  </Animations>
</AnimationDefine>