﻿<?xml version="1.0" encoding="utf-8"?>
<AnimationDefine>
  <Resources>
    <Images Id="1" Name="group" X="0" Y="0" Width="0" Height="0" XYScale="false" Visible="true" Time="0">
      <Files>
        <File Name="hddj_13_0001" Path="hddj_13_0001.png" PackFile="pin/hddj/hddj_13_pin.lua" />
        <File Name="hddj_13_0002" Path="hddj_13_0002.png" PackFile="pin/hddj/hddj_13_pin.lua" />
        <File Name="hddj_13_0003" Path="hddj_13_0003.png" PackFile="pin/hddj/hddj_13_pin.lua" />
        <File Name="hddj_13_0004" Path="hddj_13_0004.png" PackFile="pin/hddj/hddj_13_pin.lua" />
        <File Name="hddj_13_0005" Path="hddj_13_0005.png" PackFile="pin/hddj/hddj_13_pin.lua" />
        <File Name="hddj_13_0006" Path="hddj_13_0006.png" PackFile="pin/hddj/hddj_13_pin.lua" />
        <File Name="hddj_13_0007" Path="hddj_13_0007.png" PackFile="pin/hddj/hddj_13_pin.lua" />
        <File Name="hddj_13_0008" Path="hddj_13_0008.png" PackFile="pin/hddj/hddj_13_pin.lua" />
        <File Name="hddj_13_0009" Path="hddj_13_0009.png" PackFile="pin/hddj/hddj_13_pin.lua" />
        <File Name="hddj_13_0010" Path="hddj_13_0010.png" PackFile="pin/hddj/hddj_13_pin.lua" />
        <File Name="hddj_13_0011" Path="hddj_13_0011.png" PackFile="pin/hddj/hddj_13_pin.lua" />
        <File Name="hddj_13_0012" Path="hddj_13_0012.png" PackFile="pin/hddj/hddj_13_pin.lua" />
        <File Name="hddj_13_0013" Path="hddj_13_0013.png" PackFile="pin/hddj/hddj_13_pin.lua" />
        <File Name="hddj_13_0014" Path="hddj_13_0014.png" PackFile="pin/hddj/hddj_13_pin.lua" />
        <File Name="hddj_13_0015" Path="hddj_13_0015.png" PackFile="pin/hddj/hddj_13_pin.lua" />
        <File Name="hddj_13_0016" Path="hddj_13_0016.png" PackFile="pin/hddj/hddj_13_pin.lua" />
        <File Name="hddj_13_0017" Path="hddj_13_0017.png" PackFile="pin/hddj/hddj_13_pin.lua" />
        <File Name="hddj_13_0018" Path="hddj_13_0018.png" PackFile="pin/hddj/hddj_13_pin.lua" />
        <File Name="hddj_13_0019" Path="hddj_13_0019.png" PackFile="pin/hddj/hddj_13_pin.lua" />
        <File Name="hddj_13_0020" Path="hddj_13_0020.png" PackFile="pin/hddj/hddj_13_pin.lua" />
        <File Name="hddj_13_0021" Path="hddj_13_0021.png" PackFile="pin/hddj/hddj_13_pin.lua" />
        <File Name="hddj_13_0022" Path="hddj_13_0022.png" PackFile="pin/hddj/hddj_13_pin.lua" />
        <File Name="hddj_13_0023" Path="hddj_13_0023.png" PackFile="pin/hddj/hddj_13_pin.lua" />
        <File Name="hddj_13_0024" Path="hddj_13_0024.png" PackFile="pin/hddj/hddj_13_pin.lua" />
        <File Name="hddj_13_0025" Path="hddj_13_0025.png" PackFile="pin/hddj/hddj_13_pin.lua" />
        <File Name="hddj_13_0026" Path="hddj_13_0026.png" PackFile="pin/hddj/hddj_13_pin.lua" />
        <File Name="hddj_13_0027" Path="hddj_13_0027.png" PackFile="pin/hddj/hddj_13_pin.lua" />
        <File Name="hddj_13_0028" Path="hddj_13_0028.png" PackFile="pin/hddj/hddj_13_pin.lua" />
        <File Name="hddj_13_0029" Path="hddj_13_0029.png" PackFile="pin/hddj/hddj_13_pin.lua" />
        <File Name="hddj_13_0030" Path="hddj_13_0030.png" PackFile="pin/hddj/hddj_13_pin.lua" />
        <File Name="hddj_13_0031" Path="hddj_13_0031.png" PackFile="pin/hddj/hddj_13_pin.lua" />
        <File Name="hddj_13_0032" Path="hddj_13_0032.png" PackFile="pin/hddj/hddj_13_pin.lua" />
        <File Name="hddj_13_0033" Path="hddj_13_0033.png" PackFile="pin/hddj/hddj_13_pin.lua" />
        <File Name="hddj_13_0034" Path="hddj_13_0034.png" PackFile="pin/hddj/hddj_13_pin.lua" />
        <File Name="hddj_13_0035" Path="hddj_13_0035.png" PackFile="pin/hddj/hddj_13_pin.lua" />
        <File Name="hddj_13_0036" Path="hddj_13_0036.png" PackFile="pin/hddj/hddj_13_pin.lua" />
        <File Name="hddj_13_0037" Path="hddj_13_0037.png" PackFile="pin/hddj/hddj_13_pin.lua" />
        <File Name="hddj_13_0038" Path="hddj_13_0038.png" PackFile="pin/hddj/hddj_13_pin.lua" />
        <File Name="hddj_13_0039" Path="hddj_13_0039.png" PackFile="pin/hddj/hddj_13_pin.lua" />
        <File Name="hddj_13_0040" Path="hddj_13_0040.png" PackFile="pin/hddj/hddj_13_pin.lua" />
        <File Name="hddj_13_0041" Path="hddj_13_0041.png" PackFile="pin/hddj/hddj_13_pin.lua" />
        <File Name="hddj_13_0042" Path="hddj_13_0042.png" PackFile="pin/hddj/hddj_13_pin.lua" />
        <File Name="hddj_13_0043" Path="hddj_13_0043.png" PackFile="pin/hddj/hddj_13_pin.lua" />
        <File Name="hddj_13_0044" Path="hddj_13_0044.png" PackFile="pin/hddj/hddj_13_pin.lua" />
        <File Name="hddj_13_0045" Path="hddj_13_0045.png" PackFile="pin/hddj/hddj_13_pin.lua" />
        <File Name="hddj_13_0046" Path="hddj_13_0046.png" PackFile="pin/hddj/hddj_13_pin.lua" />
        <File Name="hddj_13_0047" Path="hddj_13_0047.png" PackFile="pin/hddj/hddj_13_pin.lua" />
        <File Name="hddj_13_0048" Path="hddj_13_0048.png" PackFile="pin/hddj/hddj_13_pin.lua" />
        <File Name="hddj_13_0049" Path="hddj_13_0049.png" PackFile="pin/hddj/hddj_13_pin.lua" />
        <File Name="hddj_13_0050" Path="hddj_13_0050.png" PackFile="pin/hddj/hddj_13_pin.lua" />
        <File Name="hddj_13_0051" Path="hddj_13_0051.png" PackFile="pin/hddj/hddj_13_pin.lua" />
        <File Name="hddj_13_0052" Path="hddj_13_0052.png" PackFile="pin/hddj/hddj_13_pin.lua" />
        <File Name="hddj_13_0053" Path="hddj_13_0053.png" PackFile="pin/hddj/hddj_13_pin.lua" />
        <File Name="hddj_13_0054" Path="hddj_13_0054.png" PackFile="pin/hddj/hddj_13_pin.lua" />
        <File Name="hddj_13_0055" Path="hddj_13_0055.png" PackFile="pin/hddj/hddj_13_pin.lua" />
        <File Name="hddj_13_0056" Path="hddj_13_0056.png" PackFile="pin/hddj/hddj_13_pin.lua" />
        <File Name="hddj_13_0057" Path="hddj_13_0057.png" PackFile="pin/hddj/hddj_13_pin.lua" />
        <File Name="hddj_13_0058" Path="hddj_13_0058.png" PackFile="pin/hddj/hddj_13_pin.lua" />
        <File Name="hddj_13_0059" Path="hddj_13_0059.png" PackFile="pin/hddj/hddj_13_pin.lua" />
        <File Name="hddj_13_0060" Path="hddj_13_0060.png" PackFile="pin/hddj/hddj_13_pin.lua" />
        <File Name="hddj_13_0061" Path="hddj_13_0061.png" PackFile="pin/hddj/hddj_13_pin.lua" />
        <File Name="hddj_13_0062" Path="hddj_13_0062.png" PackFile="pin/hddj/hddj_13_pin.lua" />
        <File Name="hddj_13_0063" Path="hddj_13_0063.png" PackFile="pin/hddj/hddj_13_pin.lua" />
        <File Name="hddj_13_0064" Path="hddj_13_0064.png" PackFile="pin/hddj/hddj_13_pin.lua" />
        <File Name="hddj_13_0065" Path="hddj_13_0065.png" PackFile="pin/hddj/hddj_13_pin.lua" />
        <File Name="hddj_13_0066" Path="hddj_13_0066.png" PackFile="pin/hddj/hddj_13_pin.lua" />
        <File Name="hddj_13_0067" Path="hddj_13_0067.png" PackFile="pin/hddj/hddj_13_pin.lua" />
        <File Name="hddj_13_0068" Path="hddj_13_0068.png" PackFile="pin/hddj/hddj_13_pin.lua" />
        <File Name="hddj_13_0069" Path="hddj_13_0069.png" PackFile="pin/hddj/hddj_13_pin.lua" />
        <File Name="hddj_13_0070" Path="hddj_13_0070.png" PackFile="pin/hddj/hddj_13_pin.lua" />
        <File Name="hddj_13_0071" Path="hddj_13_0071.png" PackFile="pin/hddj/hddj_13_pin.lua" />
        <File Name="hddj_13_0072" Path="hddj_13_0072.png" PackFile="pin/hddj/hddj_13_pin.lua" />
        <File Name="hddj_13_0073" Path="hddj_13_0073.png" PackFile="pin/hddj/hddj_13_pin.lua" />
        <File Name="hddj_13_0074" Path="hddj_13_0074.png" PackFile="pin/hddj/hddj_13_pin.lua" />
        <File Name="hddj_13_0075" Path="hddj_13_0075.png" PackFile="pin/hddj/hddj_13_pin.lua" />
        <File Name="hddj_13_0076" Path="hddj_13_0076.png" PackFile="pin/hddj/hddj_13_pin.lua" />
        <File Name="hddj_13_0077" Path="hddj_13_0077.png" PackFile="pin/hddj/hddj_13_pin.lua" />
        <File Name="hddj_13_0078" Path="hddj_13_0078.png" PackFile="pin/hddj/hddj_13_pin.lua" />
        <File Name="hddj_13_0079" Path="hddj_13_0079.png" PackFile="pin/hddj/hddj_13_pin.lua" />
        <File Name="hddj_13_0080" Path="hddj_13_0080.png" PackFile="pin/hddj/hddj_13_pin.lua" />
        <File Name="hddj_13_0081" Path="hddj_13_0081.png" PackFile="pin/hddj/hddj_13_pin.lua" />
      </Files>
    </Images>
  </Resources>
  <Animations>
    <Frame ResourceId="1" StartTime="0" AnimType="Normal" Duration="2000" StartValue="0" StopValue="0" Period="0.3" EaseType="Nil" Num="81" />
  </Animations>
</AnimationDefine>