﻿<?xml version="1.0" encoding="utf-8"?>
<AnimationDefine>
  <Resources>
    <Images Id="1" Name="group" X="0" Y="0" Width="0" Height="0" XYScale="false" Visible="true" Time="0">
      <Files>
        <File Name="hddj_7_0001" Path="hddj_7_0001.png" PackFile="pin/hddj/hddj_7_pin.lua" />
        <File Name="hddj_7_0002" Path="hddj_7_0002.png" PackFile="pin/hddj/hddj_7_pin.lua" />
        <File Name="hddj_7_0003" Path="hddj_7_0003.png" PackFile="pin/hddj/hddj_7_pin.lua" />
        <File Name="hddj_7_0004" Path="hddj_7_0004.png" PackFile="pin/hddj/hddj_7_pin.lua" />
        <File Name="hddj_7_0005" Path="hddj_7_0005.png" PackFile="pin/hddj/hddj_7_pin.lua" />
        <File Name="hddj_7_0006" Path="hddj_7_0006.png" PackFile="pin/hddj/hddj_7_pin.lua" />
        <File Name="hddj_7_0007" Path="hddj_7_0007.png" PackFile="pin/hddj/hddj_7_pin.lua" />
        <File Name="hddj_7_0008" Path="hddj_7_0008.png" PackFile="pin/hddj/hddj_7_pin.lua" />
        <File Name="hddj_7_0009" Path="hddj_7_0009.png" PackFile="pin/hddj/hddj_7_pin.lua" />
        <File Name="hddj_7_0010" Path="hddj_7_0010.png" PackFile="pin/hddj/hddj_7_pin.lua" />
        <File Name="hddj_7_0011" Path="hddj_7_0011.png" PackFile="pin/hddj/hddj_7_pin.lua" />
        <File Name="hddj_7_0012" Path="hddj_7_0012.png" PackFile="pin/hddj/hddj_7_pin.lua" />
        <File Name="hddj_7_0013" Path="hddj_7_0013.png" PackFile="pin/hddj/hddj_7_pin.lua" />
        <File Name="hddj_7_0014" Path="hddj_7_0014.png" PackFile="pin/hddj/hddj_7_pin.lua" />
        <File Name="hddj_7_0015" Path="hddj_7_0015.png" PackFile="pin/hddj/hddj_7_pin.lua" />
        <File Name="hddj_7_0016" Path="hddj_7_0016.png" PackFile="pin/hddj/hddj_7_pin.lua" />
        <File Name="hddj_7_0017" Path="hddj_7_0017.png" PackFile="pin/hddj/hddj_7_pin.lua" />
        <File Name="hddj_7_0018" Path="hddj_7_0018.png" PackFile="pin/hddj/hddj_7_pin.lua" />
        <File Name="hddj_7_0019" Path="hddj_7_0019.png" PackFile="pin/hddj/hddj_7_pin.lua" />
        <File Name="hddj_7_0020" Path="hddj_7_0020.png" PackFile="pin/hddj/hddj_7_pin.lua" />
        <File Name="hddj_7_0021" Path="hddj_7_0021.png" PackFile="pin/hddj/hddj_7_pin.lua" />
        <File Name="hddj_7_0022" Path="hddj_7_0022.png" PackFile="pin/hddj/hddj_7_pin.lua" />
        <File Name="hddj_7_0023" Path="hddj_7_0023.png" PackFile="pin/hddj/hddj_7_pin.lua" />
        <File Name="hddj_7_0024" Path="hddj_7_0024.png" PackFile="pin/hddj/hddj_7_pin.lua" />
        <File Name="hddj_7_0025" Path="hddj_7_0025.png" PackFile="pin/hddj/hddj_7_pin.lua" />
        <File Name="hddj_7_0026" Path="hddj_7_0026.png" PackFile="pin/hddj/hddj_7_pin.lua" />
        <File Name="hddj_7_0027" Path="hddj_7_0027.png" PackFile="pin/hddj/hddj_7_pin.lua" />
        <File Name="hddj_7_0028" Path="hddj_7_0028.png" PackFile="pin/hddj/hddj_7_pin.lua" />
        <File Name="hddj_7_0029" Path="hddj_7_0029.png" PackFile="pin/hddj/hddj_7_pin.lua" />
        <File Name="hddj_7_0030" Path="hddj_7_0030.png" PackFile="pin/hddj/hddj_7_pin.lua" />
        <File Name="hddj_7_0031" Path="hddj_7_0031.png" PackFile="pin/hddj/hddj_7_pin.lua" />
        <File Name="hddj_7_0032" Path="hddj_7_0032.png" PackFile="pin/hddj/hddj_7_pin.lua" />
        <File Name="hddj_7_0033" Path="hddj_7_0033.png" PackFile="pin/hddj/hddj_7_pin.lua" />
        <File Name="hddj_7_0034" Path="hddj_7_0034.png" PackFile="pin/hddj/hddj_7_pin.lua" />
        <File Name="hddj_7_0035" Path="hddj_7_0035.png" PackFile="pin/hddj/hddj_7_pin.lua" />
        <File Name="hddj_7_0036" Path="hddj_7_0036.png" PackFile="pin/hddj/hddj_7_pin.lua" />
        <File Name="hddj_7_0037" Path="hddj_7_0037.png" PackFile="pin/hddj/hddj_7_pin.lua" />
        <File Name="hddj_7_0038" Path="hddj_7_0038.png" PackFile="pin/hddj/hddj_7_pin.lua" />
        <File Name="hddj_7_0039" Path="hddj_7_0039.png" PackFile="pin/hddj/hddj_7_pin.lua" />
        <File Name="hddj_7_0040" Path="hddj_7_0040.png" PackFile="pin/hddj/hddj_7_pin.lua" />
        <File Name="hddj_7_0041" Path="hddj_7_0041.png" PackFile="pin/hddj/hddj_7_pin.lua" />
        <File Name="hddj_7_0042" Path="hddj_7_0042.png" PackFile="pin/hddj/hddj_7_pin.lua" />
        <File Name="hddj_7_0043" Path="hddj_7_0043.png" PackFile="pin/hddj/hddj_7_pin.lua" />
        <File Name="hddj_7_0044" Path="hddj_7_0044.png" PackFile="pin/hddj/hddj_7_pin.lua" />
        <File Name="hddj_7_0045" Path="hddj_7_0045.png" PackFile="pin/hddj/hddj_7_pin.lua" />
        <File Name="hddj_7_0046" Path="hddj_7_0046.png" PackFile="pin/hddj/hddj_7_pin.lua" />
        <File Name="hddj_7_0047" Path="hddj_7_0047.png" PackFile="pin/hddj/hddj_7_pin.lua" />
        <File Name="hddj_7_0048" Path="hddj_7_0048.png" PackFile="pin/hddj/hddj_7_pin.lua" />
        <File Name="hddj_7_0049" Path="hddj_7_0049.png" PackFile="pin/hddj/hddj_7_pin.lua" />
        <File Name="hddj_7_0050" Path="hddj_7_0050.png" PackFile="pin/hddj/hddj_7_pin.lua" />
        <File Name="hddj_7_0051" Path="hddj_7_0051.png" PackFile="pin/hddj/hddj_7_pin.lua" />
        <File Name="hddj_7_0052" Path="hddj_7_0052.png" PackFile="pin/hddj/hddj_7_pin.lua" />
        <File Name="hddj_7_0053" Path="hddj_7_0053.png" PackFile="pin/hddj/hddj_7_pin.lua" />
        <File Name="hddj_7_0054" Path="hddj_7_0054.png" PackFile="pin/hddj/hddj_7_pin.lua" />
        <File Name="hddj_7_0055" Path="hddj_7_0055.png" PackFile="pin/hddj/hddj_7_pin.lua" />
        <File Name="hddj_7_0056" Path="hddj_7_0056.png" PackFile="pin/hddj/hddj_7_pin.lua" />
        <File Name="hddj_7_0057" Path="hddj_7_0057.png" PackFile="pin/hddj/hddj_7_pin.lua" />
        <File Name="hddj_7_0058" Path="hddj_7_0058.png" PackFile="pin/hddj/hddj_7_pin.lua" />
        <File Name="hddj_7_0059" Path="hddj_7_0059.png" PackFile="pin/hddj/hddj_7_pin.lua" />
        <File Name="hddj_7_0060" Path="hddj_7_0060.png" PackFile="pin/hddj/hddj_7_pin.lua" />
        <File Name="hddj_7_0061" Path="hddj_7_0061.png" PackFile="pin/hddj/hddj_7_pin.lua" />
        <File Name="hddj_7_0062" Path="hddj_7_0062.png" PackFile="pin/hddj/hddj_7_pin.lua" />
        <File Name="hddj_7_0063" Path="hddj_7_0063.png" PackFile="pin/hddj/hddj_7_pin.lua" />
        <File Name="hddj_7_0064" Path="hddj_7_0064.png" PackFile="pin/hddj/hddj_7_pin.lua" />
        <File Name="hddj_7_0065" Path="hddj_7_0065.png" PackFile="pin/hddj/hddj_7_pin.lua" />
        <File Name="hddj_7_0066" Path="hddj_7_0066.png" PackFile="pin/hddj/hddj_7_pin.lua" />
        <File Name="hddj_7_0067" Path="hddj_7_0067.png" PackFile="pin/hddj/hddj_7_pin.lua" />
        <File Name="hddj_7_0068" Path="hddj_7_0068.png" PackFile="pin/hddj/hddj_7_pin.lua" />
        <File Name="hddj_7_0069" Path="hddj_7_0069.png" PackFile="pin/hddj/hddj_7_pin.lua" />
        <File Name="hddj_7_0070" Path="hddj_7_0070.png" PackFile="pin/hddj/hddj_7_pin.lua" />
        <File Name="hddj_7_0071" Path="hddj_7_0071.png" PackFile="pin/hddj/hddj_7_pin.lua" />
        <File Name="hddj_7_0072" Path="hddj_7_0072.png" PackFile="pin/hddj/hddj_7_pin.lua" />
        <File Name="hddj_7_0073" Path="hddj_7_0073.png" PackFile="pin/hddj/hddj_7_pin.lua" />
        <File Name="hddj_7_0074" Path="hddj_7_0074.png" PackFile="pin/hddj/hddj_7_pin.lua" />
        <File Name="hddj_7_0075" Path="hddj_7_0075.png" PackFile="pin/hddj/hddj_7_pin.lua" />
        <File Name="hddj_7_0076" Path="hddj_7_0076.png" PackFile="pin/hddj/hddj_7_pin.lua" />
        <File Name="hddj_7_0077" Path="hddj_7_0077.png" PackFile="pin/hddj/hddj_7_pin.lua" />
        <File Name="hddj_7_0078" Path="hddj_7_0078.png" PackFile="pin/hddj/hddj_7_pin.lua" />
        <File Name="hddj_7_0079" Path="hddj_7_0079.png" PackFile="pin/hddj/hddj_7_pin.lua" />
        <File Name="hddj_7_0080" Path="hddj_7_0080.png" PackFile="pin/hddj/hddj_7_pin.lua" />
        <File Name="hddj_7_0081" Path="hddj_7_0081.png" PackFile="pin/hddj/hddj_7_pin.lua" />
        <File Name="hddj_7_0082" Path="hddj_7_0082.png" PackFile="pin/hddj/hddj_7_pin.lua" />
        <File Name="hddj_7_0083" Path="hddj_7_0083.png" PackFile="pin/hddj/hddj_7_pin.lua" />
        <File Name="hddj_7_0084" Path="hddj_7_0084.png" PackFile="pin/hddj/hddj_7_pin.lua" />
        <File Name="hddj_7_0085" Path="hddj_7_0085.png" PackFile="pin/hddj/hddj_7_pin.lua" />
        <File Name="hddj_7_0086" Path="hddj_7_0086.png" PackFile="pin/hddj/hddj_7_pin.lua" />
        <File Name="hddj_7_0087" Path="hddj_7_0087.png" PackFile="pin/hddj/hddj_7_pin.lua" />
        <File Name="hddj_7_0088" Path="hddj_7_0088.png" PackFile="pin/hddj/hddj_7_pin.lua" />
        <File Name="hddj_7_0089" Path="hddj_7_0089.png" PackFile="pin/hddj/hddj_7_pin.lua" />
        <File Name="hddj_7_0090" Path="hddj_7_0090.png" PackFile="pin/hddj/hddj_7_pin.lua" />
        <File Name="hddj_7_0091" Path="hddj_7_0091.png" PackFile="pin/hddj/hddj_7_pin.lua" />
        <File Name="hddj_7_0092" Path="hddj_7_0092.png" PackFile="pin/hddj/hddj_7_pin.lua" />
        <File Name="hddj_7_0093" Path="hddj_7_0093.png" PackFile="pin/hddj/hddj_7_pin.lua" />
        <File Name="hddj_7_0094" Path="hddj_7_0094.png" PackFile="pin/hddj/hddj_7_pin.lua" />
      </Files>
    </Images>
  </Resources>
  <Animations>
    <Frame ResourceId="1" StartTime="0" AnimType="Normal" Duration="2000" StartValue="0" StopValue="0" Period="0.3" EaseType="Nil" Num="94" />
  </Animations>
</AnimationDefine>