﻿<?xml version="1.0" encoding="utf-8"?>
<AnimationDefine>
  <Resources>
    <Images Id="1" Name="group" X="0" Y="0" Width="0" Height="0" XYScale="false" Visible="true" Time="0">
      <Files>
        <File Name="hddj_8_0001" Path="hddj_8_0001.png" PackFile="pin/hddj/hddj_8_pin.lua" />
        <File Name="hddj_8_0002" Path="hddj_8_0002.png" PackFile="pin/hddj/hddj_8_pin.lua" />
        <File Name="hddj_8_0003" Path="hddj_8_0003.png" PackFile="pin/hddj/hddj_8_pin.lua" />
        <File Name="hddj_8_0004" Path="hddj_8_0004.png" PackFile="pin/hddj/hddj_8_pin.lua" />
        <File Name="hddj_8_0005" Path="hddj_8_0005.png" PackFile="pin/hddj/hddj_8_pin.lua" />
        <File Name="hddj_8_0006" Path="hddj_8_0006.png" PackFile="pin/hddj/hddj_8_pin.lua" />
        <File Name="hddj_8_0007" Path="hddj_8_0007.png" PackFile="pin/hddj/hddj_8_pin.lua" />
        <File Name="hddj_8_0008" Path="hddj_8_0008.png" PackFile="pin/hddj/hddj_8_pin.lua" />
        <File Name="hddj_8_0009" Path="hddj_8_0009.png" PackFile="pin/hddj/hddj_8_pin.lua" />
        <File Name="hddj_8_0010" Path="hddj_8_0010.png" PackFile="pin/hddj/hddj_8_pin.lua" />
        <File Name="hddj_8_0011" Path="hddj_8_0011.png" PackFile="pin/hddj/hddj_8_pin.lua" />
        <File Name="hddj_8_0012" Path="hddj_8_0012.png" PackFile="pin/hddj/hddj_8_pin.lua" />
        <File Name="hddj_8_0013" Path="hddj_8_0013.png" PackFile="pin/hddj/hddj_8_pin.lua" />
        <File Name="hddj_8_0014" Path="hddj_8_0014.png" PackFile="pin/hddj/hddj_8_pin.lua" />
        <File Name="hddj_8_0015" Path="hddj_8_0015.png" PackFile="pin/hddj/hddj_8_pin.lua" />
        <File Name="hddj_8_0016" Path="hddj_8_0016.png" PackFile="pin/hddj/hddj_8_pin.lua" />
        <File Name="hddj_8_0017" Path="hddj_8_0017.png" PackFile="pin/hddj/hddj_8_pin.lua" />
        <File Name="hddj_8_0018" Path="hddj_8_0018.png" PackFile="pin/hddj/hddj_8_pin.lua" />
        <File Name="hddj_8_0019" Path="hddj_8_0019.png" PackFile="pin/hddj/hddj_8_pin.lua" />
        <File Name="hddj_8_0020" Path="hddj_8_0020.png" PackFile="pin/hddj/hddj_8_pin.lua" />
        <File Name="hddj_8_0021" Path="hddj_8_0021.png" PackFile="pin/hddj/hddj_8_pin.lua" />
        <File Name="hddj_8_0022" Path="hddj_8_0022.png" PackFile="pin/hddj/hddj_8_pin.lua" />
        <File Name="hddj_8_0023" Path="hddj_8_0023.png" PackFile="pin/hddj/hddj_8_pin.lua" />
        <File Name="hddj_8_0024" Path="hddj_8_0024.png" PackFile="pin/hddj/hddj_8_pin.lua" />
        <File Name="hddj_8_0025" Path="hddj_8_0025.png" PackFile="pin/hddj/hddj_8_pin.lua" />
        <File Name="hddj_8_0026" Path="hddj_8_0026.png" PackFile="pin/hddj/hddj_8_pin.lua" />
        <File Name="hddj_8_0027" Path="hddj_8_0027.png" PackFile="pin/hddj/hddj_8_pin.lua" />
        <File Name="hddj_8_0028" Path="hddj_8_0028.png" PackFile="pin/hddj/hddj_8_pin.lua" />
        <File Name="hddj_8_0029" Path="hddj_8_0029.png" PackFile="pin/hddj/hddj_8_pin.lua" />
        <File Name="hddj_8_0030" Path="hddj_8_0030.png" PackFile="pin/hddj/hddj_8_pin.lua" />
        <File Name="hddj_8_0031" Path="hddj_8_0031.png" PackFile="pin/hddj/hddj_8_pin.lua" />
        <File Name="hddj_8_0032" Path="hddj_8_0032.png" PackFile="pin/hddj/hddj_8_pin.lua" />
        <File Name="hddj_8_0033" Path="hddj_8_0033.png" PackFile="pin/hddj/hddj_8_pin.lua" />
        <File Name="hddj_8_0034" Path="hddj_8_0034.png" PackFile="pin/hddj/hddj_8_pin.lua" />
        <File Name="hddj_8_0035" Path="hddj_8_0035.png" PackFile="pin/hddj/hddj_8_pin.lua" />
        <File Name="hddj_8_0036" Path="hddj_8_0036.png" PackFile="pin/hddj/hddj_8_pin.lua" />
        <File Name="hddj_8_0037" Path="hddj_8_0037.png" PackFile="pin/hddj/hddj_8_pin.lua" />
        <File Name="hddj_8_0038" Path="hddj_8_0038.png" PackFile="pin/hddj/hddj_8_pin.lua" />
        <File Name="hddj_8_0039" Path="hddj_8_0039.png" PackFile="pin/hddj/hddj_8_pin.lua" />
        <File Name="hddj_8_0040" Path="hddj_8_0040.png" PackFile="pin/hddj/hddj_8_pin.lua" />
        <File Name="hddj_8_0041" Path="hddj_8_0041.png" PackFile="pin/hddj/hddj_8_pin.lua" />
        <File Name="hddj_8_0042" Path="hddj_8_0042.png" PackFile="pin/hddj/hddj_8_pin.lua" />
        <File Name="hddj_8_0043" Path="hddj_8_0043.png" PackFile="pin/hddj/hddj_8_pin.lua" />
        <File Name="hddj_8_0044" Path="hddj_8_0044.png" PackFile="pin/hddj/hddj_8_pin.lua" />
        <File Name="hddj_8_0045" Path="hddj_8_0045.png" PackFile="pin/hddj/hddj_8_pin.lua" />
        <File Name="hddj_8_0046" Path="hddj_8_0046.png" PackFile="pin/hddj/hddj_8_pin.lua" />
        <File Name="hddj_8_0047" Path="hddj_8_0047.png" PackFile="pin/hddj/hddj_8_pin.lua" />
        <File Name="hddj_8_0048" Path="hddj_8_0048.png" PackFile="pin/hddj/hddj_8_pin.lua" />
        <File Name="hddj_8_0049" Path="hddj_8_0049.png" PackFile="pin/hddj/hddj_8_pin.lua" />
        <File Name="hddj_8_0050" Path="hddj_8_0050.png" PackFile="pin/hddj/hddj_8_pin.lua" />
        <File Name="hddj_8_0051" Path="hddj_8_0051.png" PackFile="pin/hddj/hddj_8_pin.lua" />
        <File Name="hddj_8_0052" Path="hddj_8_0052.png" PackFile="pin/hddj/hddj_8_pin.lua" />
        <File Name="hddj_8_0053" Path="hddj_8_0053.png" PackFile="pin/hddj/hddj_8_pin.lua" />
        <File Name="hddj_8_0054" Path="hddj_8_0054.png" PackFile="pin/hddj/hddj_8_pin.lua" />
        <File Name="hddj_8_0055" Path="hddj_8_0055.png" PackFile="pin/hddj/hddj_8_pin.lua" />
        <File Name="hddj_8_0056" Path="hddj_8_0056.png" PackFile="pin/hddj/hddj_8_pin.lua" />
        <File Name="hddj_8_0057" Path="hddj_8_0057.png" PackFile="pin/hddj/hddj_8_pin.lua" />
        <File Name="hddj_8_0058" Path="hddj_8_0058.png" PackFile="pin/hddj/hddj_8_pin.lua" />
        <File Name="hddj_8_0059" Path="hddj_8_0059.png" PackFile="pin/hddj/hddj_8_pin.lua" />
        <File Name="hddj_8_0060" Path="hddj_8_0060.png" PackFile="pin/hddj/hddj_8_pin.lua" />
        <File Name="hddj_8_0061" Path="hddj_8_0061.png" PackFile="pin/hddj/hddj_8_pin.lua" />
        <File Name="hddj_8_0062" Path="hddj_8_0062.png" PackFile="pin/hddj/hddj_8_pin.lua" />
        <File Name="hddj_8_0063" Path="hddj_8_0063.png" PackFile="pin/hddj/hddj_8_pin.lua" />
        <File Name="hddj_8_0064" Path="hddj_8_0064.png" PackFile="pin/hddj/hddj_8_pin.lua" />
        <File Name="hddj_8_0065" Path="hddj_8_0065.png" PackFile="pin/hddj/hddj_8_pin.lua" />
        <File Name="hddj_8_0066" Path="hddj_8_0066.png" PackFile="pin/hddj/hddj_8_pin.lua" />
      </Files>
    </Images>
  </Resources>
  <Animations>
    <Frame ResourceId="1" StartTime="0" AnimType="Normal" Duration="2000" StartValue="0" StopValue="0" Period="0.3" EaseType="Nil" Num="66" />
  </Animations>
</AnimationDefine>