﻿<?xml version="1.0" encoding="utf-8"?>
<AnimationDefine>
  <Resources>
    <Images Id="6" Name="group" X="0" Y="0" Width="0" Height="0" XYScale="false" Visible="true" Time="0">
      <Files>
        <File Name="hddj_1_0001" Path="hddj_1_0001.png" PackFile="pin/hddj/hddj_1_pin.lua" />
        <File Name="hddj_1_0002" Path="hddj_1_0002.png" PackFile="pin/hddj/hddj_1_pin.lua" />
        <File Name="hddj_1_0003" Path="hddj_1_0003.png" PackFile="pin/hddj/hddj_1_pin.lua" />
        <File Name="hddj_1_0004" Path="hddj_1_0004.png" PackFile="pin/hddj/hddj_1_pin.lua" />
        <File Name="hddj_1_0005" Path="hddj_1_0005.png" PackFile="pin/hddj/hddj_1_pin.lua" />
        <File Name="hddj_1_0006" Path="hddj_1_0006.png" PackFile="pin/hddj/hddj_1_pin.lua" />
        <File Name="hddj_1_0007" Path="hddj_1_0007.png" PackFile="pin/hddj/hddj_1_pin.lua" />
        <File Name="hddj_1_0008" Path="hddj_1_0008.png" PackFile="pin/hddj/hddj_1_pin.lua" />
        <File Name="hddj_1_0009" Path="hddj_1_0009.png" PackFile="pin/hddj/hddj_1_pin.lua" />
        <File Name="hddj_1_0010" Path="hddj_1_0010.png" PackFile="pin/hddj/hddj_1_pin.lua" />
        <File Name="hddj_1_0011" Path="hddj_1_0011.png" PackFile="pin/hddj/hddj_1_pin.lua" />
        <File Name="hddj_1_0012" Path="hddj_1_0012.png" PackFile="pin/hddj/hddj_1_pin.lua" />
        <File Name="hddj_1_0013" Path="hddj_1_0013.png" PackFile="pin/hddj/hddj_1_pin.lua" />
        <File Name="hddj_1_0014" Path="hddj_1_0014.png" PackFile="pin/hddj/hddj_1_pin.lua" />
        <File Name="hddj_1_0015" Path="hddj_1_0015.png" PackFile="pin/hddj/hddj_1_pin.lua" />
        <File Name="hddj_1_0016" Path="hddj_1_0016.png" PackFile="pin/hddj/hddj_1_pin.lua" />
        <File Name="hddj_1_0017" Path="hddj_1_0017.png" PackFile="pin/hddj/hddj_1_pin.lua" />
        <File Name="hddj_1_0018" Path="hddj_1_0018.png" PackFile="pin/hddj/hddj_1_pin.lua" />
        <File Name="hddj_1_0019" Path="hddj_1_0019.png" PackFile="pin/hddj/hddj_1_pin.lua" />
        <File Name="hddj_1_0020" Path="hddj_1_0020.png" PackFile="pin/hddj/hddj_1_pin.lua" />
        <File Name="hddj_1_0021" Path="hddj_1_0021.png" PackFile="pin/hddj/hddj_1_pin.lua" />
        <File Name="hddj_1_0022" Path="hddj_1_0022.png" PackFile="pin/hddj/hddj_1_pin.lua" />
        <File Name="hddj_1_0023" Path="hddj_1_0023.png" PackFile="pin/hddj/hddj_1_pin.lua" />
        <File Name="hddj_1_0024" Path="hddj_1_0024.png" PackFile="pin/hddj/hddj_1_pin.lua" />
        <File Name="hddj_1_0025" Path="hddj_1_0025.png" PackFile="pin/hddj/hddj_1_pin.lua" />
        <File Name="hddj_1_0026" Path="hddj_1_0026.png" PackFile="pin/hddj/hddj_1_pin.lua" />
        <File Name="hddj_1_0027" Path="hddj_1_0027.png" PackFile="pin/hddj/hddj_1_pin.lua" />
        <File Name="hddj_1_0028" Path="hddj_1_0028.png" PackFile="pin/hddj/hddj_1_pin.lua" />
        <File Name="hddj_1_0029" Path="hddj_1_0029.png" PackFile="pin/hddj/hddj_1_pin.lua" />
        <File Name="hddj_1_0030" Path="hddj_1_0030.png" PackFile="pin/hddj/hddj_1_pin.lua" />
        <File Name="hddj_1_0031" Path="hddj_1_0031.png" PackFile="pin/hddj/hddj_1_pin.lua" />
        <File Name="hddj_1_0032" Path="hddj_1_0032.png" PackFile="pin/hddj/hddj_1_pin.lua" />
        <File Name="hddj_1_0033" Path="hddj_1_0033.png" PackFile="pin/hddj/hddj_1_pin.lua" />
        <File Name="hddj_1_0034" Path="hddj_1_0034.png" PackFile="pin/hddj/hddj_1_pin.lua" />
        <File Name="hddj_1_0035" Path="hddj_1_0035.png" PackFile="pin/hddj/hddj_1_pin.lua" />
        <File Name="hddj_1_0036" Path="hddj_1_0036.png" PackFile="pin/hddj/hddj_1_pin.lua" />
        <File Name="hddj_1_0037" Path="hddj_1_0037.png" PackFile="pin/hddj/hddj_1_pin.lua" />
        <File Name="hddj_1_0038" Path="hddj_1_0038.png" PackFile="pin/hddj/hddj_1_pin.lua" />
        <File Name="hddj_1_0039" Path="hddj_1_0039.png" PackFile="pin/hddj/hddj_1_pin.lua" />
        <File Name="hddj_1_0040" Path="hddj_1_0040.png" PackFile="pin/hddj/hddj_1_pin.lua" />
        <File Name="hddj_1_0041" Path="hddj_1_0041.png" PackFile="pin/hddj/hddj_1_pin.lua" />
        <File Name="hddj_1_0042" Path="hddj_1_0042.png" PackFile="pin/hddj/hddj_1_pin.lua" />
        <File Name="hddj_1_0043" Path="hddj_1_0043.png" PackFile="pin/hddj/hddj_1_pin.lua" />
        <File Name="hddj_1_0044" Path="hddj_1_0044.png" PackFile="pin/hddj/hddj_1_pin.lua" />
        <File Name="hddj_1_0045" Path="hddj_1_0045.png" PackFile="pin/hddj/hddj_1_pin.lua" />
        <File Name="hddj_1_0046" Path="hddj_1_0046.png" PackFile="pin/hddj/hddj_1_pin.lua" />
        <File Name="hddj_1_0047" Path="hddj_1_0047.png" PackFile="pin/hddj/hddj_1_pin.lua" />
        <File Name="hddj_1_0048" Path="hddj_1_0048.png" PackFile="pin/hddj/hddj_1_pin.lua" />
        <File Name="hddj_1_0049" Path="hddj_1_0049.png" PackFile="pin/hddj/hddj_1_pin.lua" />
        <File Name="hddj_1_0050" Path="hddj_1_0050.png" PackFile="pin/hddj/hddj_1_pin.lua" />
        <File Name="hddj_1_0051" Path="hddj_1_0051.png" PackFile="pin/hddj/hddj_1_pin.lua" />
        <File Name="hddj_1_0052" Path="hddj_1_0052.png" PackFile="pin/hddj/hddj_1_pin.lua" />
        <File Name="hddj_1_0053" Path="hddj_1_0053.png" PackFile="pin/hddj/hddj_1_pin.lua" />
        <File Name="hddj_1_0054" Path="hddj_1_0054.png" PackFile="pin/hddj/hddj_1_pin.lua" />
        <File Name="hddj_1_0055" Path="hddj_1_0055.png" PackFile="pin/hddj/hddj_1_pin.lua" />
        <File Name="hddj_1_0056" Path="hddj_1_0056.png" PackFile="pin/hddj/hddj_1_pin.lua" />
        <File Name="hddj_1_0057" Path="hddj_1_0057.png" PackFile="pin/hddj/hddj_1_pin.lua" />
        <File Name="hddj_1_0058" Path="hddj_1_0058.png" PackFile="pin/hddj/hddj_1_pin.lua" />
        <File Name="hddj_1_0059" Path="hddj_1_0059.png" PackFile="pin/hddj/hddj_1_pin.lua" />
        <File Name="hddj_1_0060" Path="hddj_1_0060.png" PackFile="pin/hddj/hddj_1_pin.lua" />
        <File Name="hddj_1_0061" Path="hddj_1_0061.png" PackFile="pin/hddj/hddj_1_pin.lua" />
        <File Name="hddj_1_0062" Path="hddj_1_0062.png" PackFile="pin/hddj/hddj_1_pin.lua" />
        <File Name="hddj_1_0063" Path="hddj_1_0063.png" PackFile="pin/hddj/hddj_1_pin.lua" />
        <File Name="hddj_1_0064" Path="hddj_1_0064.png" PackFile="pin/hddj/hddj_1_pin.lua" />
        <File Name="hddj_1_0065" Path="hddj_1_0065.png" PackFile="pin/hddj/hddj_1_pin.lua" />
        <File Name="hddj_1_0066" Path="hddj_1_0066.png" PackFile="pin/hddj/hddj_1_pin.lua" />
        <File Name="hddj_1_0067" Path="hddj_1_0067.png" PackFile="pin/hddj/hddj_1_pin.lua" />
        <File Name="hddj_1_0068" Path="hddj_1_0068.png" PackFile="pin/hddj/hddj_1_pin.lua" />
        <File Name="hddj_1_0069" Path="hddj_1_0069.png" PackFile="pin/hddj/hddj_1_pin.lua" />
        <File Name="hddj_1_0070" Path="hddj_1_0070.png" PackFile="pin/hddj/hddj_1_pin.lua" />
        <File Name="hddj_1_0071" Path="hddj_1_0071.png" PackFile="pin/hddj/hddj_1_pin.lua" />
        <File Name="hddj_1_0072" Path="hddj_1_0072.png" PackFile="pin/hddj/hddj_1_pin.lua" />
        <File Name="hddj_1_0073" Path="hddj_1_0073.png" PackFile="pin/hddj/hddj_1_pin.lua" />
        <File Name="hddj_1_0074" Path="hddj_1_0074.png" PackFile="pin/hddj/hddj_1_pin.lua" />
        <File Name="hddj_1_0075" Path="hddj_1_0075.png" PackFile="pin/hddj/hddj_1_pin.lua" />
        <File Name="hddj_1_0076" Path="hddj_1_0076.png" PackFile="pin/hddj/hddj_1_pin.lua" />
        <File Name="hddj_1_0077" Path="hddj_1_0077.png" PackFile="pin/hddj/hddj_1_pin.lua" />
        <File Name="hddj_1_0078" Path="hddj_1_0078.png" PackFile="pin/hddj/hddj_1_pin.lua" />
        <File Name="hddj_1_0079" Path="hddj_1_0079.png" PackFile="pin/hddj/hddj_1_pin.lua" />
        <File Name="hddj_1_0080" Path="hddj_1_0080.png" PackFile="pin/hddj/hddj_1_pin.lua" />
        <File Name="hddj_1_0081" Path="hddj_1_0081.png" PackFile="pin/hddj/hddj_1_pin.lua" />
        <File Name="hddj_1_0082" Path="hddj_1_0082.png" PackFile="pin/hddj/hddj_1_pin.lua" />
        <File Name="hddj_1_0083" Path="hddj_1_0083.png" PackFile="pin/hddj/hddj_1_pin.lua" />
        <File Name="hddj_1_0084" Path="hddj_1_0084.png" PackFile="pin/hddj/hddj_1_pin.lua" />
        <File Name="hddj_1_0085" Path="hddj_1_0085.png" PackFile="pin/hddj/hddj_1_pin.lua" />
        <File Name="hddj_1_0086" Path="hddj_1_0086.png" PackFile="pin/hddj/hddj_1_pin.lua" />
        <File Name="hddj_1_0087" Path="hddj_1_0087.png" PackFile="pin/hddj/hddj_1_pin.lua" />
        <File Name="hddj_1_0088" Path="hddj_1_0088.png" PackFile="pin/hddj/hddj_1_pin.lua" />
        <File Name="hddj_1_0089" Path="hddj_1_0089.png" PackFile="pin/hddj/hddj_1_pin.lua" />
        <File Name="hddj_1_0090" Path="hddj_1_0090.png" PackFile="pin/hddj/hddj_1_pin.lua" />
        <File Name="hddj_1_0091" Path="hddj_1_0091.png" PackFile="pin/hddj/hddj_1_pin.lua" />
        <File Name="hddj_1_0092" Path="hddj_1_0092.png" PackFile="pin/hddj/hddj_1_pin.lua" />
        <File Name="hddj_1_0093" Path="hddj_1_0093.png" PackFile="pin/hddj/hddj_1_pin.lua" />
        <File Name="hddj_1_0094" Path="hddj_1_0094.png" PackFile="pin/hddj/hddj_1_pin.lua" />
        <File Name="hddj_1_0095" Path="hddj_1_0095.png" PackFile="pin/hddj/hddj_1_pin.lua" />
        <File Name="hddj_1_0096" Path="hddj_1_0096.png" PackFile="pin/hddj/hddj_1_pin.lua" />
        <File Name="hddj_1_0097" Path="hddj_1_0097.png" PackFile="pin/hddj/hddj_1_pin.lua" />
      </Files>
    </Images>
  </Resources>
  <Animations>
    <Frame ResourceId="6" StartTime="0" AnimType="Normal" Duration="2000" StartValue="0" StopValue="0" Period="0.3" EaseType="Nil" Num="97" />
  </Animations>
</AnimationDefine>