﻿<?xml version="1.0" encoding="utf-8"?>
<AnimationDefine>
  <Resources>
    <Images Id="1" Name="group" X="0" Y="0" Width="0" Height="0" XYScale="false" Visible="true" Time="0">
      <Files>
        <File Name="hddj_9_0001" Path="hddj_9_0001.png" PackFile="pin/hddj/hddj_9_pin.lua" />
        <File Name="hddj_9_0002" Path="hddj_9_0002.png" PackFile="pin/hddj/hddj_9_pin.lua" />
        <File Name="hddj_9_0003" Path="hddj_9_0003.png" PackFile="pin/hddj/hddj_9_pin.lua" />
        <File Name="hddj_9_0004" Path="hddj_9_0004.png" PackFile="pin/hddj/hddj_9_pin.lua" />
        <File Name="hddj_9_0005" Path="hddj_9_0005.png" PackFile="pin/hddj/hddj_9_pin.lua" />
        <File Name="hddj_9_0006" Path="hddj_9_0006.png" PackFile="pin/hddj/hddj_9_pin.lua" />
        <File Name="hddj_9_0007" Path="hddj_9_0007.png" PackFile="pin/hddj/hddj_9_pin.lua" />
        <File Name="hddj_9_0008" Path="hddj_9_0008.png" PackFile="pin/hddj/hddj_9_pin.lua" />
        <File Name="hddj_9_0009" Path="hddj_9_0009.png" PackFile="pin/hddj/hddj_9_pin.lua" />
        <File Name="hddj_9_0010" Path="hddj_9_0010.png" PackFile="pin/hddj/hddj_9_pin.lua" />
        <File Name="hddj_9_0011" Path="hddj_9_0011.png" PackFile="pin/hddj/hddj_9_pin.lua" />
        <File Name="hddj_9_0012" Path="hddj_9_0012.png" PackFile="pin/hddj/hddj_9_pin.lua" />
        <File Name="hddj_9_0013" Path="hddj_9_0013.png" PackFile="pin/hddj/hddj_9_pin.lua" />
        <File Name="hddj_9_0014" Path="hddj_9_0014.png" PackFile="pin/hddj/hddj_9_pin.lua" />
        <File Name="hddj_9_0015" Path="hddj_9_0015.png" PackFile="pin/hddj/hddj_9_pin.lua" />
        <File Name="hddj_9_0016" Path="hddj_9_0016.png" PackFile="pin/hddj/hddj_9_pin.lua" />
        <File Name="hddj_9_0017" Path="hddj_9_0017.png" PackFile="pin/hddj/hddj_9_pin.lua" />
        <File Name="hddj_9_0018" Path="hddj_9_0018.png" PackFile="pin/hddj/hddj_9_pin.lua" />
        <File Name="hddj_9_0019" Path="hddj_9_0019.png" PackFile="pin/hddj/hddj_9_pin.lua" />
        <File Name="hddj_9_0020" Path="hddj_9_0020.png" PackFile="pin/hddj/hddj_9_pin.lua" />
        <File Name="hddj_9_0021" Path="hddj_9_0021.png" PackFile="pin/hddj/hddj_9_pin.lua" />
        <File Name="hddj_9_0022" Path="hddj_9_0022.png" PackFile="pin/hddj/hddj_9_pin.lua" />
        <File Name="hddj_9_0023" Path="hddj_9_0023.png" PackFile="pin/hddj/hddj_9_pin.lua" />
        <File Name="hddj_9_0024" Path="hddj_9_0024.png" PackFile="pin/hddj/hddj_9_pin.lua" />
        <File Name="hddj_9_0025" Path="hddj_9_0025.png" PackFile="pin/hddj/hddj_9_pin.lua" />
        <File Name="hddj_9_0026" Path="hddj_9_0026.png" PackFile="pin/hddj/hddj_9_pin.lua" />
        <File Name="hddj_9_0027" Path="hddj_9_0027.png" PackFile="pin/hddj/hddj_9_pin.lua" />
        <File Name="hddj_9_0028" Path="hddj_9_0028.png" PackFile="pin/hddj/hddj_9_pin.lua" />
        <File Name="hddj_9_0029" Path="hddj_9_0029.png" PackFile="pin/hddj/hddj_9_pin.lua" />
        <File Name="hddj_9_0030" Path="hddj_9_0030.png" PackFile="pin/hddj/hddj_9_pin.lua" />
        <File Name="hddj_9_0031" Path="hddj_9_0031.png" PackFile="pin/hddj/hddj_9_pin.lua" />
        <File Name="hddj_9_0032" Path="hddj_9_0032.png" PackFile="pin/hddj/hddj_9_pin.lua" />
        <File Name="hddj_9_0033" Path="hddj_9_0033.png" PackFile="pin/hddj/hddj_9_pin.lua" />
        <File Name="hddj_9_0034" Path="hddj_9_0034.png" PackFile="pin/hddj/hddj_9_pin.lua" />
        <File Name="hddj_9_0035" Path="hddj_9_0035.png" PackFile="pin/hddj/hddj_9_pin.lua" />
        <File Name="hddj_9_0036" Path="hddj_9_0036.png" PackFile="pin/hddj/hddj_9_pin.lua" />
        <File Name="hddj_9_0037" Path="hddj_9_0037.png" PackFile="pin/hddj/hddj_9_pin.lua" />
      </Files>
    </Images>
  </Resources>
  <Animations>
    <Frame ResourceId="1" StartTime="0" AnimType="Normal" Duration="2000" StartValue="0" StopValue="0" Period="0.3" EaseType="Nil" Num="37" />
  </Animations>
</AnimationDefine>