﻿<?xml version="1.0" encoding="utf-8"?>
<AnimationDefine>
  <Resources>
    <Images Id="1" Name="group" X="0" Y="0" Width="0" Height="0" XYScale="false" Visible="true" Time="0">
      <Files>
        <File Name="hddj_2_0001" Path="hddj_2_0001.png" PackFile="pin/hddj/hddj_2_pin.lua" />
        <File Name="hddj_2_0002" Path="hddj_2_0002.png" PackFile="pin/hddj/hddj_2_pin.lua" />
        <File Name="hddj_2_0003" Path="hddj_2_0003.png" PackFile="pin/hddj/hddj_2_pin.lua" />
        <File Name="hddj_2_0004" Path="hddj_2_0004.png" PackFile="pin/hddj/hddj_2_pin.lua" />
        <File Name="hddj_2_0005" Path="hddj_2_0005.png" PackFile="pin/hddj/hddj_2_pin.lua" />
        <File Name="hddj_2_0006" Path="hddj_2_0006.png" PackFile="pin/hddj/hddj_2_pin.lua" />
        <File Name="hddj_2_0007" Path="hddj_2_0007.png" PackFile="pin/hddj/hddj_2_pin.lua" />
        <File Name="hddj_2_0008" Path="hddj_2_0008.png" PackFile="pin/hddj/hddj_2_pin.lua" />
        <File Name="hddj_2_0009" Path="hddj_2_0009.png" PackFile="pin/hddj/hddj_2_pin.lua" />
        <File Name="hddj_2_0010" Path="hddj_2_0010.png" PackFile="pin/hddj/hddj_2_pin.lua" />
        <File Name="hddj_2_0011" Path="hddj_2_0011.png" PackFile="pin/hddj/hddj_2_pin.lua" />
        <File Name="hddj_2_0012" Path="hddj_2_0012.png" PackFile="pin/hddj/hddj_2_pin.lua" />
        <File Name="hddj_2_0013" Path="hddj_2_0013.png" PackFile="pin/hddj/hddj_2_pin.lua" />
        <File Name="hddj_2_0014" Path="hddj_2_0014.png" PackFile="pin/hddj/hddj_2_pin.lua" />
        <File Name="hddj_2_0015" Path="hddj_2_0015.png" PackFile="pin/hddj/hddj_2_pin.lua" />
        <File Name="hddj_2_0016" Path="hddj_2_0016.png" PackFile="pin/hddj/hddj_2_pin.lua" />
        <File Name="hddj_2_0017" Path="hddj_2_0017.png" PackFile="pin/hddj/hddj_2_pin.lua" />
        <File Name="hddj_2_0018" Path="hddj_2_0018.png" PackFile="pin/hddj/hddj_2_pin.lua" />
        <File Name="hddj_2_0019" Path="hddj_2_0019.png" PackFile="pin/hddj/hddj_2_pin.lua" />
        <File Name="hddj_2_0020" Path="hddj_2_0020.png" PackFile="pin/hddj/hddj_2_pin.lua" />
        <File Name="hddj_2_0021" Path="hddj_2_0021.png" PackFile="pin/hddj/hddj_2_pin.lua" />
        <File Name="hddj_2_0022" Path="hddj_2_0022.png" PackFile="pin/hddj/hddj_2_pin.lua" />
        <File Name="hddj_2_0023" Path="hddj_2_0023.png" PackFile="pin/hddj/hddj_2_pin.lua" />
        <File Name="hddj_2_0024" Path="hddj_2_0024.png" PackFile="pin/hddj/hddj_2_pin.lua" />
        <File Name="hddj_2_0025" Path="hddj_2_0025.png" PackFile="pin/hddj/hddj_2_pin.lua" />
        <File Name="hddj_2_0026" Path="hddj_2_0026.png" PackFile="pin/hddj/hddj_2_pin.lua" />
        <File Name="hddj_2_0027" Path="hddj_2_0027.png" PackFile="pin/hddj/hddj_2_pin.lua" />
        <File Name="hddj_2_0028" Path="hddj_2_0028.png" PackFile="pin/hddj/hddj_2_pin.lua" />
        <File Name="hddj_2_0029" Path="hddj_2_0029.png" PackFile="pin/hddj/hddj_2_pin.lua" />
        <File Name="hddj_2_0030" Path="hddj_2_0030.png" PackFile="pin/hddj/hddj_2_pin.lua" />
        <File Name="hddj_2_0031" Path="hddj_2_0031.png" PackFile="pin/hddj/hddj_2_pin.lua" />
        <File Name="hddj_2_0032" Path="hddj_2_0032.png" PackFile="pin/hddj/hddj_2_pin.lua" />
        <File Name="hddj_2_0033" Path="hddj_2_0033.png" PackFile="pin/hddj/hddj_2_pin.lua" />
        <File Name="hddj_2_0034" Path="hddj_2_0034.png" PackFile="pin/hddj/hddj_2_pin.lua" />
        <File Name="hddj_2_0035" Path="hddj_2_0035.png" PackFile="pin/hddj/hddj_2_pin.lua" />
        <File Name="hddj_2_0036" Path="hddj_2_0036.png" PackFile="pin/hddj/hddj_2_pin.lua" />
        <File Name="hddj_2_0037" Path="hddj_2_0037.png" PackFile="pin/hddj/hddj_2_pin.lua" />
        <File Name="hddj_2_0038" Path="hddj_2_0038.png" PackFile="pin/hddj/hddj_2_pin.lua" />
        <File Name="hddj_2_0039" Path="hddj_2_0039.png" PackFile="pin/hddj/hddj_2_pin.lua" />
        <File Name="hddj_2_0040" Path="hddj_2_0040.png" PackFile="pin/hddj/hddj_2_pin.lua" />
        <File Name="hddj_2_0041" Path="hddj_2_0041.png" PackFile="pin/hddj/hddj_2_pin.lua" />
        <File Name="hddj_2_0042" Path="hddj_2_0042.png" PackFile="pin/hddj/hddj_2_pin.lua" />
        <File Name="hddj_2_0043" Path="hddj_2_0043.png" PackFile="pin/hddj/hddj_2_pin.lua" />
        <File Name="hddj_2_0044" Path="hddj_2_0044.png" PackFile="pin/hddj/hddj_2_pin.lua" />
        <File Name="hddj_2_0045" Path="hddj_2_0045.png" PackFile="pin/hddj/hddj_2_pin.lua" />
        <File Name="hddj_2_0046" Path="hddj_2_0046.png" PackFile="pin/hddj/hddj_2_pin.lua" />
        <File Name="hddj_2_0047" Path="hddj_2_0047.png" PackFile="pin/hddj/hddj_2_pin.lua" />
        <File Name="hddj_2_0048" Path="hddj_2_0048.png" PackFile="pin/hddj/hddj_2_pin.lua" />
        <File Name="hddj_2_0049" Path="hddj_2_0049.png" PackFile="pin/hddj/hddj_2_pin.lua" />
        <File Name="hddj_2_0050" Path="hddj_2_0050.png" PackFile="pin/hddj/hddj_2_pin.lua" />
        <File Name="hddj_2_0051" Path="hddj_2_0051.png" PackFile="pin/hddj/hddj_2_pin.lua" />
        <File Name="hddj_2_0052" Path="hddj_2_0052.png" PackFile="pin/hddj/hddj_2_pin.lua" />
        <File Name="hddj_2_0053" Path="hddj_2_0053.png" PackFile="pin/hddj/hddj_2_pin.lua" />
        <File Name="hddj_2_0054" Path="hddj_2_0054.png" PackFile="pin/hddj/hddj_2_pin.lua" />
        <File Name="hddj_2_0055" Path="hddj_2_0055.png" PackFile="pin/hddj/hddj_2_pin.lua" />
        <File Name="hddj_2_0056" Path="hddj_2_0056.png" PackFile="pin/hddj/hddj_2_pin.lua" />
        <File Name="hddj_2_0057" Path="hddj_2_0057.png" PackFile="pin/hddj/hddj_2_pin.lua" />
        <File Name="hddj_2_0058" Path="hddj_2_0058.png" PackFile="pin/hddj/hddj_2_pin.lua" />
        <File Name="hddj_2_0059" Path="hddj_2_0059.png" PackFile="pin/hddj/hddj_2_pin.lua" />
        <File Name="hddj_2_0060" Path="hddj_2_0060.png" PackFile="pin/hddj/hddj_2_pin.lua" />
        <File Name="hddj_2_0061" Path="hddj_2_0061.png" PackFile="pin/hddj/hddj_2_pin.lua" />
        <File Name="hddj_2_0062" Path="hddj_2_0062.png" PackFile="pin/hddj/hddj_2_pin.lua" />
        <File Name="hddj_2_0063" Path="hddj_2_0063.png" PackFile="pin/hddj/hddj_2_pin.lua" />
        <File Name="hddj_2_0064" Path="hddj_2_0064.png" PackFile="pin/hddj/hddj_2_pin.lua" />
        <File Name="hddj_2_0065" Path="hddj_2_0065.png" PackFile="pin/hddj/hddj_2_pin.lua" />
        <File Name="hddj_2_0066" Path="hddj_2_0066.png" PackFile="pin/hddj/hddj_2_pin.lua" />
        <File Name="hddj_2_0067" Path="hddj_2_0067.png" PackFile="pin/hddj/hddj_2_pin.lua" />
        <File Name="hddj_2_0068" Path="hddj_2_0068.png" PackFile="pin/hddj/hddj_2_pin.lua" />
        <File Name="hddj_2_0069" Path="hddj_2_0069.png" PackFile="pin/hddj/hddj_2_pin.lua" />
        <File Name="hddj_2_0070" Path="hddj_2_0070.png" PackFile="pin/hddj/hddj_2_pin.lua" />
        <File Name="hddj_2_0071" Path="hddj_2_0071.png" PackFile="pin/hddj/hddj_2_pin.lua" />
        <File Name="hddj_2_0072" Path="hddj_2_0072.png" PackFile="pin/hddj/hddj_2_pin.lua" />
        <File Name="hddj_2_0073" Path="hddj_2_0073.png" PackFile="pin/hddj/hddj_2_pin.lua" />
        <File Name="hddj_2_0074" Path="hddj_2_0074.png" PackFile="pin/hddj/hddj_2_pin.lua" />
        <File Name="hddj_2_0075" Path="hddj_2_0075.png" PackFile="pin/hddj/hddj_2_pin.lua" />
        <File Name="hddj_2_0076" Path="hddj_2_0076.png" PackFile="pin/hddj/hddj_2_pin.lua" />
        <File Name="hddj_2_0077" Path="hddj_2_0077.png" PackFile="pin/hddj/hddj_2_pin.lua" />
        <File Name="hddj_2_0078" Path="hddj_2_0078.png" PackFile="pin/hddj/hddj_2_pin.lua" />
        <File Name="hddj_2_0079" Path="hddj_2_0079.png" PackFile="pin/hddj/hddj_2_pin.lua" />
        <File Name="hddj_2_0080" Path="hddj_2_0080.png" PackFile="pin/hddj/hddj_2_pin.lua" />
        <File Name="hddj_2_0081" Path="hddj_2_0081.png" PackFile="pin/hddj/hddj_2_pin.lua" />
        <File Name="hddj_2_0082" Path="hddj_2_0082.png" PackFile="pin/hddj/hddj_2_pin.lua" />
        <File Name="hddj_2_0083" Path="hddj_2_0083.png" PackFile="pin/hddj/hddj_2_pin.lua" />
        <File Name="hddj_2_0084" Path="hddj_2_0084.png" PackFile="pin/hddj/hddj_2_pin.lua" />
        <File Name="hddj_2_0085" Path="hddj_2_0085.png" PackFile="pin/hddj/hddj_2_pin.lua" />
      </Files>
    </Images>
  </Resources>
  <Animations>
    <Frame ResourceId="1" StartTime="0" AnimType="Normal" Duration="2000" StartValue="0" StopValue="0" Period="0.3" EaseType="Nil" Num="85" />
  </Animations>
</AnimationDefine>