<?xml version="1.0" encoding="utf-8"?>
<root type="0" typeName="View" time="0" x="0" y="0" width="0" height="0" visible="true" fillParentWidth="true" fillParentHeight="true" nodeAlign="8" name="">
  <bg type="1" typeName="Image" time="87619122" x="208" y="75" width="868" height="572" visible="true" fillParentWidth="false" fillParentHeight="false" nodeAlign="8" file="help/common-pop-up-background-back.png" packFile="" gridLeft="11" gridRight="11" gridTop="11" gridBottom="11" name="">
    <img_right_bg type="1" typeName="Image" time="87632660" x="232" y="62" width="630" height="490" visible="true" fillParentWidth="false" fillParentHeight="false" nodeAlign="8" file="help/common-pop-up-background-up-dark.png" packFile="" gridLeft="6" gridRight="6" gridTop="4" gridBottom="4" name="" />
    <img_left_bg type="1" typeName="Image" time="87632970" x="2" y="63" width="230" height="490" visible="true" fillParentWidth="false" fillParentHeight="false" nodeAlign="8" file="help/common-pop-up-background-up.png" packFile="" gridLeft="6" gridRight="6" gridTop="4" gridBottom="4" name="" />
    <btn_close type="2" typeName="Button" time="87635571" x="833" y="-28" width="58" height="61" visible="true" fillParentWidth="false" fillParentHeight="false" nodeAlign="8" file="help/common-close-btn-up.png" file2="help/common-close-btn-down.png" packFile="" gridLeft="0" gridRight="0" gridTop="0" gridBottom="0" name="" />
    <img_top type="1" typeName="Image" time="87635641" x="0" y="0" width="865" height="63" visible="true" fillParentWidth="false" fillParentHeight="false" nodeAlign="8" file="help/match-top-light.png" packFile="" gridLeft="0" gridRight="0" gridTop="0" gridBottom="0" name="">
      <txt_title type="4" typeName="Text" time="90575991" x="0" y="0" width="200" height="64" visible="true" fillParentWidth="false" fillParentHeight="false" nodeAlign="0" fontName="" fontSize="32" textAlign="0" color="0xFBE2B0" string="" name="">
        <decroLeft type="1" typeName="Image" time="90575992" x="4" y="23" width="16" height="16" visible="true" fillParentWidth="false" fillParentHeight="false" nodeAlign="8" file="help/page-pop-up-title-decoration.png" packFile="" gridLeft="0" gridRight="0" gridTop="0" gridBottom="0" name="" />
        <decroRight type="1" typeName="Image" time="90575993" x="174" y="23" width="16" height="16" visible="true" fillParentWidth="false" fillParentHeight="false" nodeAlign="8" file="help/page-pop-up-title-decoration.png" packFile="" gridLeft="0" gridRight="0" gridTop="0" gridBottom="0" name="" />
      </txt_title>
    </img_top>
    <tab_container type="0" typeName="View" time="90573869" x="2" y="113" width="230" height="440" visible="true" fillParentWidth="false" fillParentHeight="false" nodeAlign="8" name="" />
    <career_container type="0" typeName="View" time="90573895" x="230" y="63" width="630" height="490" visible="false" fillParentWidth="false" fillParentHeight="false" nodeAlign="8" name="" />
    <record_container type="0" typeName="View" time="90573944" x="230" y="63" width="630" height="490" visible="false" fillParentWidth="false" fillParentHeight="false" nodeAlign="8" name="" />
    <count_container type="0" typeName="View" time="90573946" x="230" y="63" width="630" height="490" visible="false" fillParentWidth="false" fillParentHeight="false" nodeAlign="8" name="" />
    <txt_glory type="0" typeName="Text" time="92428581" x="2" y="63" width="230" height="50" nodeAlign="8" visible="true" fillParentWidth="false" fillParentHeight="false" string="成就" fontName="" fontSize="20" textAlign="0" color="0xD5A274" name="">
      <img_decro_left type="0" typeName="Image" time="92483640" x="80" y="20" width="10" height="13" nodeAlign="8" visible="true" fillParentWidth="false" fillParentHeight="false" file="main/page-pop-up-tab-group-decoration.png" />
      <img_decro_right type="0" typeName="Image" time="92483644" x="140" y="20" width="10" height="13" nodeAlign="8" visible="true" fillParentWidth="false" fillParentHeight="false" file="main/page-pop-up-tab-group-decoration.png" />
    </txt_glory>
    <txt_count type="0" typeName="Text" time="92484088" x="2" y="233" width="230" height="50" nodeAlign="8" visible="true" fillParentWidth="false" fillParentHeight="false" string="统计" fontName="" fontSize="20" textAlign="0" color="0xD5A274" name="">
      <img_decro_left type="0" typeName="Image" time="92484089" x="80" y="20" width="10" height="13" nodeAlign="8" visible="true" fillParentWidth="false" fillParentHeight="false" file="main/page-pop-up-tab-group-decoration.png" name="" />
      <img_decro_right type="0" typeName="Image" time="92484090" x="140" y="20" width="10" height="13" nodeAlign="8" visible="true" fillParentWidth="false" fillParentHeight="false" file="main/page-pop-up-tab-group-decoration.png" name="" />
    </txt_count>
  </bg>
</root>