<?xml version="1.0" encoding="utf-8"?>
<root type="0" typeName="View" time="0" x="0" y="0" width="1280" height="720" visible="true" fillParentWidth="true" fillParentHeight="true" nodeAlign="8" name="">
  <bg type="1" typeName="Image" time="91013779" x="206" y="72" width="868" height="572" visible="true" fillParentWidth="false" fillParentHeight="false" nodeAlign="8" file="common/common-pop-up-background-back.png" packFile="" gridLeft="12" gridRight="12" gridTop="12" gridBottom="12" name="">
    <bg_up type="1" typeName="Image" time="91014283" x="4" y="64" width="860" height="492" visible="true" fillParentWidth="false" fillParentHeight="false" nodeAlign="8" file="common/common-pop-up-background-up-dark.png" packFile="" gridLeft="2" gridRight="2" gridTop="2" gridBottom="2" name="" />
    <bg_left type="1" typeName="Image" time="91014515" x="5" y="64" width="320" height="492" visible="true" fillParentWidth="false" fillParentHeight="false" nodeAlign="8" file="common/common-pop-up-background-up.png" packFile="" gridLeft="2" gridRight="2" gridTop="2" gridBottom="2" name="" />
    <img_top_light type="1" typeName="Image" time="91014592" x="0" y="0" width="868" height="64" visible="true" fillParentWidth="false" fillParentHeight="false" nodeAlign="8" file="common/match-top-light.png" packFile="" gridLeft="0" gridRight="0" gridTop="0" gridBottom="0" name="" />
    <btn_close type="2" typeName="Button" time="91014869" x="839" y="-30" width="58" height="61" visible="true" fillParentWidth="false" fillParentHeight="false" nodeAlign="8" file="common/common-close-btn-up.png" file2="common/common-close-btn-down.png" packFile="" gridLeft="0" gridRight="0" gridTop="0" gridBottom="0" name="" />
    <title_container type="0" typeName="View" time="91014962" x="378" y="14" width="112" height="36" visible="true" fillParentWidth="false" fillParentHeight="false" nodeAlign="8" name="">
      <txt_title type="4" typeName="Text" time="91015051" x="24" y="0" width="64" height="33" visible="true" fillParentWidth="false" fillParentHeight="false" nodeAlign="8" fontName="" fontSize="32" textAlign="0" color="0xFBE2B0" string="" name="" />
      <img_left_icon type="1" typeName="Image" time="91015231" x="0" y="10" width="16" height="16" visible="true" fillParentWidth="false" fillParentHeight="false" nodeAlign="8" file="main/page-pop-up-title-decoration.png" packFile="" gridLeft="0" gridRight="0" gridTop="0" gridBottom="0" name="" />
      <img_right_icon type="1" typeName="Image" time="91015236" x="96" y="10" width="16" height="16" visible="true" fillParentWidth="false" fillParentHeight="false" nodeAlign="8" file="main/page-pop-up-title-decoration.png" packFile="" gridLeft="0" gridRight="0" gridTop="0" gridBottom="0" name="" />
    </title_container>
    <left_container type="0" typeName="View" time="91015379" x="4" y="64" width="320" height="490" visible="true" fillParentWidth="false" fillParentHeight="false" nodeAlign="8" name="">
      <left_invite_btn type="0" typeName="View" time="91074174" x="-4" y="4" width="320" height="64" visible="true" fillParentWidth="false" fillParentHeight="false" nodeAlign="8" name="">
        <img_left_invite_btn_select type="1" typeName="Image" time="91074808" x="0" y="0" width="332" height="64" visible="false" fillParentWidth="false" fillParentHeight="false" nodeAlign="8" file="main/page-pop-up-tab-group-vernier.png" packFile="" gridLeft="10" gridRight="20" gridTop="0" gridBottom="0" name="" />
        <img_invite_icon type="1" typeName="Image" time="91075036" x="12" y="8" width="49" height="48" visible="true" fillParentWidth="false" fillParentHeight="false" nodeAlign="8" file="social/friend-page-invite-icon.png" packFile="" gridLeft="0" gridRight="0" gridTop="0" gridBottom="0" name="" />
        <txt_invite type="4" typeName="Text" time="91075091" x="73" y="21" width="240" height="0" visible="true" fillParentWidth="false" fillParentHeight="false" nodeAlign="8" fontName="" fontSize="20" textAlign="7" color="0xF5F5F5" string="" name="" />
      </left_invite_btn>
      <left_list_container type="0" typeName="View" time="91094792" x="-4" y="68" width="320" height="424" visible="true" fillParentWidth="false" fillParentHeight="false" nodeAlign="8" name="" />
    </left_container>
    <main_container type="0" typeName="View" time="91015437" x="334" y="64" width="529" height="490" visible="true" fillParentWidth="false" fillParentHeight="false" nodeAlign="8" name="">
      <invite_code_container type="0" typeName="View" time="91884003" x="24" y="24" width="481" height="200" nodeAlign="8" visible="false" fillParentWidth="false" fillParentHeight="false" name="">
        <tv_invite_code_desc type="5" typeName="TextView" time="91853625" x="0" y="0" width="481" height="100" visible="true" fillParentWidth="false" fillParentHeight="false" nodeAlign="8" fontName="" fontSize="22" textAlign="7" color="0xE3CFB6" string="" name="" />
        <txt_invite_code_title type="0" typeName="Text" time="91883834" x="0" y="100" width="120" height="24" nodeAlign="8" visible="true" fillParentWidth="false" fillParentHeight="false" string="" fontName="" fontSize="22" textAlign="0" color="0xE3CFB6" name="" />
        <img_invite_code_uid type="0" typeName="Image" time="91884121" x="180" y="100" width="0" height="0" nodeAlign="8" visible="true" fillParentWidth="false" fillParentHeight="false" file="main/friend_text_background.png" gridLeft="10" gridRight="10" gridTop="10" gridBottom="10" name="" />
        <txt_invite_code_uid type="0" typeName="Text" time="91884324" x="180" y="100" width="64" height="24" nodeAlign="8" visible="true" fillParentWidth="false" fillParentHeight="false" string="" fontName="" fontSize="22" textAlign="0" color="0x63D6D5" name="" />
      </invite_code_container>
    </main_container>
    <load_anim_container type="0" typeName="View" time="91898237" x="563" y="286" width="44" height="44" nodeAlign="1" visible="true" fillParentWidth="false" fillParentHeight="false" name="" />
  </bg>
</root>