<?xml version="1.0" encoding="utf-8"?>
<root type="0" typeName="View" time="0" x="0" y="0" width="0" height="0" visible="true" fillParentWidth="true" fillParentHeight="true" nodeAlign="8">
  <img_friend_frame_m type="1" typeName="Image" time="91503743" x="48" y="0" width="156" height="156" visible="true" fillParentWidth="false" fillParentHeight="false" nodeAlign="8" file="userinfo/head_scale9image_frame_male.png" packFile="" gridLeft="12" gridRight="12" gridTop="12" gridBottom="12"/>
  <img_friend_frame_f type="1" typeName="Image" time="91503876" x="48" y="0" width="156" height="156" visible="false" fillParentWidth="false" fillParentHeight="false" nodeAlign="8" file="userinfo/head_scale9image_frame_female.png" packFile="" gridLeft="12" gridRight="12" gridTop="12" gridBottom="12"/>
  <img_sex_icon type="1" typeName="Image" time="91504019" x="53" y="114" width="35" height="35" visible="true" fillParentWidth="false" fillParentHeight="false" nodeAlign="8" file="userinfo/user_info_gender_label_male.png" packFile="" gridLeft="0" gridRight="0" gridTop="0" gridBottom="0"/>
  <img_vip_icon type="1" typeName="Image" time="91504253" x="156" y="124" width="40" height="24" visible="false" fillParentWidth="false" fillParentHeight="false" nodeAlign="8" file="store/vip_icon_1.png" packFile="" gridLeft="0" gridRight="0" gridTop="0" gridBottom="0"/>
  <txt_name type="4" typeName="Text" time="91504342" x="252" y="0" width="260" height="40" visible="true" fillParentWidth="false" fillParentHeight="false" nodeAlign="8" fontName="" fontSize="32" textAlign="7" color="0xFFFFFF" string=""/>
  <txt_level type="4" typeName="Text" time="91504437" x="252" y="51" width="260" height="22" visible="true" fillParentWidth="false" fillParentHeight="false" nodeAlign="8" fontName="" fontSize="20" textAlign="7" color="0xCD9346" string=""/>
  <txt_chips type="4" typeName="Text" time="91504520" x="252" y="98" width="260" height="22" visible="true" fillParentWidth="false" fillParentHeight="false" nodeAlign="8" fontName="" fontSize="20" textAlign="7" color="0xFFF1D7" string=""/>
  <txt_counts type="4" typeName="Text" time="91508551" x="252" y="126" width="260" height="22" visible="true" fillParentWidth="false" fillParentHeight="false" nodeAlign="8" fontName="" fontSize="20" textAlign="7" color="0xFFF1D7" string=""/>
  <txt_rate type="4" typeName="Text" time="91504573" x="252" y="154" width="260" height="22" visible="true" fillParentWidth="false" fillParentHeight="false" nodeAlign="8" fontName="" fontSize="20" textAlign="7" color="0xFFF1D7" string=""/>
  <btn_give_chips type="2" typeName="Button" time="91504615" x="48" y="292" width="206" height="60" visible="true" fillParentWidth="false" fillParentHeight="false" nodeAlign="8" file="common/common-blue-btn-up.png" file2="common/common-btn-disabled.png" packFile="" gridLeft="12" gridRight="13" gridTop="12" gridBottom="12">
    <txt_give_chips type="4" typeName="Text" time="91504843" x="0" y="0" width="190" height="24" visible="true" fillParentWidth="false" fillParentHeight="false" nodeAlign="0" fontName="" fontSize="24" textAlign="0" color="0xDCEADE" string=""/>
  </btn_give_chips>
  <btn_give_gift type="2" typeName="Button" time="91505102" x="266" y="292" width="206" height="60" visible="true" fillParentWidth="false" fillParentHeight="false" nodeAlign="8" file="common/common-blue-btn-up.png" file2="" packFile="" gridLeft="12" gridRight="13" gridTop="12" gridBottom="12">
    <txt_give_gift type="4" typeName="Text" time="91505154" x="0" y="0" width="190" height="24" visible="true" fillParentWidth="false" fillParentHeight="false" nodeAlign="0" fontName="" fontSize="24" textAlign="0" color="0xDCEADE" string=""/>
  </btn_give_gift>
  <track_friend_container type="0" typeName="View" time="91505024" x="48" y="212" width="424" height="60" visible="true" fillParentWidth="false" fillParentHeight="false" nodeAlign="8">
    <btn_track_friend type="2" typeName="Button" time="91505312" x="0" y="0" width="424" height="60" visible="true" fillParentWidth="false" fillParentHeight="false" nodeAlign="8" file="common/common-green-btn-up.png" file2="common/common-btn-disabled.png" packFile="" gridLeft="12" gridRight="12" gridTop="12" gridBottom="12"/>
    <img_track_back type="1" typeName="Image" time="91505500" x="10" y="6" width="283" height="48" visible="true" fillParentWidth="false" fillParentHeight="false" nodeAlign="8" file="social/friend_page_friend_statue_background.png" packFile="" gridLeft="12" gridRight="12" gridTop="12" gridBottom="12">
      <txt_status type="4" typeName="Text" time="91505604" x="0" y="0" width="283" height="24" visible="true" fillParentWidth="false" fillParentHeight="false" nodeAlign="0" fontName="" fontSize="24" textAlign="0" color="0xFFF1D7" string=""/>
    </img_track_back>
    <txt_track type="4" typeName="Text" time="91505788" x="334" y="16" width="48" height="27" visible="true" fillParentWidth="false" fillParentHeight="false" nodeAlign="8" fontName="" fontSize="24" textAlign="7" color="0xDCEADE" string=""/>
  </track_friend_container>
</root>
