<?xml version="1.0" encoding="utf-8"?>
<root type="0" typeName="View" time="0" x="0" y="0" width="1280" height="720" visible="true" fillParentWidth="true" fillParentHeight="true" nodeAlign="8">
  <bg type="1" typeName="Image" time="91078549" x="-4" y="0" width="320" height="61" visible="true" fillParentWidth="false" fillParentHeight="false" nodeAlign="8" file="main/page-pop-up-tab-bg.png" packFile="" gridLeft="0" gridRight="0" gridTop="0" gridBottom="0">
    <img_selected type="1" typeName="Image" time="91095141" x="-4" y="0" width="334" height="64" visible="false" fillParentWidth="false" fillParentHeight="false" nodeAlign="8" file="main/page-pop-up-tab-group-vernier.png" packFile="" gridLeft="15" gridRight="20" gridTop="0" gridBottom="0"/>
    <txt_name type="4" typeName="Text" time="91078827" x="105" y="15" width="203" height="31" visible="true" fillParentWidth="false" fillParentHeight="false" nodeAlign="8" fontName="" fontSize="24" textAlign="7" color="0xF5F5F5" string=""/>
    <img_head_frame_m type="1" typeName="Image" time="91079094" x="12" y="3" width="54" height="54" visible="true" fillParentWidth="false" fillParentHeight="false" nodeAlign="8" file="userinfo/head_scale9image_frame_male.png" packFile="" gridLeft="13" gridRight="15" gridTop="13" gridBottom="15"/>
    <img_head_frame_f type="1" typeName="Image" time="91092378" x="12" y="3" width="54" height="54" visible="true" fillParentWidth="false" fillParentHeight="false" nodeAlign="8" file="userinfo/head_scale9image_frame_female.png" packFile="" gridLeft="13" gridRight="15" gridTop="13" gridBottom="15"/>
    <img_status_off type="1" typeName="Image" time="91079120" x="78" y="23" width="15" height="15" visible="true" fillParentWidth="false" fillParentHeight="false" nodeAlign="8" file="social/friend-offline-icon.png" packFile="" gridLeft="0" gridRight="0" gridTop="0" gridBottom="0"/>
    <img_status_on type="1" typeName="Image" time="91092621" x="78" y="23" width="15" height="15" visible="true" fillParentWidth="false" fillParentHeight="false" nodeAlign="8" file="social/friend-online-icon.png" packFile="" gridLeft="0" gridRight="0" gridTop="0" gridBottom="0"/>
    <btn_delete type="2" typeName="Button" time="91079714" x="147" y="6" width="132" height="49" visible="false" fillParentWidth="false" fillParentHeight="false" nodeAlign="8" file="social/friend_page_red_btn_up.png" file2="social/friend_page_red_btn_down.png" packFile="" gridLeft="10" gridRight="15" gridTop="10" gridBottom="15">
      <txt_delete type="4" typeName="Text" time="91079883" x="0" y="0" width="96" height="24" visible="true" fillParentWidth="false" fillParentHeight="false" nodeAlign="0" fontName="" fontSize="24" textAlign="0" color="0xEDEDFF" string=""/>
    </btn_delete>
  </bg>
</root>
