<?xml version="1.0" encoding="utf-8"?>
<root type="0" typeName="View" time="0" x="0" y="0" width="1280" height="720" visible="true" fillParentWidth="true" fillParentHeight="true" nodeAlign="8" name="">
  <bg type="1" typeName="Image" time="87656668" x="250" y="100" width="780" height="520" visible="true" fillParentWidth="false" fillParentHeight="false" nodeAlign="8" file="setting/common-pop-up-background-back.png" packFile="" gridLeft="11" gridRight="11" gridTop="11" gridBottom="11" name="">
    <bgDark type="1" typeName="Image" time="87657363" x="3" y="62" width="774" height="444" visible="true" fillParentWidth="false" fillParentHeight="false" nodeAlign="8" file="setting/common-pop-up-background-up-dark.png" packFile="" gridLeft="6" gridRight="6" gridTop="4" gridBottom="4" name="">
      <ScrollView872 type="0" typeName="ScrollView" time="88083917" x="0" y="0" width="774" height="444" nodeAlign="8" visible="true" fillParentWidth="false" fillParentHeight="false" name="">
        <otherBg type="1" typeName="Image" time="87660568" x="19" y="380" width="730" height="485" visible="true" fillParentWidth="false" fillParentHeight="false" nodeAlign="8" file="setting/setting-page-background-up.png" packFile="" gridLeft="7" gridRight="7" gridTop="7" gridBottom="7" name="">
          <otherTitle type="4" typeName="Text" time="87660504" x="1" y="-30" width="200" height="24" visible="true" fillParentWidth="false" fillParentHeight="false" nodeAlign="8" fontName="" fontSize="20" textAlign="7" color="0xD6BBA4" string="" name="">
            <autoSitName type="4" typeName="Text" time="87661697" x="18" y="55" width="210" height="30" visible="true" fillParentWidth="false" fillParentHeight="false" nodeAlign="8" fontName="" fontSize="28" textAlign="7" color="0x000000" string="" name="" />
            <autoBuyName type="4" typeName="Text" time="87662616" x="18" y="135" width="200" height="30" visible="true" fillParentWidth="false" fillParentHeight="false" nodeAlign="8" fontName="" fontSize="28" textAlign="7" color="0x000000" string="" name="" />
            <playCountTipsName type="4" typeName="Text" time="87662618" x="18" y="215" width="200" height="30" visible="true" fillParentWidth="false" fillParentHeight="false" nodeAlign="8" fontName="" fontSize="28" textAlign="7" color="0x000000" string="" name="" />
            <clearCacheName type="4" typeName="Text" time="87662619" x="18" y="295" width="200" height="30" visible="true" fillParentWidth="false" fillParentHeight="false" nodeAlign="8" fontName="" fontSize="28" textAlign="7" color="0x000000" string="" name="">
              <clearCacheButton type="1" typeName="Image" time="87663195" x="645" y="0" width="19" height="29" visible="true" fillParentWidth="false" fillParentHeight="false" nodeAlign="8" file="setting/clear_cache_button.png" packFile="" gridLeft="0" gridRight="0" gridTop="0" gridBottom="0" name="" />
            </clearCacheName>
            <ratingUsName type="4" typeName="Text" time="87662624" x="18" y="375" width="200" height="30" visible="true" fillParentWidth="false" fillParentHeight="false" nodeAlign="8" fontName="" fontSize="28" textAlign="7" color="0x000000" string="" name="">
              <ratingUsButton type="1" typeName="Image" time="87663327" x="645" y="0" width="19" height="29" visible="true" fillParentWidth="false" fillParentHeight="false" nodeAlign="8" file="setting/clear_cache_button.png" packFile="" gridLeft="0" gridRight="0" gridTop="0" gridBottom="0" name="" />
            </ratingUsName>
            <updateName type="4" typeName="Text" time="87662626" x="18" y="458" width="200" height="30" visible="true" fillParentWidth="false" fillParentHeight="false" nodeAlign="8" fontName="" fontSize="28" textAlign="7" color="0x000000" string="" name="">
              <updateButton type="1" typeName="Image" time="87663424" x="645" y="0" width="19" height="29" visible="true" fillParentWidth="false" fillParentHeight="false" nodeAlign="8" file="setting/clear_cache_button.png" packFile="" gridLeft="0" gridRight="0" gridTop="0" gridBottom="0" name="" />
            </updateName>
          </otherTitle>
          <lineBg1 type="1" typeName="Image" time="87662335" x="18" y="80" width="700" height="4" visible="true" fillParentWidth="false" fillParentHeight="false" nodeAlign="8" file="setting/common-transparent-white-skin.png" packFile="" gridLeft="0" gridRight="0" gridTop="0" gridBottom="2" name="" />
          <lineBg2 type="1" typeName="Image" time="87662356" x="18" y="160" width="700" height="4" visible="true" fillParentWidth="false" fillParentHeight="false" nodeAlign="8" file="setting/common-transparent-white-skin.png" packFile="" gridLeft="0" gridRight="0" gridTop="0" gridBottom="2" name="" />
          <lineBg3 type="1" typeName="Image" time="87662362" x="18" y="240" width="700" height="4" visible="true" fillParentWidth="false" fillParentHeight="false" nodeAlign="8" file="setting/common-transparent-white-skin.png" packFile="" gridLeft="0" gridRight="0" gridTop="0" gridBottom="2" name="" />
          <lineBg4 type="1" typeName="Image" time="87662371" x="18" y="322" width="700" height="4" visible="true" fillParentWidth="false" fillParentHeight="false" nodeAlign="8" file="setting/common-transparent-white-skin.png" packFile="" gridLeft="0" gridRight="0" gridTop="0" gridBottom="2" name="" />
          <lineBg5 type="1" typeName="Image" time="87662373" x="18" y="404" width="700" height="4" visible="true" fillParentWidth="false" fillParentHeight="false" nodeAlign="8" file="setting/common-transparent-white-skin.png" packFile="" gridLeft="0" gridRight="0" gridTop="0" gridBottom="2" name="" />
          <updateButtonShade type="0" typeName="Button" time="88098578" x="0" y="407" width="730" height="78" nodeAlign="8" visible="true" fillParentWidth="false" fillParentHeight="false" file="setting/settingBtnBg1.png" file2="setting/settingBtnBg2.png" name="" />
          <ratingButtonShade type="0" typeName="Button" time="88098512" x="0" y="325" width="730" height="80" nodeAlign="8" visible="true" fillParentWidth="false" fillParentHeight="false" file="setting/settingBtnBg1.png" file2="setting/settingBtnBg2.png" name="" />
          <clearCacheShadeButton type="0" typeName="Button" time="88098259" x="0" y="243" width="730" height="80" nodeAlign="8" visible="true" fillParentWidth="false" fillParentHeight="false" file="setting/settingBtnBg1.png" file2="setting/settingBtnBg2.png" name="" />
        </otherBg>
        <accountBg type="1" typeName="Image" time="87657892" x="20" y="40" width="730" height="80" visible="true" fillParentWidth="false" fillParentHeight="false" nodeAlign="8" file="setting/setting-page-background-up.png" packFile="" gridLeft="7" gridRight="7" gridTop="7" gridBottom="7" name="">
          <accountTitle type="4" typeName="Text" time="87657735" x="1" y="-30" width="40" height="24" visible="true" fillParentWidth="false" fillParentHeight="false" nodeAlign="8" fontName="" fontSize="20" textAlign="7" color="0xD6BBA4" string="" name="" />
          <accountName type="4" typeName="Text" time="87658075" x="18" y="28" width="65" height="28" visible="true" fillParentWidth="false" fillParentHeight="false" nodeAlign="8" fontName="" fontSize="28" textAlign="7" color="0x553214" string="" name="" />
          <logoutBtn type="2" typeName="Button" time="87658125" x="587" y="15" width="130" height="50" visible="true" fillParentWidth="false" fillParentHeight="false" nodeAlign="8" file="setting/new_common_red_btn.png" file2="" packFile="" gridLeft="8" gridRight="8" gridTop="8" gridBottom="8" name="">
            <logoutText type="4" typeName="Text" time="87658147" x="1" y="0" width="128" height="50" visible="true" fillParentWidth="true" fillParentHeight="true" nodeAlign="0" fontName="" fontSize="24" textAlign="0" color="0xEDEDFF" string="登出" name="" />
          </logoutBtn>
        </accountBg>
        <voiceBg type="1" typeName="Image" time="87658646" x="18" y="170" width="730" height="160" visible="true" fillParentWidth="false" fillParentHeight="false" nodeAlign="8" file="setting/setting-page-background-up.png" packFile="" gridLeft="7" gridRight="7" gridTop="7" gridBottom="7" name="">
          <voiceTitle type="4" typeName="Text" time="87658556" x="1" y="-30" width="220" height="24" visible="true" fillParentWidth="false" fillParentHeight="false" nodeAlign="8" fontName="" fontSize="20" textAlign="7" color="0xD6BBA4" string="" name="">
            <voiceText type="4" typeName="Text" time="87658725" x="18" y="60" width="200" height="30" visible="true" fillParentWidth="false" fillParentHeight="false" nodeAlign="8" fontName="" fontSize="28" textAlign="7" color="0x000000" string="" name="" />
            <shakeText type="4" typeName="Text" time="87658815" x="18" y="137" width="200" height="30" visible="true" fillParentWidth="false" fillParentHeight="false" nodeAlign="8" fontName="" fontSize="28" textAlign="7" color="0x000000" string="" name="" />
            <voiceMin type="1" typeName="Image" time="87659474" x="140" y="60" width="16" height="28" visible="true" fillParentWidth="false" fillParentHeight="false" nodeAlign="8" file="setting/icon_sound_min.png" packFile="" gridLeft="0" gridRight="0" gridTop="0" gridBottom="0" name="" />
            <voiceMax type="1" typeName="Image" time="87659557" x="654" y="55" width="37" height="36" visible="true" fillParentWidth="false" fillParentHeight="false" nodeAlign="8" file="setting/icon_sound_max.png" packFile="" gridLeft="0" gridRight="0" gridTop="0" gridBottom="0" name="" />
          </voiceTitle>
          <Slider type="0" typeName="Slider" time="87660248" x="180" y="40" width="450" height="10" visible="true" fillParentWidth="false" fillParentHeight="false" nodeAlign="8" name="" />
          <lineBg type="1" typeName="Image" time="87659005" x="18" y="80" width="700" height="4" visible="true" fillParentWidth="false" fillParentHeight="false" nodeAlign="8" file="setting/common-transparent-white-skin.png" packFile="" gridLeft="0" gridRight="0" gridTop="0" gridBottom="2" name="" />
        </voiceBg>
        <scrollControl type="0" typeName="Image" time="88085191" x="286" y="700" width="30" height="82" nodeAlign="8" visible="true" fillParentWidth="false" fillParentHeight="false" file="setting/transparent.png" name="" />
      </ScrollView872>
      <overlayBot type="0" typeName="Image" time="89481289" x="0" y="424" width="766" height="20" nodeAlign="8" visible="true" fillParentWidth="false" fillParentHeight="false" file="setting/common_list_over_lay.png" name="" />
      <overlayTop type="0" typeName="Image" time="89482361" x="0" y="0" width="766" height="20" nodeAlign="8" visible="true" fillParentWidth="false" fillParentHeight="false" file="setting/common_list_over_lay_top.png" name="" />
    </bgDark>
    <titleLight type="1" typeName="Image" time="87657527" x="-1" y="1" width="774" height="55" visible="true" fillParentWidth="false" fillParentHeight="false" nodeAlign="8" file="setting/match-top-light.png" packFile="" gridLeft="0" gridRight="0" gridTop="0" gridBottom="0" name="" />
    <title type="4" typeName="Text" time="87663733" x="356" y="11" width="70" height="40" visible="true" fillParentWidth="false" fillParentHeight="false" nodeAlign="8" fontName="" fontSize="32" textAlign="7" color="0xFBE2B0" string="" name="">
      <decoLeft type="1" typeName="Image" time="87663809" x="-27" y="11" width="16" height="16" visible="true" fillParentWidth="false" fillParentHeight="false" nodeAlign="8" file="setting/page-pop-up-title-decoration.png" packFile="" gridLeft="0" gridRight="0" gridTop="0" gridBottom="0" name="" />
      <decoRight type="1" typeName="Image" time="87663814" x="73" y="11" width="16" height="16" visible="true" fillParentWidth="false" fillParentHeight="false" nodeAlign="8" file="setting/page-pop-up-title-decoration.png" packFile="" gridLeft="0" gridRight="0" gridTop="0" gridBottom="0" name="" />
    </title>
    <closeBtn type="2" typeName="Button" time="87700248" x="745" y="-32" width="58" height="61" visible="true" fillParentWidth="false" fillParentHeight="false" nodeAlign="8" file="setting/common-close-btn-up.png" file2="setting/common-close-btn-down.png" packFile="" gridLeft="0" gridRight="0" gridTop="0" gridBottom="0" name="" />
  </bg>
</root>