﻿<?xml version="1.0" encoding="utf-8"?>
<AnimationDefine>
  <Resources>
    <Images Id="2" Name="cardFlash" X="0" Y="0" Width="88" Height="126" XYScale="false" Visible="true" Time="0">
      <Files>
        <File Name="flash1" Path="flash1.png" PackFile="pin/card_pin.lua" />
        <File Name="flash2" Path="flash2.png" PackFile="pin/card_pin.lua" />
        <File Name="flash3" Path="flash3.png" PackFile="pin/card_pin.lua" />
        <File Name="flash4" Path="flash4.png" PackFile="pin/card_pin.lua" />
        <File Name="flash5" Path="flash5.png" PackFile="pin/card_pin.lua" />
        <File Name="flash6" Path="flash6.png" PackFile="pin/card_pin.lua" />
        <File Name="flash7" Path="flash7.png" PackFile="pin/card_pin.lua" />
        <File Name="flash8" Path="flash8.png" PackFile="pin/card_pin.lua" />
        <File Name="flash9" Path="flash9.png" PackFile="pin/card_pin.lua" />
        <File Name="flash10" Path="flash10.png" PackFile="pin/card_pin.lua" />
        <File Name="flash11" Path="flash11.png" PackFile="pin/card_pin.lua" />
        <File Name="flash12" Path="flash12.png" PackFile="pin/card_pin.lua" />
        <File Name="flash13" Path="flash13.png" PackFile="pin/card_pin.lua" />
        <File Name="flash14" Path="flash14.png" PackFile="pin/card_pin.lua" />
        <File Name="flash15" Path="flash15.png" PackFile="pin/card_pin.lua" />
        <File Name="flash16" Path="flash16.png" PackFile="pin/card_pin.lua" />
        <File Name="flash17" Path="flash17.png" PackFile="pin/card_pin.lua" />
        <File Name="flash18" Path="flash18.png" PackFile="pin/card_pin.lua" />
        <File Name="flash19" Path="flash19.png" PackFile="pin/card_pin.lua" />
        <File Name="flash20" Path="flash20.png" PackFile="pin/card_pin.lua" />
        <File Name="flash21" Path="flash21.png" PackFile="pin/card_pin.lua" />
        <File Name="flash22" Path="flash22.png" PackFile="pin/card_pin.lua" />
        <File Name="flash23" Path="flash23.png" PackFile="pin/card_pin.lua" />
        <File Name="flash24" Path="flash24.png" PackFile="pin/card_pin.lua" />
        <File Name="flash25" Path="flash25.png" PackFile="pin/card_pin.lua" />
        <File Name="flash26" Path="flash26.png" PackFile="pin/card_pin.lua" />
        <File Name="flash27" Path="flash27.png" PackFile="pin/card_pin.lua" />
        <File Name="flash28" Path="flash28.png" PackFile="pin/card_pin.lua" />
        <File Name="flash29" Path="flash29.png" PackFile="pin/card_pin.lua" />
        <File Name="flash30" Path="flash30.png" PackFile="pin/card_pin.lua" />
        <File Name="flash31" Path="flash31.png" PackFile="pin/card_pin.lua" />
      </Files>
    </Images>
  </Resources>
  <Animations>
    <Frame ResourceId="2" StartTime="0" AnimType="Normal" Duration="1000" StartValue="0" StopValue="0" Period="0.3" EaseType="Nil" Num="31" />
  </Animations>
</AnimationDefine>