﻿<?xml version="1.0" encoding="utf-8"?>
<AnimationDefine>
  <Resources>
    <Image Id="1" Name="girl" X="250" Y="40" Width="370" Height="680" XYScale="true" Visible="true" Time="0" Path="animation/login/b1.png" PackFile="">
      <Children>
        <Images Id="7" Name="leftEye" X="154" Y="105" Width="48" Height="48" XYScale="true" Visible="true" Time="0">
          <Files>
            <File Name="eyeTrans" Path="animation/login/eyeTrans.png" PackFile="" />
            <File Name="eyeTrans" Path="animation/login/eyeTrans.png" PackFile="" />
            <File Name="eyeTrans" Path="animation/login/eyeTrans.png" PackFile="" />
            <File Name="eyeTrans" Path="animation/login/eyeTrans.png" PackFile="" />
            <File Name="eyeTrans" Path="animation/login/eyeTrans.png" PackFile="" />
            <File Name="eyeTrans" Path="animation/login/eyeTrans.png" PackFile="" />
            <File Name="eyeTrans" Path="animation/login/eyeTrans.png" PackFile="" />
            <File Name="eyeTrans" Path="animation/login/eyeTrans.png" PackFile="" />
            <File Name="leftEyeHalf" Path="animation/login/b12.png" PackFile="" />
            <File Name="leftEyeClose" Path="animation/login/b13.png" PackFile="" />
            <File Name="leftEyeHalf2" Path="animation/login/b12.png" PackFile="" />
            <File Name="eyeTrans" Path="animation/login/eyeTrans.png" PackFile="" />
            <File Name="eyeTrans" Path="animation/login/eyeTrans.png" PackFile="" />
            <File Name="eyeTrans" Path="animation/login/eyeTrans.png" PackFile="" />
            <File Name="eyeTrans" Path="animation/login/eyeTrans.png" PackFile="" />
            <File Name="eyeTrans" Path="animation/login/eyeTrans.png" PackFile="" />
            <File Name="eyeTrans" Path="animation/login/eyeTrans.png" PackFile="" />
            <File Name="eyeTrans" Path="animation/login/eyeTrans.png" PackFile="" />
            <File Name="eyeTrans" Path="animation/login/eyeTrans.png" PackFile="" />
            <File Name="eyeTrans" Path="animation/login/eyeTrans.png" PackFile="" />
          </Files>
        </Images>
        <Images Id="9" Name="rightEye" X="204" Y="107" Width="48" Height="48" XYScale="true" Visible="true" Time="0">
          <Files>
            <File Name="eyeTrans" Path="animation/login/eyeTrans.png" PackFile="" />
            <File Name="eyeTrans" Path="animation/login/eyeTrans.png" PackFile="" />
            <File Name="eyeTrans" Path="animation/login/eyeTrans.png" PackFile="" />
            <File Name="eyeTrans" Path="animation/login/eyeTrans.png" PackFile="" />
            <File Name="eyeTrans" Path="animation/login/eyeTrans.png" PackFile="" />
            <File Name="eyeTrans" Path="animation/login/eyeTrans.png" PackFile="" />
            <File Name="eyeTrans" Path="animation/login/eyeTrans.png" PackFile="" />
            <File Name="eyeTrans" Path="animation/login/eyeTrans.png" PackFile="" />
            <File Name="rightEyeHalf" Path="animation/login/b14.png" PackFile="" />
            <File Name="rightEyeClose" Path="animation/login/b15.png" PackFile="" />
            <File Name="b14" Path="animation/login/b14.png" PackFile="" />
            <File Name="eyeTrans" Path="animation/login/eyeTrans.png" PackFile="" />
            <File Name="eyeTrans" Path="animation/login/eyeTrans.png" PackFile="" />
            <File Name="eyeTrans" Path="animation/login/eyeTrans.png" PackFile="" />
            <File Name="eyeTrans" Path="animation/login/eyeTrans.png" PackFile="" />
            <File Name="eyeTrans" Path="animation/login/eyeTrans.png" PackFile="" />
            <File Name="eyeTrans" Path="animation/login/eyeTrans.png" PackFile="" />
            <File Name="eyeTrans" Path="animation/login/eyeTrans.png" PackFile="" />
            <File Name="eyeTrans" Path="animation/login/eyeTrans.png" PackFile="" />
            <File Name="eyeTrans" Path="animation/login/eyeTrans.png" PackFile="" />
          </Files>
        </Images>
        <Image Id="10" Name="rightLong" X="190" Y="20" Width="162" Height="342" XYScale="true" Visible="true" Time="0" Path="animation/login/b2.png" PackFile="">
          <Children />
        </Image>
        <Image Id="11" Name="rightShort" X="186" Y="55" Width="78" Height="141" XYScale="true" Visible="true" Time="0" Path="animation/login/b5.png" PackFile="">
          <Children />
        </Image>
        <Image Id="12" Name="leftLong" X="68" Y="30" Width="108" Height="160" XYScale="true" Visible="true" Time="0" Path="animation/login/b4.png" PackFile="">
          <Children />
        </Image>
        <Image Id="13" Name="leftShort2" X="86" Y="68" Width="101" Height="129" XYScale="true" Visible="true" Time="0" Path="animation/login/b6.png" PackFile="">
          <Children />
        </Image>
        <Image Id="14" Name="leftShort1" X="101" Y="66" Width="89" Height="141" XYScale="true" Visible="true" Time="0" Path="animation/login/b7.png" PackFile="">
          <Children />
        </Image>
        <Image Id="15" Name="brest" X="69" Y="237" Width="206" Height="192" XYScale="true" Visible="true" Time="0" Path="animation/login/b3.png" PackFile="">
          <Children />
        </Image>
        <Image Id="16" Name="arm" X="218" Y="297" Width="120" Height="214" XYScale="true" Visible="true" Time="0" Path="animation/login/b8.png" PackFile="">
          <Children />
        </Image>
        <Images Id="17" Name="card" X="253" Y="182" Width="105" Height="130" XYScale="true" Visible="true" Time="0">
          <Files>
            <File Name="b9" Path="animation/login/b9.png" PackFile="" />
            <File Name="b9" Path="animation/login/b9.png" PackFile="" />
            <File Name="b9" Path="animation/login/b9.png" PackFile="" />
            <File Name="b9" Path="animation/login/b9.png" PackFile="" />
            <File Name="b9" Path="animation/login/b9.png" PackFile="" />
            <File Name="b9" Path="animation/login/b9.png" PackFile="" />
            <File Name="b9" Path="animation/login/b9.png" PackFile="" />
            <File Name="b9" Path="animation/login/b9.png" PackFile="" />
            <File Name="c1" Path="animation/login/b9.png" PackFile="" />
            <File Name="c2" Path="animation/login/b10.png" PackFile="" />
            <File Name="c3" Path="animation/login/b11.png" PackFile="" />
            <File Name="b10" Path="animation/login/b10.png" PackFile="" />
            <File Name="b9" Path="animation/login/b9.png" PackFile="" />
            <File Name="b10" Path="animation/login/b10.png" PackFile="" />
            <File Name="b11" Path="animation/login/b11.png" PackFile="" />
            <File Name="b10" Path="animation/login/b10.png" PackFile="" />
            <File Name="b9" Path="animation/login/b9.png" PackFile="" />
            <File Name="b9" Path="animation/login/b9.png" PackFile="" />
            <File Name="b9" Path="animation/login/b9.png" PackFile="" />
            <File Name="b9" Path="animation/login/b9.png" PackFile="" />
            <File Name="b9" Path="animation/login/b9.png" PackFile="" />
            <File Name="b9" Path="animation/login/b9.png" PackFile="" />
            <File Name="b9" Path="animation/login/b9.png" PackFile="" />
            <File Name="b9" Path="animation/login/b9.png" PackFile="" />
            <File Name="b9" Path="animation/login/b9.png" PackFile="" />
          </Files>
        </Images>
        <Image Id="18" Name="girlStarBot" X="258" Y="455" Width="75" Height="75" XYScale="true" Visible="true" Time="0" Path="animation/login/girlStar.png" PackFile="">
          <Children />
        </Image>
        <Image Id="19" Name="girlStar1" X="210" Y="225" Width="50" Height="50" XYScale="true" Visible="true" Time="0" Path="animation/login/girlStar.png" PackFile="">
          <Children />
        </Image>
        <Image Id="20" Name="girlStar2" X="188" Y="235" Width="35" Height="35" XYScale="true" Visible="true" Time="0" Path="animation/login/girlStar.png" PackFile="">
          <Children />
        </Image>
        <Image Id="21" Name="girlStar3" X="167" Y="233" Width="35" Height="35" XYScale="true" Visible="true" Time="0" Path="animation/login/girlStar.png" PackFile="">
          <Children />
        </Image>
        <Image Id="22" Name="girlStar4" X="163" Y="225" Width="30" Height="30" XYScale="true" Visible="true" Time="0" Path="animation/login/girlStar.png" PackFile="">
          <Children />
        </Image>
      </Children>
    </Image>
  </Resources>
  <Animations>
    <Frame ResourceId="7" StartTime="0" AnimType="Loop" Duration="3500" StartValue="0" StopValue="0" Period="0.3" EaseType="Nil" Num="20" />
    <Frame ResourceId="9" StartTime="0" AnimType="Loop" Duration="3500" StartValue="0" StopValue="0" Period="0.3" EaseType="Nil" Num="20" />
    <Rotate ResourceId="10" StartTime="0" AnimType="Loop" Duration="1750" StartValue="0" StopValue="-2" Period="0.3" EaseType="Nil" CenterX="0" CenterY="0" CenterType="CustomCenter" />
    <Rotate ResourceId="11" StartTime="0" AnimType="Loop" Duration="1750" StartValue="0" StopValue="2" Period="0.3" EaseType="Nil" CenterX="0" CenterY="0" CenterType="CustomCenter" />
    <Rotate ResourceId="12" StartTime="0" AnimType="Loop" Duration="1750" StartValue="0" StopValue="4" Period="0.3" EaseType="Nil" CenterX="68" CenterY="0" CenterType="CustomCenter" />
    <Rotate ResourceId="13" StartTime="0" AnimType="Loop" Duration="1750" StartValue="0" StopValue="4" Period="0.3" EaseType="Nil" CenterX="86" CenterY="68" CenterType="CustomCenter" />
    <Rotate ResourceId="14" StartTime="0" AnimType="Loop" Duration="1750" StartValue="0" StopValue="3" Period="0.3" EaseType="Nil" CenterX="101" CenterY="0" CenterType="CustomCenter" />
    <Scale ResourceId="15" StartTime="0" AnimType="Loop" Duration="1750" StartValue="0" StopValue="0" StartValueX="1" StopValueX="1.04" StartValueY="1" StopValueY="1.04" CenterX="0" CenterY="0" CenterType="NodeCenter" />
    <Translate ResourceId="16" StartTime="0" AnimType="Repeat" Duration="1000" StartValue="0" StopValue="0" StartValueX="0" StopValueX="0" StartValueY="0" StopValueY="0" Period="0.3" EaseType="Nil" />
    <Frame ResourceId="17" StartTime="0" AnimType="Loop" Duration="3500" StartValue="0" StopValue="0" Period="0.3" EaseType="Nil" Num="24" />
    <Alpha ResourceId="18" StartTime="2000" AnimType="Normal" Duration="500" StartValue="0" StopValue="1" Period="0.3" EaseType="Nil" />
    <Rotate ResourceId="18" StartTime="2000" AnimType="Normal" Duration="1000" StartValue="45" StopValue="135" Period="0.3" EaseType="Nil" CenterX="0" CenterY="0" CenterType="NodeCenter" />
    <Alpha ResourceId="18" StartTime="2500" AnimType="Normal" Duration="500" StartValue="1" StopValue="0" Period="0.3" EaseType="Nil" />
    <Alpha ResourceId="19" StartTime="2000" AnimType="Normal" Duration="500" StartValue="0" StopValue="1" Period="0.3" EaseType="Nil" />
    <Alpha ResourceId="19" StartTime="2500" AnimType="Normal" Duration="500" StartValue="1" StopValue="0" Period="0.3" EaseType="Nil" />
    <Alpha ResourceId="20" StartTime="2100" AnimType="Normal" Duration="500" StartValue="0" StopValue="1" Period="0.3" EaseType="Nil" />
    <Alpha ResourceId="20" StartTime="2600" AnimType="Normal" Duration="500" StartValue="1" StopValue="0" Period="0.3" EaseType="Nil" />
    <Alpha ResourceId="21" StartTime="2200" AnimType="Normal" Duration="500" StartValue="0" StopValue="1" Period="0.3" EaseType="Nil" />
    <Alpha ResourceId="21" StartTime="2700" AnimType="Normal" Duration="500" StartValue="1" StopValue="0" Period="0.3" EaseType="Nil" />
    <Alpha ResourceId="22" StartTime="2300" AnimType="Normal" Duration="600" StartValue="0" StopValue="1" Period="0.3" EaseType="Nil" />
    <Alpha ResourceId="22" StartTime="2900" AnimType="Normal" Duration="500" StartValue="1" StopValue="0" Period="0.3" EaseType="Nil" />
    <Translate ResourceId="1" StartTime="0" AnimType="Repeat" Duration="3500" StartValue="0" StopValue="0" StartValueX="0" StopValueX="0" StartValueY="0" StopValueY="0" Period="0.3" EaseType="Nil" />
  </Animations>
</AnimationDefine>