<?xml version="1.0" encoding="utf-8"?>
<root type="0" typeName="View" time="0" x="0" y="0" width="0" height="0" visible="true" nodeAlign="8" fillParentWidth="false" fillParentHeight="false" name="">
  <container type="0" typeName="View" time="91728054" x="0" y="0" width="630" height="490" nodeAlign="8" visible="true" fillParentWidth="false" fillParentHeight="false" name="">
    <bg type="0" typeName="Image" time="91728124" x="20" y="30" width="410" height="180" nodeAlign="8" visible="true" fillParentWidth="false" fillParentHeight="false" file="help/feedback-page-text-input-background.png" name="" gridLeft="8" gridRight="8" gridTop="4" gridBottom="4">
      <txt_content type="0" typeName="EditTextView" time="91728226" x="0" y="0" width="390" height="160" nodeAlign="0" visible="true" fillParentWidth="false" fillParentHeight="false" string="" fontName="" fontSize="24" textAlign="8" color="0x1A1A1A" name="" />
    </bg>
    <btn_send type="0" typeName="Button" time="91728299" x="446" y="155" width="125" height="55" nodeAlign="8" visible="true" fillParentWidth="false" fillParentHeight="false" file="help/common-green-btn-up.png" name="" gridLeft="10" gridRight="10" gridTop="10" gridBottom="10">
      <txt_send type="0" typeName="Text" time="91728708" x="0" y="0" width="125" height="55" nodeAlign="0" visible="true" fillParentWidth="false" fillParentHeight="false" string="" fontName="" fontSize="24" textAlign="0" color="0xFFFFFF" />
    </btn_send>
  </container>
</root>