<?xml version="1.0" encoding="utf-8"?>
<root type="0" typeName="View" time="0" x="0" y="0" width="0" height="0" visible="true" fillParentWidth="true" fillParentHeight="true" nodeAlign="8">
  <style1 type="0" typeName="View" time="91177043" x="0" y="0" width="600" height="30" visible="false" fillParentWidth="false" fillParentHeight="false" nodeAlign="8">
    <txt_level type="4" typeName="Text" time="91177198" x="5" y="0" width="62" height="20" visible="true" fillParentWidth="false" fillParentHeight="false" nodeAlign="8" fontName="" fontSize="20" textAlign="7" color="0xFFD7A2" string="LV1"/>
    <txt_name type="4" typeName="Text" time="91177202" x="75" y="0" width="130" height="20" visible="true" fillParentWidth="false" fillParentHeight="false" nodeAlign="8" fontName="" fontSize="20" textAlign="7" color="0xF6E1C5" string="LV1"/>
    <txt_needExp type="4" typeName="Text" time="91177205" x="215" y="0" width="100" height="20" visible="true" fillParentWidth="false" fillParentHeight="false" nodeAlign="8" fontName="" fontSize="20" textAlign="7" color="0xF6E1C5" string="LV1"/>
    <txt_targetExp type="4" typeName="Text" time="91177208" x="325" y="0" width="70" height="20" visible="true" fillParentWidth="false" fillParentHeight="false" nodeAlign="8" fontName="" fontSize="20" textAlign="7" color="0xF6E1C5" string="LV1"/>
    <txt_chips type="4" typeName="Text" time="91177212" x="410" y="0" width="190" height="20" visible="true" fillParentWidth="false" fillParentHeight="false" nodeAlign="8" fontName="" fontSize="20" textAlign="7" color="0xF6E1C5" string="LV1"/>
  </style1>
  <style2 type="0" typeName="View" time="91177329" x="0" y="0" width="600" height="30" visible="true" fillParentWidth="false" fillParentHeight="false" nodeAlign="8">
    <bg type="1" typeName="Image" time="91177343" x="0" y="0" width="600" height="80" visible="true" fillParentWidth="false" fillParentHeight="false" nodeAlign="8" file="help/help-page-problem-item-background_back.png" packFile="" gridLeft="4" gridRight="4" gridTop="4" gridBottom="4">
      <txt_level type="4" typeName="Text" time="91177351" x="5" y="0" width="62" height="20" visible="true" fillParentWidth="false" fillParentHeight="false" nodeAlign="7" fontName="" fontSize="20" textAlign="7" color="0xF6E1C5" string="LV1"/>
      <txt_name type="4" typeName="Text" time="91177359" x="75" y="0" width="130" height="20" visible="true" fillParentWidth="false" fillParentHeight="false" nodeAlign="7" fontName="" fontSize="20" textAlign="7" color="0xF6E1C5" string="LV1"/>
      <txt_needExp type="4" typeName="Text" time="91177364" x="215" y="0" width="100" height="20" visible="true" fillParentWidth="false" fillParentHeight="false" nodeAlign="7" fontName="" fontSize="20" textAlign="7" color="0xF6E1C5" string="LV1"/>
      <txt_targetExp type="4" typeName="Text" time="91177368" x="325" y="0" width="70" height="20" visible="true" fillParentWidth="false" fillParentHeight="false" nodeAlign="7" fontName="" fontSize="20" textAlign="7" color="0xF6E1C5" string="LV1"/>
      <txt_chips type="4" typeName="Text" time="91177371" x="410" y="8" width="190" height="20" visible="true" fillParentWidth="false" fillParentHeight="false" nodeAlign="8" fontName="" fontSize="20" textAlign="7" color="0x85D5FB" string="LV1"/>
    </bg>
  </style2>
</root>
