<?xml version="1.0" encoding="utf-8"?>
<root type="0" typeName="View" time="0" x="0" y="0" width="0" height="0" visible="true" fillParentWidth="true" fillParentHeight="true" nodeAlign="8" name="">
  <bg type="1" typeName="Image" time="91524869" x="0" y="0" width="600" height="200" visible="true" fillParentWidth="false" fillParentHeight="false" nodeAlign="8" file="help/common_ranking_list_background.png" packFile="" gridLeft="12" gridRight="12" gridTop="12" gridBottom="12" name="">
    <img_user_icon type="1" typeName="Image" time="91525210" x="15" y="15" width="30" height="30" visible="true" fillParentWidth="false" fillParentHeight="false" nodeAlign="8" file="help/help-page-problem-question-icon.png" packFile="" gridLeft="0" gridRight="0" gridTop="0" gridBottom="0" name="" />
    <txt_user_feed_back type="5" typeName="TextView" time="91531773" x="63" y="21" width="520" height="20" visible="true" fillParentWidth="false" fillParentHeight="false" nodeAlign="8" fontName="" fontSize="20" textAlign="8" color="0x9AE3F8" string="userFeedBack" name="" />
    <txt_feed_back_date type="0" typeName="Text" time="91561052" x="383" y="59" width="200" height="20" nodeAlign="8" visible="true" fillParentWidth="false" fillParentHeight="false" string="feedBackDate" fontName="" fontSize="20" textAlign="2" color="0x9AE3F8" name="" />
    <txt_status type="0" typeName="Text" time="91561404" x="61" y="61" width="200" height="20" nodeAlign="8" visible="true" fillParentWidth="false" fillParentHeight="false" string="status" fontName="" fontSize="20" textAlign="8" color="0x9AE3F8" name="" />
    <img_part_line type="0" typeName="Image" time="91561784" x="5" y="104" width="590" height="4" nodeAlign="8" visible="true" fillParentWidth="false" fillParentHeight="false" file="help/part_line.png" name="" />
    <img_admin_icon type="0" typeName="Image" time="91561872" x="15" y="114" width="30" height="30" nodeAlign="8" visible="true" fillParentWidth="false" fillParentHeight="false" file="help/help-page-problem-answer-icon.png" name="" />
    <txt_reply type="0" typeName="TextView" time="91561994" x="62" y="117" width="520" height="20" nodeAlign="8" visible="true" fillParentWidth="false" fillParentHeight="false" string="reply" fontName="" fontSize="20" textAlign="8" color="0xFEF4E6" name="" />
    <txt_reply_date type="0" typeName="Text" time="91562079" x="382" y="154" width="200" height="20" nodeAlign="8" visible="true" fillParentWidth="false" fillParentHeight="false" string="replyDate" fontName="" fontSize="20" textAlign="2" color="0xFEF4E6" name="" />
  </bg>
</root>