<?xml version="1.0" encoding="utf-8"?>
<root type="0" typeName="View" time="0" x="0" y="0" width="0" height="0" visible="true" fillParentWidth="true" fillParentHeight="true" nodeAlign="8" name="">
  <container type="0" typeName="View" time="90580267" x="0" y="0" width="630" height="490" visible="true" fillParentWidth="false" fillParentHeight="false" nodeAlign="8" name="">
    <tab_container type="0" typeName="View" time="90580268" x="20" y="18" width="594" height="54" visible="true" fillParentWidth="false" fillParentHeight="false" nodeAlign="8" name="" />
    <content_container type="0" typeName="View" time="90580269" x="20" y="90" width="600" height="380" visible="true" fillParentWidth="false" fillParentHeight="false" nodeAlign="8" name="">
      <img_bg type="1" typeName="Image" time="90663914" x="0" y="0" width="410" height="180" visible="true" fillParentWidth="false" fillParentHeight="false" nodeAlign="8" file="help/feedback-page-text-input-background.png" packFile="" gridLeft="8" gridRight="8" gridTop="4" gridBottom="4" name="">
        <txt_content type="7" typeName="EditTextView" time="90664581" x="0" y="0" width="390" height="160" visible="true" fillParentWidth="false" fillParentHeight="false" nodeAlign="0" fontName="" fontSize="24" textAlign="8" color="0x958678" string="EditTextView1" name="" />
      </img_bg>
      <btn_send type="2" typeName="Button" time="90664342" x="434" y="125" width="125" height="55" visible="true" fillParentWidth="false" fillParentHeight="false" nodeAlign="8" file="help/common-green-btn-up.png" file2="" packFile="" gridLeft="10" gridRight="10" gridTop="10" gridBottom="10" name="">
        <txt_send type="4" typeName="Text" time="90664514" x="0" y="0" width="125" height="55" visible="true" fillParentWidth="false" fillParentHeight="false" nodeAlign="8" fontName="" fontSize="24" textAlign="0" color="0xFFFFFF" string="Text1" name="" />
      </btn_send>
      <btn_upload_img type="0" typeName="Button" time="91549760" x="421" y="20" width="160" height="90" nodeAlign="8" visible="true" fillParentWidth="false" fillParentHeight="false" file="help/feed-back-upload-btn-up-icon.png" name="" />
    </content_container>
    <img_top_over_lay type="0" typeName="Image" time="91537937" x="18" y="280" width="594" height="20" nodeAlign="8" visible="true" fillParentWidth="false" fillParentHeight="false" file="help/common_list_over_lay.png" name="" />
    <img_bottom_over_lay type="0" typeName="Image" time="91538061" x="18" y="470" width="594" height="20" nodeAlign="8" visible="true" fillParentWidth="false" fillParentHeight="false" file="help/common_list_over_lay.png" name="" />
    <bottom_list_container type="0" typeName="View" time="91538270" x="18" y="280" width="600" height="210" nodeAlign="8" visible="true" fillParentWidth="false" fillParentHeight="false" name="" />
  </container>
</root>