<?xml version="1.0" encoding="utf-8"?>
<root type="0" typeName="View" time="0" x="0" y="0" width="1280" height="720" visible="true" fillParentWidth="true" fillParentHeight="true" nodeAlign="8">
  <container type="0" typeName="View" time="90561138" x="0" y="0" width="630" height="490" visible="true" fillParentWidth="false" fillParentHeight="false" nodeAlign="8">
    <tab_container type="0" typeName="View" time="90561139" x="20" y="18" width="594" height="54" visible="true" fillParentWidth="false" fillParentHeight="false" nodeAlign="8"/>
    <card_container type="0" typeName="View" time="90561140" x="20" y="90" width="600" height="392" visible="true" fillParentWidth="false" fillParentHeight="false" nodeAlign="8">
      <bg type="1" typeName="Image" time="90583620" x="0" y="0" width="600" height="392" visible="true" fillParentWidth="false" fillParentHeight="false" nodeAlign="8" file="help/common_ranking_list_background.png" packFile="" gridLeft="15" gridRight="15" gridTop="15" gridBottom="15">
        <scrollview type="0" typeName="ScrollView" time="90641580" x="0" y="0" width="600" height="392" visible="true" fillParentWidth="false" fillParentHeight="false" nodeAlign="8">
          <txt1 type="4" typeName="Text" time="90641581" x="15" y="28" width="140" height="30" visible="true" fillParentWidth="false" fillParentHeight="false" nodeAlign="8" fontName="" fontSize="19" textAlign="7" color="0xFFFFFF" string="1.皇家同花顺"/>
          <txt2 type="4" typeName="Text" time="90641582" x="308" y="30" width="140" height="30" visible="true" fillParentWidth="false" fillParentHeight="false" nodeAlign="8" fontName="" fontSize="19" textAlign="7" color="0xFFFFFF" string="2.同花顺"/>
          <txt3 type="4" typeName="Text" time="90641583" x="15" y="105" width="140" height="30" visible="true" fillParentWidth="false" fillParentHeight="false" nodeAlign="8" fontName="" fontSize="19" textAlign="7" color="0xFFFFFF" string="Text3"/>
          <txt4 type="4" typeName="Text" time="90641584" x="310" y="105" width="140" height="30" visible="true" fillParentWidth="false" fillParentHeight="false" nodeAlign="8" fontName="" fontSize="19" textAlign="7" color="0xFFFFFF" string="Text4"/>
          <txt5 type="4" typeName="Text" time="90641585" x="15" y="185" width="140" height="30" visible="true" fillParentWidth="false" fillParentHeight="false" nodeAlign="8" fontName="" fontSize="19" textAlign="7" color="0xFFFFFF" string="Text5"/>
          <txt6 type="4" typeName="Text" time="90641586" x="310" y="185" width="140" height="30" visible="true" fillParentWidth="false" fillParentHeight="false" nodeAlign="8" fontName="" fontSize="19" textAlign="7" color="0xFFFFFF" string="Text6"/>
          <txt7 type="4" typeName="Text" time="90641587" x="15" y="265" width="140" height="30" visible="true" fillParentWidth="false" fillParentHeight="false" nodeAlign="8" fontName="" fontSize="19" textAlign="7" color="0xFFFFFF" string="Text7"/>
          <txt8 type="4" typeName="Text" time="90641588" x="310" y="265" width="140" height="30" visible="true" fillParentWidth="false" fillParentHeight="false" nodeAlign="8" fontName="" fontSize="19" textAlign="7" color="0xFFFFFF" string="Text1"/>
          <txt9 type="4" typeName="Text" time="90641589" x="15" y="340" width="140" height="30" visible="true" fillParentWidth="false" fillParentHeight="false" nodeAlign="8" fontName="" fontSize="19" textAlign="7" color="0xFFFFFF" string="Text1"/>
          <txt10 type="4" typeName="Text" time="90641590" x="310" y="340" width="140" height="30" visible="true" fillParentWidth="false" fillParentHeight="false" nodeAlign="8" fontName="" fontSize="19" textAlign="7" color="0xFFFFFF" string="Text10"/>
          <img1 type="1" typeName="Image" time="90641711" x="164" y="12" width="124" height="58" visible="true" fillParentWidth="false" fillParentHeight="false" nodeAlign="8" file="help/cardType/type1.png" packFile="" gridLeft="0" gridRight="0" gridTop="0" gridBottom="0"/>
          <img2 type="1" typeName="Image" time="90641803" x="452" y="12" width="124" height="58" visible="true" fillParentWidth="false" fillParentHeight="false" nodeAlign="8" file="help/cardType/type2.png" packFile="" gridLeft="0" gridRight="0" gridTop="0" gridBottom="0"/>
          <img3 type="1" typeName="Image" time="90641892" x="164" y="90" width="124" height="58" visible="true" fillParentWidth="false" fillParentHeight="false" nodeAlign="8" file="help/cardType/type3.png" packFile="" gridLeft="0" gridRight="0" gridTop="0" gridBottom="0"/>
          <img4 type="1" typeName="Image" time="90641933" x="452" y="90" width="124" height="58" visible="true" fillParentWidth="false" fillParentHeight="false" nodeAlign="8" file="help/cardType/type4.png" packFile="" gridLeft="0" gridRight="0" gridTop="0" gridBottom="0"/>
          <img5 type="1" typeName="Image" time="90641961" x="164" y="170" width="124" height="58" visible="true" fillParentWidth="false" fillParentHeight="false" nodeAlign="8" file="help/cardType/type5.png" packFile="" gridLeft="0" gridRight="0" gridTop="0" gridBottom="0"/>
          <img6 type="1" typeName="Image" time="90641985" x="452" y="170" width="124" height="58" visible="true" fillParentWidth="false" fillParentHeight="false" nodeAlign="8" file="help/cardType/type6.png" packFile="" gridLeft="0" gridRight="0" gridTop="0" gridBottom="0"/>
          <img7 type="1" typeName="Image" time="90642029" x="164" y="245" width="124" height="58" visible="true" fillParentWidth="false" fillParentHeight="false" nodeAlign="8" file="help/cardType/type7.png" packFile="" gridLeft="0" gridRight="0" gridTop="0" gridBottom="0"/>
          <img8 type="1" typeName="Image" time="90642082" x="452" y="245" width="124" height="58" visible="true" fillParentWidth="false" fillParentHeight="false" nodeAlign="8" file="help/cardType/type8.png" packFile="" gridLeft="0" gridRight="0" gridTop="0" gridBottom="0"/>
          <img9 type="1" typeName="Image" time="90642145" x="164" y="325" width="124" height="58" visible="true" fillParentWidth="false" fillParentHeight="false" nodeAlign="8" file="help/cardType/type9.png" packFile="" gridLeft="0" gridRight="0" gridTop="0" gridBottom="0"/>
          <img10 type="1" typeName="Image" time="90642177" x="452" y="325" width="124" height="58" visible="true" fillParentWidth="false" fillParentHeight="false" nodeAlign="8" file="help/cardType/type10.png" packFile="" gridLeft="0" gridRight="0" gridTop="0" gridBottom="0"/>
        </scrollview>
      </bg>
    </card_container>
    <rule_container type="0" typeName="View" time="90561773" x="20" y="90" width="600" height="392" visible="false" fillParentWidth="false" fillParentHeight="false" nodeAlign="8">
      <bg type="1" typeName="Image" time="90642889" x="0" y="0" width="600" height="392" visible="true" fillParentWidth="false" fillParentHeight="false" nodeAlign="8" file="help/common_ranking_list_background.png" packFile="" gridLeft="15" gridRight="15" gridTop="15" gridBottom="15">
        <scrollview type="0" typeName="ScrollView" time="90642918" x="0" y="0" width="600" height="390" visible="true" fillParentWidth="false" fillParentHeight="false" nodeAlign="8">
          <txt_card_rule type="4" typeName="Text" time="90642931" x="12" y="12" width="200" height="20" visible="true" fillParentWidth="false" fillParentHeight="false" nodeAlign="8" fontName="" fontSize="20" textAlign="7" color="0x8CE6F0" string="成牌规则"/>
          <txt_public_card type="4" typeName="Text" time="90643128" x="125" y="55" width="64" height="20" visible="true" fillParentWidth="false" fillParentHeight="false" nodeAlign="8" fontName="" fontSize="20" textAlign="7" color="0x8CE6F0" string="公共牌"/>
          <img_public_card type="1" typeName="Image" time="90643253" x="190" y="37" width="237" height="60" visible="true" fillParentWidth="false" fillParentHeight="false" nodeAlign="8" file="help/rules/public_card.png" packFile="" gridLeft="0" gridRight="0" gridTop="0" gridBottom="0"/>
          <img_best_cardA type="1" typeName="Image" time="90660064" x="80" y="236" width="211" height="55" visible="true" fillParentWidth="false" fillParentHeight="false" nodeAlign="8" file="help/rules/best_card1.png" packFile="" gridLeft="0" gridRight="0" gridTop="0" gridBottom="0"/>
          <img_best_cardB type="1" typeName="Image" time="90660357" x="295" y="236" width="211" height="55" visible="true" fillParentWidth="false" fillParentHeight="false" nodeAlign="8" file="help/rules/best_card2.png" packFile="" gridLeft="0" gridRight="0" gridTop="0" gridBottom="0"/>
          <img_hand_cardA type="1" typeName="Image" time="90662159" x="190" y="135" width="80" height="60" visible="true" fillParentWidth="false" fillParentHeight="false" nodeAlign="8" file="help/rules/hand_card1.png" packFile="" gridLeft="0" gridRight="0" gridTop="0" gridBottom="0"/>
          <img_hand_cardB type="1" typeName="Image" time="90662330" x="345" y="135" width="81" height="60" visible="true" fillParentWidth="false" fillParentHeight="false" nodeAlign="8" file="help/rules/hand_card2.png" packFile="" gridLeft="0" gridRight="0" gridTop="0" gridBottom="0"/>
          <img_arrow1 type="1" typeName="Image" time="90643410" x="197" y="100" width="25" height="34" visible="true" fillParentWidth="false" fillParentHeight="false" nodeAlign="8" file="help/rules/help_arrow.png" packFile="" gridLeft="0" gridRight="0" gridTop="0" gridBottom="0"/>
          <img_arrow3 type="1" typeName="Image" time="90644227" x="196" y="200" width="25" height="34" visible="true" fillParentWidth="false" fillParentHeight="false" nodeAlign="8" file="help/rules/help_arrow.png" packFile="" gridLeft="0" gridRight="0" gridTop="0" gridBottom="0"/>
          <img_arrow2 type="1" typeName="Image" time="90643455" x="400" y="99" width="25" height="34" visible="true" fillParentWidth="false" fillParentHeight="false" nodeAlign="8" file="help/rules/help_arrow.png" packFile="" gridLeft="0" gridRight="0" gridTop="0" gridBottom="0"/>
          <img_arrow4 type="1" typeName="Image" time="90644248" x="399" y="199" width="25" height="34" visible="true" fillParentWidth="false" fillParentHeight="false" nodeAlign="8" file="help/rules/help_arrow.png" packFile="" gridLeft="0" gridRight="0" gridTop="0" gridBottom="0"/>
          <txt_plus1 type="4" typeName="Text" time="90643472" x="222" y="99" width="100" height="20" visible="true" fillParentWidth="false" fillParentHeight="false" nodeAlign="8" fontName="" fontSize="20" textAlign="7" color="0xFFFFFF" string="加上"/>
          <txt_plus2 type="4" typeName="Text" time="90643521" x="360" y="99" width="100" height="20" visible="true" fillParentWidth="false" fillParentHeight="false" nodeAlign="8" fontName="" fontSize="20" textAlign="7" color="0xFFFFFF" string="加上"/>
          <img_playerA type="1" typeName="Image" time="90643553" x="44" y="247" width="35" height="37" visible="true" fillParentWidth="false" fillParentHeight="false" nodeAlign="8" file="help/rules/help_player_a.png" packFile="" gridLeft="0" gridRight="0" gridTop="0" gridBottom="0"/>
          <img_playerB type="1" typeName="Image" time="90643592" x="505" y="247" width="35" height="37" visible="true" fillParentWidth="false" fillParentHeight="false" nodeAlign="8" file="help/rules/help_player_b.png" packFile="" gridLeft="0" gridRight="0" gridTop="0" gridBottom="0"/>
          <txt_playerA type="5" typeName="TextView" time="90644072" x="117" y="186" width="60" height="40" visible="true" fillParentWidth="false" fillParentHeight="false" nodeAlign="8" fontName="" fontSize="20" textAlign="7" color="0x8CE6F0" string="玩家A手牌"/>
          <txt_playerB type="5" typeName="TextView" time="90644206" x="452" y="185" width="60" height="40" visible="true" fillParentWidth="false" fillParentHeight="false" nodeAlign="8" fontName="" fontSize="20" textAlign="7" color="0x8CE6F0" string="玩家A手牌"/>
          <img_loser type="1" typeName="Image" time="90644286" x="3" y="240" width="49" height="49" visible="true" fillParentWidth="false" fillParentHeight="false" nodeAlign="8" file="help/rules/help_loser.png" packFile="" gridLeft="0" gridRight="0" gridTop="0" gridBottom="0">
            <txt_loser type="4" typeName="Text" time="90644336" x="0" y="0" width="49" height="49" visible="true" fillParentWidth="false" fillParentHeight="false" nodeAlign="8" fontName="" fontSize="20" textAlign="0" color="0xFFFFFF" string="负方"/>
          </img_loser>
          <img_winner type="1" typeName="Image" time="90644382" x="534" y="240" width="49" height="49" visible="true" fillParentWidth="false" fillParentHeight="false" nodeAlign="8" file="help/rules/help_winner.png" packFile="" gridLeft="0" gridRight="0" gridTop="0" gridBottom="0">
            <txt_winner type="4" typeName="Text" time="90644383" x="0" y="0" width="49" height="49" visible="true" fillParentWidth="false" fillParentHeight="false" nodeAlign="8" fontName="" fontSize="20" textAlign="0" color="0xFFFFFF" string="负方"/>
          </img_winner>
          <img_playerA1 type="1" typeName="Image" time="90644476" x="126" y="146" width="35" height="37" visible="true" fillParentWidth="false" fillParentHeight="false" nodeAlign="8" file="help/rules/help_player_a.png" packFile="" gridLeft="0" gridRight="0" gridTop="0" gridBottom="0"/>
          <img_playerB1 type="1" typeName="Image" time="90644495" x="462" y="147" width="35" height="37" visible="true" fillParentWidth="false" fillParentHeight="false" nodeAlign="8" file="help/rules/help_player_b.png" packFile="" gridLeft="0" gridRight="0" gridTop="0" gridBottom="0"/>
          <txt_playerA_best type="5" typeName="TextView" time="90644689" x="82" y="299" width="80" height="40" visible="true" fillParentWidth="false" fillParentHeight="false" nodeAlign="8" fontName="" fontSize="20" textAlign="7" color="0x8CE6F0" string="玩家A最佳牌型"/>
          <txt_playerB_best type="5" typeName="TextView" time="90644861" x="429" y="299" width="80" height="40" visible="true" fillParentWidth="false" fillParentHeight="false" nodeAlign="8" fontName="" fontSize="20" textAlign="7" color="0x8CE6F0" string="玩家A最佳牌型"/>
          <txt_typeA type="4" typeName="Text" time="90644932" x="171" y="300" width="30" height="20" visible="true" fillParentWidth="false" fillParentHeight="false" nodeAlign="8" fontName="" fontSize="20" textAlign="7" color="0xFFFFFF" string="三条"/>
          <txt_typeB type="4" typeName="Text" time="90644962" x="383" y="300" width="40" height="20" visible="true" fillParentWidth="false" fillParentHeight="false" nodeAlign="8" fontName="" fontSize="20" textAlign="7" color="0xFFFFFF" string="三条"/>
          <txt_title1 type="4" typeName="Text" time="90646244" x="12" y="357" width="40" height="20" visible="true" fillParentWidth="false" fillParentHeight="false" nodeAlign="8" fontName="" fontSize="20" textAlign="7" color="0x8CE6F0" string="用牌"/>
          <txt_content1 type="5" typeName="TextView" time="90646326" x="11" y="380" width="570" height="20" visible="true" fillParentWidth="false" fillParentHeight="false" nodeAlign="8" fontName="" fontSize="20" textAlign="7" color="0xFFFFFF" string="除大小王外的52张扑克牌"/>
          <txt_title2 type="4" typeName="Text" time="90646592" x="12" y="410" width="40" height="20" visible="true" fillParentWidth="false" fillParentHeight="false" nodeAlign="8" fontName="" fontSize="20" textAlign="7" color="0x8CE6F0" string="游戏人数"/>
          <txt_content2 type="5" typeName="TextView" time="90646656" x="11" y="433" width="570" height="20" visible="true" fillParentWidth="false" fillParentHeight="false" nodeAlign="8" fontName="" fontSize="20" textAlign="7" color="0xFFFFFF" string="2-9人,两人即可开始游戏，最多9人"/>
          <txt_title3 type="4" typeName="Text" time="90647187" x="12" y="463" width="40" height="20" visible="true" fillParentWidth="false" fillParentHeight="false" nodeAlign="8" fontName="" fontSize="20" textAlign="7" color="0x8CE6F0" string="游戏人数"/>
          <txt_content3 type="5" typeName="TextView" time="90647131" x="11" y="486" width="570" height="42" visible="true" fillParentWidth="false" fillParentHeight="false" nodeAlign="8" fontName="" fontSize="20" textAlign="7" color="0xFFFFFF" string="除大小王外的52张扑克牌"/>
          <txt_title4 type="4" typeName="Text" time="90647296" x="12" y="538" width="40" height="20" visible="true" fillParentWidth="false" fillParentHeight="false" nodeAlign="8" fontName="" fontSize="20" textAlign="7" color="0x8CE6F0" string="游戏人数"/>
          <txt_content4 type="5" typeName="TextView" time="90647325" x="11" y="562" width="570" height="42" visible="true" fillParentWidth="false" fillParentHeight="false" nodeAlign="8" fontName="" fontSize="20" textAlign="7" color="0xFFFFFF" string="除大小王外的52张扑克牌"/>
        </scrollview>
      </bg>
    </rule_container>
    <bet_container type="0" typeName="View" time="90561775" x="20" y="90" width="600" height="392" visible="false" fillParentWidth="false" fillParentHeight="false" nodeAlign="8"/>
    <pro_container type="0" typeName="View" time="90561777" x="20" y="90" width="600" height="392" visible="false" fillParentWidth="false" fillParentHeight="false" nodeAlign="8"/>
  </container>
</root>
