<?xml version="1.0" encoding="utf-8"?>
<root type="0" typeName="View" time="0" x="0" y="0" width="0" height="0" visible="true" fillParentWidth="true" fillParentHeight="true" nodeAlign="8">
  <container type="0" typeName="View" time="90579834" x="0" y="0" width="630" height="490" visible="true" fillParentWidth="false" fillParentHeight="false" nodeAlign="8">
    <tab_container type="0" typeName="View" time="90579835" x="20" y="18" width="594" height="54" visible="true" fillParentWidth="false" fillParentHeight="false" nodeAlign="8"/>
    <common_container type="0" typeName="View" time="90579836" x="20" y="90" width="600" height="380" visible="true" fillParentWidth="false" fillParentHeight="false" nodeAlign="8">
      <img_top_over_Lay type="1" typeName="Image" time="91013805" x="0" y="-14" width="600" height="20" visible="true" fillParentWidth="false" fillParentHeight="false" nodeAlign="8" file="help/common_list_over_lay.png" packFile="" gridLeft="0" gridRight="0" gridTop="0" gridBottom="0"/>
      <img_bottom_over_Lay type="1" typeName="Image" time="91014004" x="0" y="370" width="600" height="20" visible="true" fillParentWidth="false" fillParentHeight="false" nodeAlign="8" file="help/common_list_over_lay.png" packFile="" gridLeft="0" gridRight="0" gridTop="0" gridBottom="0"/>
    </common_container>
    <pay_container type="0" typeName="View" time="90579837" x="20" y="90" width="600" height="380" visible="false" fillParentWidth="false" fillParentHeight="false" nodeAlign="8">
      <img_top_over_Lay type="1" typeName="Image" time="91096261" x="0" y="-14" width="600" height="20" visible="true" fillParentWidth="false" fillParentHeight="false" nodeAlign="8" file="help/common_list_over_lay.png" packFile="" gridLeft="0" gridRight="0" gridTop="0" gridBottom="0"/>
      <img_bottom_over_Lay type="1" typeName="Image" time="91096282" x="0" y="370" width="600" height="20" visible="true" fillParentWidth="false" fillParentHeight="false" nodeAlign="8" file="help/common_list_over_lay.png" packFile="" gridLeft="0" gridRight="0" gridTop="0" gridBottom="0"/>
    </pay_container>
    <account_container type="0" typeName="View" time="90579838" x="20" y="90" width="600" height="380" visible="false" fillParentWidth="false" fillParentHeight="false" nodeAlign="8">
      <img_top_over_Lay type="1" typeName="Image" time="91096265" x="0" y="-14" width="600" height="20" visible="true" fillParentWidth="false" fillParentHeight="false" nodeAlign="8" file="help/common_list_over_lay.png" packFile="" gridLeft="0" gridRight="0" gridTop="0" gridBottom="0"/>
      <img_bottom_over_Lay type="1" typeName="Image" time="91096285" x="0" y="370" width="600" height="20" visible="true" fillParentWidth="false" fillParentHeight="false" nodeAlign="8" file="help/common_list_over_lay.png" packFile="" gridLeft="0" gridRight="0" gridTop="0" gridBottom="0"/>
    </account_container>
    <login_container type="0" typeName="View" time="90579839" x="20" y="90" width="600" height="380" visible="false" fillParentWidth="false" fillParentHeight="false" nodeAlign="8">
      <img_top_over_Lay type="1" typeName="Image" time="91096267" x="0" y="-14" width="600" height="20" visible="true" fillParentWidth="false" fillParentHeight="false" nodeAlign="8" file="help/common_list_over_lay.png" packFile="" gridLeft="0" gridRight="0" gridTop="0" gridBottom="0"/>
      <img_bottom_over_Lay type="1" typeName="Image" time="91096287" x="0" y="370" width="600" height="20" visible="true" fillParentWidth="false" fillParentHeight="false" nodeAlign="8" file="help/common_list_over_lay.png" packFile="" gridLeft="0" gridRight="0" gridTop="0" gridBottom="0"/>
    </login_container>
  </container>
</root>
