<?xml version="1.0" encoding="utf-8"?>
<root type="0" typeName="View" time="0" x="0" y="0" width="0" height="0" visible="true" fillParentWidth="true" fillParentHeight="true" nodeAlign="8">
  <bg type="1" typeName="Image" time="92301940" x="0" y="0" width="120" height="112" visible="true" fillParentWidth="false" fillParentHeight="false" nodeAlign="8" file="gift/gift_item_background.png" packFile="" gridLeft="19" gridRight="20" gridTop="19" gridBottom="20">
    <img_selected type="1" typeName="Image" time="92302156" x="89" y="2" width="29" height="29" visible="false" fillParentWidth="false" fillParentHeight="false" nodeAlign="8" file="gift/gift_item_tag_selected.png" packFile="" gridLeft="0" gridRight="0" gridTop="0" gridBottom="0"/>
    <img_tag type="1" typeName="Image" time="92302260" x="88" y="-8" width="40" height="40" visible="false" fillParentWidth="false" fillParentHeight="false" nodeAlign="8" file="gift/gift_item_tag_hot.png" packFile="" gridLeft="0" gridRight="0" gridTop="0" gridBottom="0"/>
    <price_desc_container type="0" typeName="View" time="92302634" x="4" y="90" width="112" height="22" visible="true" fillParentWidth="false" fillParentHeight="false" nodeAlign="8">
      <img_price_desc_bg type="1" typeName="Image" time="92302578" x="0" y="0" width="12" height="12" visible="true" fillParentWidth="true" fillParentHeight="true" nodeAlign="8" file="gift/gift_item_label_background.png" packFile="" gridLeft="4" gridRight="6" gridTop="4" gridBottom="6"/>
      <txt_price_desc type="4" typeName="Text" time="92302328" x="0" y="0" width="112" height="22" visible="true" fillParentWidth="false" fillParentHeight="false" nodeAlign="8" fontName="" fontSize="20" textAlign="0" color="0xFFF0E2" string=""/>
    </price_desc_container>
  </bg>
</root>
