<?xml version="1.0" encoding="utf-8"?>
<root type="0" typeName="View" time="0" x="0" y="0" width="1280" height="720" visible="true" fillParentWidth="true" fillParentHeight="true" nodeAlign="8">
  <bg type="1" typeName="Image" time="92220635" x="240" y="147" width="800" height="506" visible="true" fillParentWidth="false" fillParentHeight="false" nodeAlign="8" file="common/common-pop-up-background-back.png" packFile="" gridLeft="12" gridRight="12" gridTop="12" gridBottom="12">
    <bg_up type="1" typeName="Image" time="92220797" x="4" y="108" width="792" height="382" visible="true" fillParentWidth="false" fillParentHeight="false" nodeAlign="8" file="common/common-pop-up-background-up.png" packFile="" gridLeft="4" gridRight="4" gridTop="4" gridBottom="4"/>
    <img_top_light type="1" typeName="Image" time="92220901" x="0" y="0" width="800" height="108" visible="true" fillParentWidth="false" fillParentHeight="false" nodeAlign="8" file="common/match-top-light.png" packFile="" gridLeft="0" gridRight="0" gridTop="0" gridBottom="0"/>
    <btn_close type="2" typeName="Button" time="92283545" x="771" y="-29" width="58" height="61" visible="true" fillParentWidth="false" fillParentHeight="false" nodeAlign="8" file="common/common-close-btn-up.png" file2="common/common-close-btn-down.png" packFile="" gridLeft="0" gridRight="0" gridTop="0" gridBottom="0"/>
    <left_container type="0" typeName="View" time="92284415" x="4" y="108" width="184" height="380" visible="true" fillParentWidth="false" fillParentHeight="false" nodeAlign="8">
      <img_left_bg type="1" typeName="Image" time="92284509" x="0" y="0" width="184" height="382" visible="true" fillParentWidth="false" fillParentHeight="false" nodeAlign="8" file="common/common-pop-up-background-up-dark.png" packFile="" gridLeft="4" gridRight="4" gridTop="4" gridBottom="4"/>
      <img_left_icon type="1" typeName="Image" time="92284611" x="38" y="17" width="10" height="13" visible="true" fillParentWidth="false" fillParentHeight="false" nodeAlign="8" file="main/page-pop-up-tab-group-decoration.png" packFile="" gridLeft="0" gridRight="0" gridTop="0" gridBottom="0"/>
      <img_right_icon type="1" typeName="Image" time="92284612" x="136" y="17" width="10" height="13" visible="true" fillParentWidth="false" fillParentHeight="false" nodeAlign="8" file="main/page-pop-up-tab-group-decoration.png" packFile="" gridLeft="0" gridRight="0" gridTop="0" gridBottom="0"/>
      <txt_title type="4" typeName="Text" time="92284736" x="52" y="13" width="80" height="22" visible="true" fillParentWidth="false" fillParentHeight="false" nodeAlign="8" fontName="" fontSize="20" textAlign="7" color="0xD5A274" string=""/>
    </left_container>
    <top_container type="0" typeName="View" time="92285768" x="24" y="24" width="752" height="66" visible="true" fillParentWidth="false" fillParentHeight="false" nodeAlign="8"/>
    <right_container type="0" typeName="View" time="92301170" x="208" y="108" width="588" height="374" visible="true" fillParentWidth="false" fillParentHeight="false" nodeAlign="8"/>
    <btn_quickly_sales_gift type="2" typeName="Button" time="92395065" x="382" y="418" width="260" height="60" visible="false" fillParentWidth="false" fillParentHeight="false" nodeAlign="8" file="common/common-green-btn-up.png" file2="common/common-green-btn-down.png" packFile="" gridLeft="10" gridRight="12" gridTop="10" gridBottom="12">
      <txt_quickly_sales_gift type="4" typeName="Text" time="92395147" x="0" y="0" width="200" height="26" visible="true" fillParentWidth="false" fillParentHeight="false" nodeAlign="0" fontName="" fontSize="24" textAlign="0" color="0xF5F5F5" string=""/>
    </btn_quickly_sales_gift>
  </bg>
</root>
