<?xml version="1.0" encoding="utf-8"?>
<root type="0" typeName="View" time="0" x="0" y="0" width="215" height="696" visible="true" fillParentWidth="false" fillParentHeight="false" nodeAlign="8">
  <bg type="1" typeName="Image" time="91261892" x="0" y="0" width="215" height="696" visible="true" fillParentWidth="false" fillParentHeight="false" nodeAlign="8" file="home/rank/main_rank_list_bg.png" packFile="" gridLeft="0" gridRight="0" gridTop="0" gridBottom="0">
    <rank_title_anim_container type="0" typeName="View" time="91261893" x="40" y="28" width="100" height="42" visible="true" fillParentWidth="false" fillParentHeight="false" nodeAlign="8"/>
    <img_rank_title type="1" typeName="Image" time="91261894" x="-17" y="28" width="100" height="43" visible="true" fillParentWidth="false" fillParentHeight="false" nodeAlign="1" file="home/rank/main_rank_hand_bg.png" packFile="" gridLeft="0" gridRight="0" gridTop="0" gridBottom="0"/>
    <list_container type="0" typeName="View" time="91262079" x="10" y="76" width="150" height="615" visible="true" fillParentWidth="false" fillParentHeight="false" nodeAlign="8"/>
    <btn_rank_list type="2" typeName="Button" time="91261895" x="158" y="282" width="60" height="120" visible="true" fillParentWidth="false" fillParentHeight="false" nodeAlign="8" file="home/rankBtn.png" file2="" packFile="" gridLeft="0" gridRight="0" gridTop="0" gridBottom="0"/>
    <btn_arrow_right type="2" typeName="Button" time="91261896" x="137" y="29" width="29" height="40" visible="true" fillParentWidth="false" fillParentHeight="false" nodeAlign="8" file="home/rank/main_rank_btn_icon.png" file2="" packFile="" gridLeft="0" gridRight="0" gridTop="0" gridBottom="0"/>
    <btn_arrow_left type="2" typeName="Button" time="91261897" x="15" y="29" width="29" height="40" visible="true" fillParentWidth="false" fillParentHeight="false" nodeAlign="8" file="home/rank/main_rank_btn_icon_left.png" file2="" packFile="" gridLeft="0" gridRight="0" gridTop="0" gridBottom="0"/>
  </bg>
</root>
