<?xml version="1.0" encoding="utf-8"?>
<root type="0" typeName="View" time="0" x="0" y="0" width="0" height="0" visible="true" fillParentWidth="true" fillParentHeight="true" nodeAlign="8" name="">
  <bg type="1" typeName="Image" time="87460629" x="0" y="0" width="1280" height="720" visible="true" fillParentWidth="true" fillParentHeight="true" nodeAlign="8" file="home/public_background.jpg" packFile="" gridLeft="0" gridRight="0" gridTop="0" gridBottom="0" name="">
    <eff_container type="0" typeName="View" time="91034970" x="0" y="0" width="0" height="0" visible="true" fillParentWidth="true" fillParentHeight="true" nodeAlign="8" name="" />
    <snow_container type="0" typeName="View" time="91212969" x="0" y="0" width="0" height="0" visible="true" fillParentWidth="true" fillParentHeight="true" nodeAlign="8" name="" />
    <anim_container type="0" typeName="View" time="89950727" x="-80" y="180" width="300" height="500" visible="true" fillParentWidth="false" fillParentHeight="false" nodeAlign="5" name="" />
    <rank_list_container type="0" typeName="View" time="91270919" x="0" y="0" width="215" height="696" visible="true" fillParentWidth="false" fillParentHeight="false" nodeAlign="7" name="" />
    <img_user_bg type="1" typeName="Image" time="87460918" x="86" y="1" width="1100" height="180" visible="true" fillParentWidth="false" fillParentHeight="false" nodeAlign="5" file="home/main_user_bg.png" packFile="" gridLeft="0" gridRight="0" gridTop="0" gridBottom="0" name="">
      <btn_play_now type="2" typeName="Button" time="87462026" x="29" y="8" width="380" height="182" visible="true" fillParentWidth="false" fillParentHeight="false" nodeAlign="3" file="home/main_playnow_btn_icon.png" file2="" packFile="" gridLeft="0" gridRight="0" gridTop="0" gridBottom="0" name="" />
      <img_user_head type="1" typeName="Image" time="87462948" x="61" y="47" width="87" height="87" visible="true" fillParentWidth="false" fillParentHeight="false" nodeAlign="8" file="userinfo/imgface_1.jpg" packFile="" gridLeft="0" gridRight="0" gridTop="0" gridBottom="0" name="" />
      <txt_level type="4" typeName="Text" time="88055304" x="60" y="100" width="48" height="24" visible="true" fillParentWidth="false" fillParentHeight="false" nodeAlign="8" fontName="" fontSize="20" textAlign="7" color="0xFFFFFF" string="LV.3" name="" />
      <btn_user_image_cover type="2" typeName="Button" time="87462988" x="43" y="30" width="119" height="119" visible="true" fillParentWidth="false" fillParentHeight="false" nodeAlign="8" file="home/main_user_image_cover.png" file2="" packFile="" gridLeft="0" gridRight="0" gridTop="0" gridBottom="0" name="" />
      <txt_user_name type="4" typeName="Text" time="87463325" x="172" y="42" width="200" height="50" visible="true" fillParentWidth="false" fillParentHeight="false" nodeAlign="8" fontName="" fontSize="30" textAlign="7" color="0xFFFFFF" string="鼎伍" name="" />
      <img_chip type="1" typeName="Image" time="87463369" x="172" y="100" width="30" height="30" visible="true" fillParentWidth="false" fillParentHeight="false" nodeAlign="8" file="common/chip-icon.png" packFile="" gridLeft="0" gridRight="0" gridTop="0" gridBottom="0" name="" />
      <txt_chip_num type="4" typeName="Text" time="87463381" x="212" y="103" width="143" height="25" visible="true" fillParentWidth="false" fillParentHeight="false" nodeAlign="8" fontName="" fontSize="22" textAlign="7" color="0xD5B937" string="100,017,629" name="" />
      <txt_special type="4" typeName="Text" time="89264651" x="394" y="45" width="150" height="30" visible="true" fillParentWidth="false" fillParentHeight="false" nodeAlign="8" fontName="" fontSize="24" textAlign="7" color="0xFFFFFF" string="新手上路" name="" />
      <txt_task type="4" typeName="Text" time="89264790" x="394" y="100" width="150" height="30" visible="true" fillParentWidth="false" fillParentHeight="false" nodeAlign="8" fontName="" fontSize="24" textAlign="7" color="0xFFFFFF" string="levelReward" name="" />
    </img_user_bg>
    <btn_normal_game type="2" typeName="Button" time="87461833" x="35" y="-215" width="380" height="182" visible="true" fillParentWidth="false" fillParentHeight="false" nodeAlign="3" file="home/main_normalgame_btn_icon.png" file2="" packFile="" gridLeft="0" gridRight="0" gridTop="0" gridBottom="0" name="" />
    <btn_sng_game type="2" typeName="Button" time="87461835" x="35" y="-63" width="380" height="182" visible="true" fillParentWidth="false" fillParentHeight="false" nodeAlign="3" file="home/main_sng_btn_icon.png" file2="" packFile="" gridLeft="0" gridRight="0" gridTop="0" gridBottom="0" name="" />
    <btn_mtt_game type="2" typeName="Button" time="87461837" x="30" y="88" width="380" height="182" visible="true" fillParentWidth="false" fillParentHeight="false" nodeAlign="3" file="home/main_mtt_btn_icon.png" file2="" packFile="" gridLeft="0" gridRight="0" gridTop="0" gridBottom="0" name="" />
    <btn_shop type="2" typeName="Button" time="87462287" x="435" y="10" width="65" height="70" visible="true" fillParentWidth="false" fillParentHeight="false" nodeAlign="2" file="home/main_shop_btn_icon.png" file2="" packFile="" gridLeft="0" gridRight="0" gridTop="0" gridBottom="0" name="" />
    <btn_game type="2" typeName="Button" time="87462290" x="335" y="10" width="75" height="60" visible="true" fillParentWidth="false" fillParentHeight="false" nodeAlign="2" file="home/main_game_btn_icon.png" file2="" packFile="" gridLeft="0" gridRight="0" gridTop="0" gridBottom="0" name="" />
    <btn_email type="2" typeName="Button" time="87462293" x="135" y="10" width="75" height="60" visible="true" fillParentWidth="false" fillParentHeight="false" nodeAlign="2" file="home/main_email_btn_icon.png" file2="" packFile="" gridLeft="0" gridRight="0" gridTop="0" gridBottom="0" name="" />
    <btn_list_btnArr type="2" typeName="Button" time="87462294" x="35" y="10" width="75" height="60" visible="true" fillParentWidth="false" fillParentHeight="false" nodeAlign="2" file="home/main_btnList_btn_icon.png" file2="" packFile="" gridLeft="0" gridRight="0" gridTop="0" gridBottom="0" name="" />
    <btn_friends type="2" typeName="Button" time="87462460" x="235" y="10" width="76" height="76" visible="true" fillParentWidth="false" fillParentHeight="false" nodeAlign="2" file="home/main_friends_icon.png" file2="" packFile="" gridLeft="0" gridRight="0" gridTop="0" gridBottom="0" name="" />
    <img_game_list_bg type="1" typeName="Image" time="87467485" x="189" y="60" width="375" height="200" visible="false" fillParentWidth="false" fillParentHeight="false" nodeAlign="2" file="home/main_game_list_bg.png" packFile="" gridLeft="0" gridRight="0" gridTop="0" gridBottom="0" name="">
      <btn_wheel type="2" typeName="Button" time="87467725" x="61" y="42" width="84" height="80" visible="true" fillParentWidth="false" fillParentHeight="false" nodeAlign="8" file="home/act_icon_wheel_background.png" file2="" packFile="" gridLeft="0" gridRight="0" gridTop="0" gridBottom="0" name="">
        <img_flash_dark1 type="1" typeName="Image" time="88050908" x="38" y="9" width="8" height="8" visible="true" fillParentWidth="false" fillParentHeight="false" nodeAlign="8" file="home/act_icon_wheel_flash_1_dark.png" packFile="" gridLeft="0" gridRight="0" gridTop="0" gridBottom="0" name="" />
        <img_flash_dark2 type="1" typeName="Image" time="88051010" x="57" y="17" width="8" height="8" visible="true" fillParentWidth="false" fillParentHeight="false" nodeAlign="8" file="home/act_icon_wheel_flash_2_dark.png" packFile="" gridLeft="0" gridRight="0" gridTop="0" gridBottom="0" name="" />
        <img_flash_dark3 type="1" typeName="Image" time="91241236" x="66" y="37" width="8" height="8" visible="true" fillParentWidth="false" fillParentHeight="false" nodeAlign="8" file="home/act_icon_wheel_flash_3_dark.png" packFile="" gridLeft="0" gridRight="0" gridTop="0" gridBottom="0" name="" />
        <img_flash_dark4 type="1" typeName="Image" time="88051011" x="59" y="56" width="8" height="8" visible="true" fillParentWidth="false" fillParentHeight="false" nodeAlign="8" file="home/act_icon_wheel_flash_4_dark.png" packFile="" gridLeft="0" gridRight="0" gridTop="0" gridBottom="0" name="" />
        <img_flash_dark5 type="1" typeName="Image" time="88051494" x="40" y="64" width="8" height="8" visible="true" fillParentWidth="false" fillParentHeight="false" nodeAlign="8" file="home/act_icon_wheel_flash_1_dark.png" packFile="" gridLeft="0" gridRight="0" gridTop="0" gridBottom="0" name="" />
        <img_flash_dark6 type="1" typeName="Image" time="88051504" x="19" y="56" width="8" height="8" visible="true" fillParentWidth="false" fillParentHeight="false" nodeAlign="8" file="home/act_icon_wheel_flash_2_dark.png" packFile="" gridLeft="0" gridRight="0" gridTop="0" gridBottom="0" name="" />
        <img_flash_dark7 type="1" typeName="Image" time="88051512" x="10" y="36" width="8" height="8" visible="true" fillParentWidth="false" fillParentHeight="false" nodeAlign="8" file="home/act_icon_wheel_flash_3_dark.png" packFile="" gridLeft="0" gridRight="0" gridTop="0" gridBottom="0" name="" />
        <img_flash_dark8 type="1" typeName="Image" time="88051516" x="19" y="16" width="8" height="8" visible="true" fillParentWidth="false" fillParentHeight="false" nodeAlign="8" file="home/act_icon_wheel_flash_4_dark.png" packFile="" gridLeft="0" gridRight="0" gridTop="0" gridBottom="0" name="" />
        <img_flash_light1 type="1" typeName="Image" time="88051672" x="38" y="9" width="8" height="8" visible="false" fillParentWidth="false" fillParentHeight="false" nodeAlign="8" file="home/act_icon_wheel_flash_1_light.png" packFile="" gridLeft="0" gridRight="0" gridTop="0" gridBottom="0" name="" />
        <img_flash_light2 type="1" typeName="Image" time="88051679" x="57" y="17" width="8" height="8" visible="false" fillParentWidth="false" fillParentHeight="false" nodeAlign="8" file="home/act_icon_wheel_flash_2_light.png" packFile="" gridLeft="0" gridRight="0" gridTop="0" gridBottom="0" name="" />
        <img_flash_light3 type="1" typeName="Image" time="88051688" x="66" y="37" width="8" height="8" visible="false" fillParentWidth="false" fillParentHeight="false" nodeAlign="8" file="home/act_icon_wheel_flash_3_light.png" packFile="" gridLeft="0" gridRight="0" gridTop="0" gridBottom="0" name="" />
        <img_flash_light4 type="1" typeName="Image" time="88051693" x="59" y="56" width="8" height="8" visible="false" fillParentWidth="false" fillParentHeight="false" nodeAlign="8" file="home/act_icon_wheel_flash_4_light.png" packFile="" gridLeft="0" gridRight="0" gridTop="0" gridBottom="0" name="" />
        <img_flash_light5 type="1" typeName="Image" time="88051698" x="40" y="64" width="8" height="8" visible="false" fillParentWidth="false" fillParentHeight="false" nodeAlign="8" file="home/act_icon_wheel_flash_1_light.png" packFile="" gridLeft="0" gridRight="0" gridTop="0" gridBottom="0" name="" />
        <img_flash_light6 type="1" typeName="Image" time="88051702" x="19" y="56" width="8" height="8" visible="false" fillParentWidth="false" fillParentHeight="false" nodeAlign="8" file="home/act_icon_wheel_flash_2_light.png" packFile="" gridLeft="0" gridRight="0" gridTop="0" gridBottom="0" name="" />
        <img_flash_light7 type="1" typeName="Image" time="88051706" x="10" y="36" width="8" height="8" visible="false" fillParentWidth="false" fillParentHeight="false" nodeAlign="8" file="home/act_icon_wheel_flash_3_light.png" packFile="" gridLeft="0" gridRight="0" gridTop="0" gridBottom="0" name="" />
        <img_flash_light8 type="1" typeName="Image" time="88051711" x="19" y="16" width="8" height="8" visible="false" fillParentWidth="false" fillParentHeight="false" nodeAlign="8" file="home/act_icon_wheel_flash_4_light.png" packFile="" gridLeft="0" gridRight="0" gridTop="0" gridBottom="0" name="" />
      </btn_wheel>
      <btn_task type="2" typeName="Button" time="87467732" x="221" y="42" width="86" height="80" visible="true" fillParentWidth="false" fillParentHeight="false" nodeAlign="8" file="home/act-task-icon.png" file2="" packFile="" gridLeft="0" gridRight="0" gridTop="0" gridBottom="0" name="">
        <txt1 type="4" typeName="Text" time="87637294" x="9" y="28" width="60" height="24" visible="true" fillParentWidth="false" fillParentHeight="false" nodeAlign="8" fontName="" fontSize="24" textAlign="0" color="0x000080" string="23" name="" />
      </btn_task>
      <txt2 type="4" typeName="Text" time="87637212" x="35" y="129" width="150" height="30" visible="true" fillParentWidth="false" fillParentHeight="false" nodeAlign="8" fontName="" fontSize="20" textAlign="0" color="0xFFFFFF" string="幸运转转转" name="" />
      <txt1 type="4" typeName="Text" time="87637252" x="186" y="130" width="150" height="30" visible="true" fillParentWidth="false" fillParentHeight="false" nodeAlign="8" fontName="" fontSize="20" textAlign="0" color="0xFFFFFF" string="每日奖励" name="" />
    </img_game_list_bg>
    <img_list_bg type="1" typeName="Image" time="87467581" x="-3" y="65" width="150" height="450" visible="false" fillParentWidth="false" fillParentHeight="false" nodeAlign="2" file="home/main_btn_list_bg.png" packFile="" gridLeft="20" gridRight="20" gridTop="20" gridBottom="20" name="">
      <btn_pack type="2" typeName="Button" time="87467808" x="1" y="22" width="76" height="76" visible="true" fillParentWidth="false" fillParentHeight="false" nodeAlign="1" file="home/main_pack_btn_icon.png" file2="" packFile="" gridLeft="0" gridRight="0" gridTop="0" gridBottom="0" name="" />
      <btn_set type="2" typeName="Button" time="87467811" x="-1" y="123" width="76" height="76" visible="true" fillParentWidth="false" fillParentHeight="false" nodeAlign="1" file="home/main_setting_btn_icon.png" file2="" packFile="" gridLeft="0" gridRight="0" gridTop="0" gridBottom="0" name="" />
      <btn_feed_back type="2" typeName="Button" time="87467816" x="0" y="234" width="76" height="76" visible="true" fillParentWidth="false" fillParentHeight="false" nodeAlign="1" file="home/main_feedback_btn_icon.png" file2="" packFile="" gridLeft="0" gridRight="0" gridTop="0" gridBottom="0" name="" />
      <txt1 type="4" typeName="Text" time="87468137" x="1" y="89" width="76" height="24" visible="true" fillParentWidth="false" fillParentHeight="false" nodeAlign="1" fontName="" fontSize="20" textAlign="0" color="0xFFFFFF" string="背包" name="" />
      <txt2 type="4" typeName="Text" time="87468231" x="-2" y="192" width="76" height="24" visible="true" fillParentWidth="false" fillParentHeight="false" nodeAlign="1" fontName="" fontSize="20" textAlign="0" color="0xFFFFFF" string="设置" name="" />
      <txt3 type="4" typeName="Text" time="87468232" x="-1" y="298" width="76" height="24" visible="true" fillParentWidth="false" fillParentHeight="false" nodeAlign="1" fontName="" fontSize="20" textAlign="0" color="0xFFFFFF" string="反馈" name="" />
      <btn_guide type="2" typeName="Button" time="89776473" x="0" y="336" width="76" height="76" visible="true" fillParentWidth="false" fillParentHeight="false" nodeAlign="1" file="home/main_teacher_icon.png" file2="" packFile="" gridLeft="0" gridRight="0" gridTop="0" gridBottom="0" name="" />
      <txt4 type="4" typeName="Text" time="89776605" x="0" y="398" width="76" height="24" visible="true" fillParentWidth="false" fillParentHeight="false" nodeAlign="1" fontName="" fontSize="20" textAlign="0" color="0xFFFFFF" string="教程" name="" />
    </img_list_bg>
    <img_logo type="1" typeName="Image" time="89950934" x="-90" y="195" width="270" height="126" visible="true" fillParentWidth="false" fillParentHeight="false" nodeAlign="5" file="home/newLogin-logo.png" packFile="" gridLeft="0" gridRight="0" gridTop="0" gridBottom="0" name="" />
  </bg>
</root>