<?xml version="1.0" encoding="utf-8"?>
<root type="0" typeName="View" time="0" x="0" y="0" width="1280" height="720" visible="true" fillParentWidth="true" fillParentHeight="true" nodeAlign="8">
  <bg type="1" typeName="Image" time="87738610" x="238" y="163" width="760" height="460" visible="true" fillParentWidth="false" fillParentHeight="false" nodeAlign="8" file="common/dialog/common_pop_up_background_back.png" packFile="" gridLeft="11" gridRight="11" gridTop="11" gridBottom="11">
    <btn_close type="2" typeName="Button" time="87738857" x="726" y="-25" width="58" height="61" visible="true" fillParentWidth="false" fillParentHeight="false" nodeAlign="8" file="common/dialog/common_close_btn_up.png" file2="" packFile="" gridLeft="0" gridRight="0" gridTop="0" gridBottom="0"/>
    <mask type="1" typeName="Image" time="87807012" x="4" y="89" width="752" height="345" visible="true" fillParentWidth="false" fillParentHeight="false" nodeAlign="8" file="common/dialog/common_pop_up_background_up_dark.png" packFile="" gridLeft="0" gridRight="0" gridTop="2" gridBottom="0">
      <label1 type="4" typeName="Text" time="87808605" x="23" y="24" width="200" height="24" visible="true" fillParentWidth="false" fillParentHeight="false" nodeAlign="8" fontName="" fontSize="24" textAlign="7" color="0xFFFFFF" string="游戏里资产:"/>
      <label2 type="4" typeName="Text" time="87808684" x="522" y="24" width="200" height="24" visible="true" fillParentWidth="false" fillParentHeight="false" nodeAlign="8" fontName="" fontSize="24" textAlign="3" color="0xFFFFFF" string="银行里资产:"/>
      <asset_game type="4" typeName="Text" time="87808750" x="23" y="60" width="200" height="24" visible="true" fillParentWidth="false" fillParentHeight="false" nodeAlign="8" fontName="" fontSize="24" textAlign="7" color="0xFFFFFF" string="$23,541"/>
      <asset_bank type="4" typeName="Text" time="87808808" x="522" y="60" width="200" height="24" visible="true" fillParentWidth="false" fillParentHeight="false" nodeAlign="8" fontName="" fontSize="24" textAlign="3" color="0xFFFFFF" string="$0"/>
      <inputtext type="1" typeName="Image" time="87809462" x="0" y="-35" width="700" height="60" visible="true" fillParentWidth="false" fillParentHeight="false" nodeAlign="0" file="userbank/privatebank_password_flag_up.png" packFile="" gridLeft="9" gridRight="9" gridTop="9" gridBottom="10">
        <inputfield type="4" typeName="Text" time="87809623" x="10" y="0" width="638" height="24" visible="true" fillParentWidth="false" fillParentHeight="false" nodeAlign="7" fontName="" fontSize="24" textAlign="7" color="0xFFFFFF" string="1234"/>
        <btn_clear type="2" typeName="Button" time="87809695" x="12" y="0" width="30" height="30" visible="true" fillParentWidth="false" fillParentHeight="false" nodeAlign="3" file="userbank/new_message_delete_up.png" file2="" packFile="" gridLeft="0" gridRight="0" gridTop="0" gridBottom="0"/>
      </inputtext>
      <btn_num1 type="2" typeName="Button" time="87809773" x="27" y="197" width="80" height="56" visible="true" fillParentWidth="false" fillParentHeight="false" nodeAlign="8" file="userbank/new_private_bank_number_button.png" file2="" packFile="" gridLeft="6" gridRight="6" gridTop="6" gridBottom="10">
        <Text1 type="4" typeName="Text" time="87809799" x="0" y="0" width="0" height="24" visible="true" fillParentWidth="false" fillParentHeight="false" nodeAlign="0" fontName="" fontSize="36" textAlign="7" color="0x000000" string="1"/>
      </btn_num1>
      <btn_num2 type="2" typeName="Button" time="87810364" x="128" y="197" width="80" height="56" visible="true" fillParentWidth="false" fillParentHeight="false" nodeAlign="8" file="userbank/new_private_bank_number_button.png" file2="" packFile="" gridLeft="6" gridRight="6" gridTop="6" gridBottom="10">
        <Text1 type="4" typeName="Text" time="87810365" x="0" y="0" width="0" height="24" visible="true" fillParentWidth="false" fillParentHeight="false" nodeAlign="0" fontName="" fontSize="36" textAlign="7" color="0x000000" string="2"/>
      </btn_num2>
      <btn_num3 type="2" typeName="Button" time="87810366" x="229" y="197" width="80" height="56" visible="true" fillParentWidth="false" fillParentHeight="false" nodeAlign="8" file="userbank/new_private_bank_number_button.png" file2="" packFile="" gridLeft="6" gridRight="6" gridTop="6" gridBottom="10">
        <Text1 type="4" typeName="Text" time="87810367" x="0" y="0" width="0" height="24" visible="true" fillParentWidth="false" fillParentHeight="false" nodeAlign="0" fontName="" fontSize="36" textAlign="7" color="0x000000" string="3"/>
      </btn_num3>
      <btn_num4 type="2" typeName="Button" time="87810368" x="330" y="197" width="80" height="56" visible="true" fillParentWidth="false" fillParentHeight="false" nodeAlign="8" file="userbank/new_private_bank_number_button.png" file2="" packFile="" gridLeft="6" gridRight="6" gridTop="6" gridBottom="10">
        <Text1 type="4" typeName="Text" time="87810369" x="0" y="0" width="0" height="24" visible="true" fillParentWidth="false" fillParentHeight="false" nodeAlign="0" fontName="" fontSize="36" textAlign="7" color="0x000000" string="4"/>
      </btn_num4>
      <btn_num5 type="2" typeName="Button" time="87810370" x="431" y="197" width="80" height="56" visible="true" fillParentWidth="false" fillParentHeight="false" nodeAlign="8" file="userbank/new_private_bank_number_button.png" file2="" packFile="" gridLeft="6" gridRight="6" gridTop="6" gridBottom="10">
        <Text1 type="4" typeName="Text" time="87810371" x="0" y="0" width="0" height="24" visible="true" fillParentWidth="false" fillParentHeight="false" nodeAlign="0" fontName="" fontSize="36" textAlign="7" color="0x000000" string="5"/>
      </btn_num5>
      <btn_num6 type="2" typeName="Button" time="87810372" x="27" y="265" width="80" height="56" visible="true" fillParentWidth="false" fillParentHeight="false" nodeAlign="8" file="userbank/new_private_bank_number_button.png" file2="" packFile="" gridLeft="6" gridRight="6" gridTop="6" gridBottom="10">
        <Text1 type="4" typeName="Text" time="87810373" x="0" y="0" width="0" height="24" visible="true" fillParentWidth="false" fillParentHeight="false" nodeAlign="0" fontName="" fontSize="36" textAlign="7" color="0x000000" string="6"/>
      </btn_num6>
      <btn_num7 type="2" typeName="Button" time="87810374" x="128" y="265" width="80" height="56" visible="true" fillParentWidth="false" fillParentHeight="false" nodeAlign="8" file="userbank/new_private_bank_number_button.png" file2="" packFile="" gridLeft="6" gridRight="6" gridTop="6" gridBottom="10">
        <Text1 type="4" typeName="Text" time="87810375" x="0" y="0" width="0" height="24" visible="true" fillParentWidth="false" fillParentHeight="false" nodeAlign="0" fontName="" fontSize="36" textAlign="7" color="0x000000" string="7"/>
      </btn_num7>
      <btn_num8 type="2" typeName="Button" time="87810376" x="229" y="265" width="80" height="56" visible="true" fillParentWidth="false" fillParentHeight="false" nodeAlign="8" file="userbank/new_private_bank_number_button.png" file2="" packFile="" gridLeft="6" gridRight="6" gridTop="6" gridBottom="10">
        <Text1 type="4" typeName="Text" time="87810377" x="0" y="0" width="0" height="24" visible="true" fillParentWidth="false" fillParentHeight="false" nodeAlign="0" fontName="" fontSize="36" textAlign="7" color="0x000000" string="8"/>
      </btn_num8>
      <btn_num9 type="2" typeName="Button" time="87810378" x="330" y="265" width="80" height="56" visible="true" fillParentWidth="false" fillParentHeight="false" nodeAlign="8" file="userbank/new_private_bank_number_button.png" file2="" packFile="" gridLeft="6" gridRight="6" gridTop="6" gridBottom="10">
        <Text1 type="4" typeName="Text" time="87810379" x="0" y="0" width="0" height="24" visible="true" fillParentWidth="false" fillParentHeight="false" nodeAlign="0" fontName="" fontSize="36" textAlign="7" color="0x000000" string="9"/>
      </btn_num9>
      <btn_num0 type="2" typeName="Button" time="87810380" x="431" y="265" width="80" height="56" visible="true" fillParentWidth="false" fillParentHeight="false" nodeAlign="8" file="userbank/new_private_bank_number_button.png" file2="" packFile="" gridLeft="6" gridRight="6" gridTop="6" gridBottom="10">
        <Text1 type="4" typeName="Text" time="87810381" x="0" y="0" width="0" height="24" visible="true" fillParentWidth="false" fillParentHeight="false" nodeAlign="0" fontName="" fontSize="36" textAlign="7" color="0x000000" string="0"/>
      </btn_num0>
      <btn_backspace type="2" typeName="Button" time="87810852" x="565" y="197" width="156" height="56" visible="true" fillParentWidth="false" fillParentHeight="false" nodeAlign="8" file="common/dialog/common_grey_btn_up.png" file2="" packFile="" gridLeft="9" gridRight="9" gridTop="10" gridBottom="10">
        <Image1 type="1" typeName="Image" time="87815188" x="0" y="0" width="44" height="34" visible="true" fillParentWidth="false" fillParentHeight="false" nodeAlign="0" file="userbank/new_private_bank_clear_number_button.png" packFile="" gridLeft="0" gridRight="0" gridTop="0" gridBottom="0"/>
      </btn_backspace>
      <btn_confirm type="2" typeName="Button" time="87815096" x="565" y="265" width="156" height="56" visible="true" fillParentWidth="false" fillParentHeight="false" nodeAlign="8" file="common/dialog/common_green_btn_up.png" file2="" packFile="" gridLeft="9" gridRight="9" gridTop="10" gridBottom="10">
        <confirm type="4" typeName="Text" time="87815218" x="0" y="0" width="100" height="36" visible="true" fillParentWidth="false" fillParentHeight="false" nodeAlign="0" fontName="" fontSize="24" textAlign="0" color="0xFFFFFF" string="取出"/>
      </btn_confirm>
    </mask>
    <btn_lock type="2" typeName="Button" time="87807265" x="2" y="2" width="104" height="86" visible="true" fillParentWidth="false" fillParentHeight="false" nodeAlign="8" file="userbank/new_message_delete_button_background_up.png" file2="" packFile="" gridLeft="8" gridRight="4" gridTop="12" gridBottom="4">
      <img_lock type="1" typeName="Image" time="87808506" x="0" y="0" width="41" height="44" visible="true" fillParentWidth="false" fillParentHeight="false" nodeAlign="0" file="userbank/new_privatebank_inexistence_password_flag_up.png" packFile="" gridLeft="0" gridRight="0" gridTop="0" gridBottom="0"/>
    </btn_lock>
  </bg>
</root>
