<?xml version="1.0" encoding="utf-8"?>
<root type="0" typeName="View" time="0" x="0" y="0" width="1280" height="720" visible="true" fillParentWidth="true" fillParentHeight="true" nodeAlign="8">
  <bg type="1" typeName="Image" time="88000297" x="0" y="0" width="600" height="400" visible="true" fillParentWidth="false" fillParentHeight="false" nodeAlign="0" file="common/dialog/common_pop_up_background_back.png" packFile="" gridLeft="11" gridRight="11" gridTop="11" gridBottom="11">
    <btn_close type="2" typeName="Button" time="88000436" x="565" y="-26" width="58" height="61" visible="true" fillParentWidth="false" fillParentHeight="false" nodeAlign="8" file="common/dialog/common_close_btn_up.png" file2="" packFile="" gridLeft="0" gridRight="0" gridTop="0" gridBottom="0"/>
    <title type="4" typeName="Text" time="88000458" x="0" y="14" width="460" height="36" visible="true" fillParentWidth="false" fillParentHeight="false" nodeAlign="1" fontName="" fontSize="36" textAlign="0" color="0xFFFFFF" string="改密码"/>
    <mask type="1" typeName="Image" time="88000550" x="4" y="66" width="592" height="320" visible="true" fillParentWidth="false" fillParentHeight="false" nodeAlign="8" file="common/dialog/common_pop_up_background_up_dark.png" packFile="" gridLeft="0" gridRight="0" gridTop="2" gridBottom="0"/>
    <passwd_new type="1" typeName="Image" time="88000750" x="0" y="-68" width="400" height="52" visible="true" fillParentWidth="false" fillParentHeight="false" nodeAlign="0" file="common/dialog/common_input_bg.png" packFile="" gridLeft="4" gridRight="3" gridTop="6" gridBottom="3">
      <pass_new type="6" typeName="EditText" time="88000967" x="0" y="0" width="400" height="42" visible="true" fillParentWidth="false" fillParentHeight="false" nodeAlign="7" fontName="" fontSize="24" textAlign="7" color="0xFFFFFF" string="EditText1"/>
    </passwd_new>
    <passwd_confirm type="1" typeName="Image" time="88000882" x="0" y="20" width="400" height="52" visible="true" fillParentWidth="false" fillParentHeight="false" nodeAlign="0" file="common/dialog/common_input_bg.png" packFile="" gridLeft="4" gridRight="3" gridTop="6" gridBottom="3">
      <pass_confirm type="6" typeName="EditText" time="88001033" x="0" y="0" width="400" height="42" visible="true" fillParentWidth="false" fillParentHeight="false" nodeAlign="7" fontName="" fontSize="24" textAlign="7" color="0xFFFFFF" string="EditText1"/>
    </passwd_confirm>
    <btn_commit type="2" typeName="Button" time="88000924" x="0" y="58" width="235" height="55" visible="true" fillParentWidth="false" fillParentHeight="false" nodeAlign="5" file="common/dialog/common_blue_btn_up.png" file2="" packFile="" gridLeft="9" gridRight="9" gridTop="10" gridBottom="10">
      <Text1 type="4" typeName="Text" time="88001042" x="0" y="0" width="100" height="24" visible="true" fillParentWidth="false" fillParentHeight="false" nodeAlign="0" fontName="" fontSize="24" textAlign="0" color="0xFFFFFF" string="commit"/>
    </btn_commit>
  </bg>
</root>
