<?xml version="1.0" encoding="utf-8"?>
<root type="0" typeName="View" time="0" x="0" y="0" width="1280" height="720" visible="true" fillParentWidth="true" fillParentHeight="true" nodeAlign="8">
  <bg type="1" typeName="Image" time="87816502" x="0" y="0" width="810" height="520" visible="true" fillParentWidth="false" fillParentHeight="false" nodeAlign="0" file="common/dialog/common_pop_up_background_back.png" packFile="" gridLeft="11" gridRight="11" gridTop="11" gridBottom="11">
    <btn_save type="2" typeName="Button" time="87816648" x="0" y="23" width="255" height="56" visible="true" fillParentWidth="false" fillParentHeight="false" nodeAlign="5" file="common/dialog/common_green_btn_up.png" file2="" packFile="" gridLeft="9" gridRight="9" gridTop="10" gridBottom="10">
      <save type="4" typeName="Text" time="87816770" x="0" y="0" width="200" height="24" visible="true" fillParentWidth="false" fillParentHeight="false" nodeAlign="0" fontName="" fontSize="24" textAlign="0" color="0xFFFFFF" string="保存"/>
    </btn_save>
    <head_face type="1" typeName="Image" time="87816864" x="74" y="27" width="100" height="100" visible="true" fillParentWidth="false" fillParentHeight="false" nodeAlign="8" file="userinfo/imgface_8.jpg" packFile="" gridLeft="0" gridRight="0" gridTop="0" gridBottom="0">
      <head_frame type="1" typeName="Image" time="87816921" x="0" y="0" width="100" height="100" visible="true" fillParentWidth="false" fillParentHeight="false" nodeAlign="0" file="userinfo/user_info_photo_frame_female.png" packFile="" gridLeft="9" gridRight="9" gridTop="9" gridBottom="9"/>
      <icon_female type="1" typeName="Image" time="87817000" x="7" y="7" width="24" height="37" visible="true" fillParentWidth="false" fillParentHeight="false" nodeAlign="6" file="userinfo/user_info_gender_label_female.png" packFile="" gridLeft="0" gridRight="0" gridTop="0" gridBottom="0"/>
      <icon_male type="1" typeName="Image" time="87971951" x="7" y="7" width="35" height="35" visible="true" fillParentWidth="false" fillParentHeight="false" nodeAlign="6" file="userinfo/user_info_gender_label_male.png" packFile="" gridLeft="0" gridRight="0" gridTop="0" gridBottom="0"/>
    </head_face>
    <nick type="1" typeName="Image" time="87818622" x="20" y="152" width="240" height="46" visible="true" fillParentWidth="false" fillParentHeight="false" nodeAlign="8" file="common/dialog/common_pop_up_background_up_dark.png" packFile="" gridLeft="0" gridRight="0" gridTop="2" gridBottom="0">
      <nickname type="6" typeName="EditText" time="87817075" x="0" y="0" width="200" height="24" visible="true" fillParentWidth="false" fillParentHeight="false" nodeAlign="7" fontName="" fontSize="24" textAlign="7" color="0xFFFFFF" string="nickname"/>
      <icon type="1" typeName="Image" time="87818684" x="7" y="0" width="30" height="29" visible="true" fillParentWidth="false" fillParentHeight="false" nodeAlign="3" file="userinfo/icon_edit.png" packFile="" gridLeft="0" gridRight="0" gridTop="0" gridBottom="0"/>
    </nick>
    <sex type="0" typeName="View" time="87965113" x="28" y="227" width="200" height="110" visible="true" fillParentWidth="false" fillParentHeight="false" nodeAlign="8">
      <sex_group type="0" typeName="RadioButtonGroup" time="87819198" x="0" y="0" width="200" height="111" visible="true" fillParentWidth="false" fillParentHeight="false" nodeAlign="8">
        <radio_male type="0" typeName="RadioButton" time="87819200" x="0" y="0" width="38" height="38" visible="true" fillParentWidth="false" fillParentHeight="false" nodeAlign="8" file="userinfo/slot_check_up.png" file2="userinfo/slot_check_selected.png" packFile="" gridLeft="0" gridRight="0" gridTop="0" gridBottom="0"/>
        <radio_female type="0" typeName="RadioButton" time="87819206" x="0" y="54" width="38" height="38" visible="true" fillParentWidth="false" fillParentHeight="false" nodeAlign="8" file="userinfo/slot_check_up.png" file2="userinfo/slot_check_selected.png" packFile="" gridLeft="0" gridRight="0" gridTop="0" gridBottom="0"/>
      </sex_group>
      <label_male type="4" typeName="Text" time="87965161" x="60" y="2" width="200" height="32" visible="true" fillParentWidth="false" fillParentHeight="false" nodeAlign="8" fontName="" fontSize="28" textAlign="7" color="0xFFFFFF" string="男性"/>
      <label_female type="4" typeName="Text" time="87965206" x="60" y="56" width="200" height="32" visible="true" fillParentWidth="false" fillParentHeight="false" nodeAlign="8" fontName="" fontSize="28" textAlign="7" color="0xFFFFFF" string="女性"/>
    </sex>
    <email type="4" typeName="Text" time="87965440" x="37" y="341" width="200" height="24" visible="true" fillParentWidth="false" fillParentHeight="false" nodeAlign="8" fontName="" fontSize="24" textAlign="0" color="0xFFFFFF" string="email"/>
    <btn_change_passwd type="2" typeName="Button" time="87965535" x="38" y="372" width="197" height="58" visible="true" fillParentWidth="false" fillParentHeight="false" nodeAlign="8" file="userinfo/user_info_add_friend_btn_up.png" file2="" packFile="" gridLeft="27" gridRight="28" gridTop="27" gridBottom="28">
      <change_passwd type="4" typeName="Text" time="87965916" x="0" y="0" width="200" height="32" visible="true" fillParentWidth="false" fillParentHeight="false" nodeAlign="0" fontName="" fontSize="24" textAlign="0" color="0xFFFFFF" string="更改密码"/>
    </btn_change_passwd>
    <mask type="1" typeName="Image" time="87966332" x="282" y="20" width="515" height="397" visible="true" fillParentWidth="false" fillParentHeight="false" nodeAlign="8" file="common/dialog/common_pop_up_background_up.png" packFile="" gridLeft="10" gridRight="9" gridTop="10" gridBottom="9"/>
    <btn_close type="2" typeName="Button" time="87816546" x="777" y="-26" width="58" height="61" visible="true" fillParentWidth="false" fillParentHeight="false" nodeAlign="8" file="common/dialog/common_close_btn_up.png" file2="" packFile="" gridLeft="0" gridRight="0" gridTop="0" gridBottom="0"/>
  </bg>
</root>
