<?xml version="1.0" encoding="utf-8"?>
<root type="0" typeName="View" time="0" x="0" y="0" width="1280" height="720" visible="true" fillParentWidth="true" fillParentHeight="true" nodeAlign="8">
  <bg type="1" typeName="Image" time="87721935" x="221" y="30" width="856" height="544" visible="true" fillParentWidth="false" fillParentHeight="false" nodeAlign="8" file="userinfo/main_user_details_bg.png" packFile="" gridLeft="68" gridRight="15" gridTop="16" gridBottom="32">
    <head_container type="0" typeName="View" time="92477763" x="10" y="16" width="100" height="100" visible="true" fillParentWidth="false" fillParentHeight="false" nodeAlign="8"/>
    <mask type="1" typeName="Image" time="87722349" x="10" y="138" width="838" height="376" visible="true" fillParentWidth="false" fillParentHeight="false" nodeAlign="8" file="common/dialog/common_pop_up_background_up_dark.png" packFile="" gridLeft="0" gridRight="0" gridTop="2" gridBottom="0">
      <scroll_view type="0" typeName="ScrollView" time="87734247" x="0" y="0" width="825" height="376" visible="true" fillParentWidth="true" fillParentHeight="true" nodeAlign="8">
        <line1 type="0" typeName="View" time="87734298" x="0" y="0" width="838" height="36" visible="true" fillParentWidth="false" fillParentHeight="false" nodeAlign="8">
          <txt_max_chip_title type="4" typeName="Text" time="87734377" x="5" y="0" width="451" height="36" visible="true" fillParentWidth="false" fillParentHeight="false" nodeAlign="8" fontName="" fontSize="24" textAlign="7" color="0xC8B19C" string="历史最高资产"/>
          <txt_max_chip type="4" typeName="Text" time="87734421" x="22" y="0" width="360" height="36" visible="true" fillParentWidth="false" fillParentHeight="false" nodeAlign="3" fontName="" fontSize="24" textAlign="3" color="0xC8B19C" string="14490"/>
        </line1>
        <line2 type="0" typeName="View" time="87734646" x="0" y="36" width="838" height="36" visible="true" fillParentWidth="false" fillParentHeight="false" nodeAlign="8">
          <txt_max_win_title type="4" typeName="Text" time="87734647" x="5" y="0" width="451" height="36" visible="true" fillParentWidth="false" fillParentHeight="false" nodeAlign="8" fontName="" fontSize="24" textAlign="7" color="0xC8B19C" string="赢得最大奖池"/>
          <txt_max_win type="4" typeName="Text" time="87734648" x="22" y="0" width="360" height="36" visible="true" fillParentWidth="false" fillParentHeight="false" nodeAlign="3" fontName="" fontSize="24" textAlign="3" color="0xC8B19C" string="90"/>
        </line2>
        <line3 type="0" typeName="View" time="87734653" x="0" y="72" width="838" height="36" visible="true" fillParentWidth="false" fillParentHeight="false" nodeAlign="8">
          <txt_win_rate_title type="4" typeName="Text" time="87734654" x="5" y="0" width="451" height="36" visible="true" fillParentWidth="false" fillParentHeight="false" nodeAlign="8" fontName="" fontSize="24" textAlign="7" color="0xC8B19C" string="生涯胜率"/>
          <txt_win_rate type="4" typeName="Text" time="87734655" x="22" y="0" width="360" height="36" visible="true" fillParentWidth="false" fillParentHeight="false" nodeAlign="3" fontName="" fontSize="24" textAlign="3" color="0xC8B19C" string="50.0%"/>
        </line3>
        <line4 type="0" typeName="View" time="87963422" x="0" y="108" width="838" height="76" visible="true" fillParentWidth="false" fillParentHeight="false" nodeAlign="8">
          <txt_best_card_title type="4" typeName="Text" time="87963468" x="5" y="0" width="451" height="36" visible="true" fillParentWidth="false" fillParentHeight="false" nodeAlign="8" fontName="" fontSize="24" textAlign="7" color="0xC8B19C" string="最佳手牌"/>
          <best_card_container type="0" typeName="View" time="92482502" x="555" y="6" width="267" height="64" visible="true" fillParentWidth="false" fillParentHeight="false" nodeAlign="8"/>
        </line4>
        <line5 type="0" typeName="View" time="87963567" x="0" y="184" width="838" height="170" visible="true" fillParentWidth="false" fillParentHeight="false" nodeAlign="8">
          <txt_newest_groly_title type="4" typeName="Text" time="87963568" x="5" y="0" width="451" height="60" visible="true" fillParentWidth="false" fillParentHeight="false" nodeAlign="8" fontName="" fontSize="24" textAlign="7" color="0xC8B19C" string="最近获得的成就"/>
          <btn_more_glory type="2" typeName="Button" time="87963616" x="16" y="0" width="123" height="60" visible="true" fillParentWidth="false" fillParentHeight="false" nodeAlign="2" file="common/dialog/common_orange_btn_up.png" file2="" packFile="" gridLeft="9" gridRight="10" gridTop="9" gridBottom="10">
            <txt_more_glory type="4" typeName="Text" time="87964636" x="0" y="0" width="118" height="20" visible="true" fillParentWidth="false" fillParentHeight="false" nodeAlign="0" fontName="" fontSize="20" textAlign="0" color="0x000000" string="查看更多"/>
          </btn_more_glory>
          <glory_container type="0" typeName="View" time="92566586" x="5" y="63" width="833" height="107" visible="true" fillParentWidth="false" fillParentHeight="false" nodeAlign="8"/>
        </line5>
      </scroll_view>
    </mask>
    <txt_name type="4" typeName="Text" time="87723919" x="120" y="8" width="500" height="28" visible="true" fillParentWidth="false" fillParentHeight="false" nodeAlign="8" fontName="" fontSize="28" textAlign="7" color="0xFFFFFF" string=""/>
    <txt_uid type="4" typeName="Text" time="92481374" x="612" y="12" width="200" height="24" visible="true" fillParentWidth="false" fillParentHeight="false" nodeAlign="8" fontName="" fontSize="24" textAlign="3" color="0xFEF7DD" string=""/>
    <txt_chip type="4" typeName="Text" time="87723978" x="154" y="52" width="320" height="28" visible="true" fillParentWidth="false" fillParentHeight="false" nodeAlign="8" fontName="" fontSize="28" textAlign="7" color="0xF5F5F5" string=""/>
    <txt_level type="4" typeName="Text" time="92484023" x="157" y="106" width="320" height="16" visible="true" fillParentWidth="false" fillParentHeight="false" nodeAlign="8" fontName="" fontSize="16" textAlign="7" color="0xFFFAF5" string=""/>
    <txt_progress type="4" typeName="Text" time="87725068" x="608" y="106" width="200" height="16" visible="true" fillParentWidth="false" fillParentHeight="false" nodeAlign="8" fontName="" fontSize="16" textAlign="3" color="0xE7D9A6" string=""/>
    <txt_money type="4" typeName="Text" time="92479166" x="525" y="52" width="280" height="28" visible="true" fillParentWidth="false" fillParentHeight="false" nodeAlign="8" fontName="" fontSize="28" textAlign="7" color="0xF5F5F5" string="0"/>
    <img_vip type="1" typeName="Image" time="92481510" x="11" y="18" width="40" height="24" visible="true" fillParentWidth="false" fillParentHeight="false" nodeAlign="8" file="store/vip_icon_1.png" packFile="" gridLeft="0" gridRight="0" gridTop="0" gridBottom="0"/>
    <img_chip type="1" typeName="Image" time="87723944" x="119" y="54" width="26" height="26" visible="true" fillParentWidth="false" fillParentHeight="false" nodeAlign="8" file="userinfo/user_info_chip_icon.png" packFile="" gridLeft="0" gridRight="0" gridTop="0" gridBottom="0"/>
    <img_money type="1" typeName="Image" time="92479223" x="492" y="53" width="26" height="26" visible="true" fillParentWidth="false" fillParentHeight="false" nodeAlign="8" file="userinfo/icon_coalaa.png" packFile="" gridLeft="0" gridRight="0" gridTop="0" gridBottom="0"/>
    <img_level type="1" typeName="Image" time="87724618" x="118" y="91" width="29" height="34" visible="true" fillParentWidth="false" fillParentHeight="false" nodeAlign="8" file="userinfo/icon_level.png" packFile="" gridLeft="0" gridRight="0" gridTop="0" gridBottom="0"/>
    <btn_rule type="2" typeName="Button" time="87724977" x="814" y="81" width="34" height="37" visible="true" fillParentWidth="false" fillParentHeight="false" nodeAlign="8" file="userinfo/room_flag_btn_up.png" file2="" packFile="" gridLeft="0" gridRight="0" gridTop="0" gridBottom="0"/>
    <btn_bank type="2" typeName="Button" time="87730077" x="814" y="8" width="35" height="39" visible="true" fillParentWidth="false" fillParentHeight="false" nodeAlign="8" file="userinfo/private_bank_up.png" file2="" packFile="" gridLeft="0" gridRight="0" gridTop="0" gridBottom="0"/>
    <progress_container type="0" typeName="View" time="92509039" x="157" y="92" width="649" height="10" visible="true" fillParentWidth="false" fillParentHeight="false" nodeAlign="8"/>
  </bg>
</root>
