﻿<?xml version="1.0" encoding="utf-8"?>
<AnimationDefine>
  <Resources>
    <Image Id="1" Name="loading-skin" X="0" Y="0" Width="0" Height="0" XYScale="false" Visible="true" Time="0" Path="common/loading-skin.png" PackFile="">
      <Children />
    </Image>
  </Resources>
  <Animations>
    <Rotate ResourceId="1" StartTime="0" AnimType="Repeat" Duration="1000" StartValue="0" StopValue="360" Period="0.3" EaseType="Nil" CenterX="0" CenterY="0" CenterType="NodeCenter" />
  </Animations>
</AnimationDefine>