﻿<?xml version="1.0" encoding="utf-8"?>
<AnimationDefine>
  <Resources>
    <Image Id="1" Name="small-win-seat-frame" X="0" Y="0" Width="0" Height="0" XYScale="false" Visible="true" Time="0" Path="room/win/small-win-seat-frame.png" PackFile="">
      <Children>
        <Image Id="2" Name="small-win-label" X="0" Y="23" Width="0" Height="0" XYScale="true" Visible="true" Time="0" Path="room/win/small-win-label.png" PackFile="">
          <Children />
        </Image>
      </Children>
    </Image>
    <Image Id="3" Name="small-win-spark-star" X="4" Y="140" Width="0" Height="0" XYScale="false" Visible="true" Time="0" Path="room/win/small-win-spark-star.png" PackFile="">
      <Children />
    </Image>
    <Image Id="6" Name="small-win-spark-star" X="76" Y="176" Width="0" Height="0" XYScale="false" Visible="true" Time="0" Path="room/win/small-win-spark-star.png" PackFile="">
      <Children />
    </Image>
    <Image Id="7" Name="small-win-spark-star" X="120" Y="48" Width="0" Height="0" XYScale="false" Visible="true" Time="0" Path="room/win/small-win-spark-star.png" PackFile="">
      <Children />
    </Image>
  </Resources>
  <Animations>
    <Translate ResourceId="2" StartTime="0" AnimType="Normal" Duration="1500" StartValue="0" StopValue="0" StartValueX="0" StopValueX="0" StartValueY="0" StopValueY="-45" Period="0.3" EaseType="Nil" />
    <Scale ResourceId="2" StartTime="0" AnimType="Normal" Duration="1500" StartValue="0" StopValue="0" StartValueX="0.5" StopValueX="1" StartValueY="0.5" StopValueY="1" CenterX="0" CenterY="0" CenterType="NodeCenter" />
    <Alpha ResourceId="2" StartTime="0" AnimType="Normal" Duration="1500" StartValue="1" StopValue="0.6" Period="0.3" EaseType="Nil" />
    <Rotate ResourceId="3" StartTime="0" AnimType="Normal" Duration="1500" StartValue="0" StopValue="90" Period="0.3" EaseType="Nil" CenterX="0" CenterY="0" CenterType="NodeCenter" />
    <Rotate ResourceId="6" StartTime="0" AnimType="Normal" Duration="1500" StartValue="0" StopValue="90" Period="0.3" EaseType="Nil" CenterX="0" CenterY="0" CenterType="NodeCenter" />
    <Rotate ResourceId="7" StartTime="0" AnimType="Normal" Duration="1500" StartValue="0" StopValue="90" Period="0.3" EaseType="Nil" CenterX="0" CenterY="0" CenterType="NodeCenter" />
  </Animations>
</AnimationDefine>