﻿<?xml version="1.0" encoding="utf-8"?>
<AnimationDefine>
  <Resources>
    <Node Id="1" Name="room" X="450" Y="100" Width="0" Height="0" XYScale="false" Visible="true" Time="0">
      <Children>
        <Image Id="2" Name="large-win-label" X="0" Y="0" Width="0" Height="0" XYScale="true" Visible="true" Time="0" Path="room/win/large-win-label.png" PackFile="">
          <Children />
        </Image>
        <Image Id="3" Name="small-win-spark-star" X="40" Y="20" Width="0" Height="0" XYScale="true" Visible="true" Time="0" Path="room/win/small-win-spark-star.png" PackFile="">
          <Children />
        </Image>
        <Image Id="5" Name="small-win-spark-star" X="100" Y="80" Width="0" Height="0" XYScale="true" Visible="true" Time="0" Path="room/win/small-win-spark-star.png" PackFile="">
          <Children />
        </Image>
        <Image Id="6" Name="small-win-spark-star" X="360" Y="20" Width="0" Height="0" XYScale="true" Visible="true" Time="0" Path="room/win/small-win-spark-star.png" PackFile="">
          <Children />
        </Image>
      </Children>
    </Node>
  </Resources>
  <Animations>
    <Translate ResourceId="2" StartTime="0" AnimType="Normal" Duration="1000" StartValue="0" StopValue="0" StartValueX="0" StopValueX="0" StartValueY="0" StopValueY="100" Period="0.3" EaseType="ElasticOut" />
    <Translate ResourceId="3" StartTime="0" AnimType="Normal" Duration="1000" StartValue="0" StopValue="0" StartValueX="0" StopValueX="0" StartValueY="0" StopValueY="100" Period="0.3" EaseType="ElasticOut" />
    <Translate ResourceId="5" StartTime="0" AnimType="Normal" Duration="1000" StartValue="0" StopValue="0" StartValueX="0" StopValueX="0" StartValueY="0" StopValueY="100" Period="0.3" EaseType="ElasticOut" />
    <Translate ResourceId="6" StartTime="0" AnimType="Normal" Duration="1000" StartValue="0" StopValue="0" StartValueX="0" StopValueX="0" StartValueY="0" StopValueY="100" Period="0.3" EaseType="ElasticOut" />
  </Animations>
</AnimationDefine>