﻿<?xml version="1.0" encoding="utf-8"?>
<AnimationDefine>
  <Resources>
    <Node Id="1" Name="Node_436" X="-10" Y="0" Width="0" Height="0" XYScale="false" Visible="true" Time="0">
      <Children>
        <Image Id="2" Name="line1" X="0" Y="2" Width="0" Height="0" XYScale="true" Visible="true" Time="0" Path="room/rank/line.png" PackFile="">
          <Children />
        </Image>
        <Image Id="3" Name="line2" X="0" Y="38" Width="0" Height="0" XYScale="true" Visible="true" Time="0" Path="room/rank/line.png" PackFile="">
          <Children />
        </Image>
      </Children>
    </Node>
  </Resources>
  <Animations>
    <Translate ResourceId="2" StartTime="0" AnimType="Repeat" Duration="1500" StartValue="0" StopValue="0" StartValueX="0" StopValueX="74" StartValueY="0" StopValueY="0" Period="0.3" EaseType="SinOut" />
    <Alpha ResourceId="2" StartTime="0" AnimType="Loop" Duration="750" StartValue="0" StopValue="1" Period="0.3" EaseType="Nil" />
    <Translate ResourceId="3" StartTime="0" AnimType="Repeat" Duration="1500" StartValue="0" StopValue="0" StartValueX="74" StopValueX="0" StartValueY="0" StopValueY="0" Period="0.3" EaseType="SinOut" />
    <Alpha ResourceId="3" StartTime="0" AnimType="Loop" Duration="750" StartValue="0" StopValue="1" Period="0.3" EaseType="Nil" />
  </Animations>
</AnimationDefine>