<?xml version="1.0" encoding="utf-8"?>
<root type="0" typeName="View" time="0" x="0" y="0" width="1280" height="720" visible="true" fillParentWidth="true" fillParentHeight="true" nodeAlign="8" name="">
  <bg type="1" typeName="Image" time="87460683" x="0" y="0" width="1280" height="720" visible="true" fillParentWidth="true" fillParentHeight="true" nodeAlign="8" file="common/public_background.jpg" packFile="" gridLeft="0" gridRight="0" gridTop="0" gridBottom="0" name="">
    <btnLoginOther type="2" typeName="Button" time="87460947" x="824" y="182" width="355" height="104" visible="true" fillParentWidth="false" fillParentHeight="false" nodeAlign="8" file="login/newLogin_fb_btn.png" file2="" packFile="" gridLeft="0" gridRight="0" gridTop="0" gridBottom="0" name="">
      <txtLoginOther type="4" typeName="Text" time="87462545" x="94" y="36" width="240" height="32" visible="true" fillParentWidth="false" fillParentHeight="false" nodeAlign="8" fontName="" fontSize="32" textAlign="7" color="0xFFFFFF" string="Facebook登陆" name="" />
    </btnLoginOther>
    <btnLoginEmail type="2" typeName="Button" time="87462900" x="826" y="310" width="355" height="104" visible="true" fillParentWidth="false" fillParentHeight="false" nodeAlign="8" file="login/newLogin_normal_btn.png" file2="" packFile="" gridLeft="0" gridRight="0" gridTop="0" gridBottom="0" name="">
      <iconLoginEmail type="1" typeName="Image" time="87463035" x="19" y="20" width="64" height="64" visible="true" fillParentWidth="false" fillParentHeight="false" nodeAlign="8" file="login/newLogin_email_icon.png" packFile="" gridLeft="0" gridRight="0" gridTop="0" gridBottom="0" name="" />
      <txtLoginEmail type="4" typeName="Text" time="87462901" x="88" y="36" width="240" height="32" visible="true" fillParentWidth="false" fillParentHeight="false" nodeAlign="8" fontName="" fontSize="32" textAlign="7" color="0xFFFFFF" string="邮箱登陆" name="" />
    </btnLoginEmail>
    <btnLoginGuest type="2" typeName="Button" time="87462902" x="827" y="438" width="355" height="104" visible="true" fillParentWidth="false" fillParentHeight="false" nodeAlign="8" file="login/newLogin_normal_btn.png" file2="" packFile="" gridLeft="0" gridRight="0" gridTop="0" gridBottom="0" name="">
      <iconLoginGuest type="1" typeName="Image" time="87463075" x="22" y="18" width="64" height="64" visible="true" fillParentWidth="false" fillParentHeight="false" nodeAlign="8" file="login/newLogin_guest_icon.png" packFile="" gridLeft="0" gridRight="0" gridTop="0" gridBottom="0" name="" />
      <txtLoginGuest type="4" typeName="Text" time="87462903" x="87" y="25" width="240" height="32" visible="true" fillParentWidth="false" fillParentHeight="false" nodeAlign="8" fontName="" fontSize="32" textAlign="7" color="0xFFFFFF" string="游客登录" name="" />
      <txtLoginGuestName type="4" typeName="Text" time="87463215" x="89" y="60" width="240" height="30" visible="true" fillParentWidth="false" fillParentHeight="false" nodeAlign="8" fontName="" fontSize="20" textAlign="7" color="0xFFFFFF" string="KimWang" name="" />
    </btnLoginGuest>
    <loginDeskBg type="1" typeName="Image" time="87981096" x="0" y="0" width="1280" height="150" visible="true" fillParentWidth="false" fillParentHeight="false" nodeAlign="5" file="login/newLogin_desk_background.png" packFile="" gridLeft="0" gridRight="0" gridTop="0" gridBottom="0" name="" />
    <txtCopyRight1 type="4" typeName="Text" time="87981816" x="0" y="33" width="720" height="40" visible="true" fillParentWidth="false" fillParentHeight="false" nodeAlign="5" fontName="" fontSize="20" textAlign="0" color="0xFFFFFF" string="深圳东方博雅技术股份有限公司|我爱德州工作组" name="" />
    <txtCopyRight2 type="4" typeName="Text" time="87981821" x="0" y="5" width="720" height="40" visible="true" fillParentWidth="false" fillParentHeight="false" nodeAlign="5" fontName="Arial" fontSize="18" textAlign="0" color="0xFFFFFF" string="Boyaa Interactive Copyright 2015|ipoker Workgroup" name="" />
    <btnHelp type="2" typeName="Button" time="88138978" x="1187" y="630" width="55" height="55" visible="true" fillParentWidth="false" fillParentHeight="false" nodeAlign="8" file="common/HelpBtn.png" file2="" packFile="" gridLeft="0" gridRight="0" gridTop="0" gridBottom="0" name="" />
    <card_flash_container type="0" typeName="View" time="90648482" x="500" y="222" width="70" height="75" visible="true" fillParentWidth="false" fillParentHeight="false" nodeAlign="8" name="" />
  </bg>
  <logo type="1" typeName="Image" time="87464048" x="887" y="38" width="270" height="126" visible="true" fillParentWidth="false" fillParentHeight="false" nodeAlign="8" file="login/newLogin_logo.png" packFile="" gridLeft="0" gridRight="0" gridTop="0" gridBottom="0" name="" />
  <txtTime type="4" typeName="Text" time="87464442" x="46" y="28" width="100" height="60" visible="true" fillParentWidth="false" fillParentHeight="false" nodeAlign="8" fontName="" fontSize="30" textAlign="7" color="0xFFFFFF" string="14:48" name="" />
</root>